{
    "inputMessageMetadata": {
        "messagePayload": {
            "connectorName": "Web_Service_Consumer",
            "typeId": "SearchMember_v3_SubscriberIdResponse"
        },
        "sessionVariables": {
            "DOB": {
                "connectorName": "#_custom_mule_metadata_type_#",
                "typeId": "date"
            },
            "SBSB_ID": {
                "connectorName": "#_custom_mule_metadata_type_#",
                "typeId": "String"
            }
        }
    },
    "outputMessageMetadata": {
        "messagePayload": {
            "connectorName": "#_custom_mule_metadata_type_#",
            "typeId": "ListClaimInfo_Response"
        }
    },
    "id": "0fa1c321-c069-42f6-845e-8b10fb1e29f1",
    "version": "5.2.0.0"
}