{
    "inputMessageMetadata": {
        "sessionVariables": {
            "EXTU_ID": {
                "connectorName": "#_custom_mule_metadata_type_#",
                "typeId": "String"
            },
            "Region": {
                "connectorName": "#_custom_mule_metadata_type_#",
                "typeId": "String"
            },
            "MEME_CK": {
                "connectorName": "#_custom_mule_metadata_type_#",
                "typeId": "String"
            },
            "Service_Dt": {
                "connectorName": "#_custom_mule_metadata_type_#",
                "typeId": "date"
            }
        }
    },
    "outputMessageMetadata": {
        "messagePayload": {
            "connectorName": "Web_Service_Consumer_ListClaim_v10",
            "typeId": "ListClaim_v10_MemberKey"
        }
    },
    "id": "318e0b5e-df51-4e9a-9fcf-0e20281e9c55",
    "version": "5.2.0.0"
}