{
    "inputMessageMetadata": {
        "messagePayload": {
            "connectorName": "Web_Service_Consumer",
            "typeId": "ListClaim_v10_MemberKeyResponse"
        },
        "flowVariables": {
            "CDML_ALLOW": {
                "connectorName": "#_custom_mule_metadata_type_#",
                "typeId": "String"
            },
            "SrchMEME_RESP": {
                "connectorName": "#_custom_mule_metadata_type_#",
                "typeId": "String"
            }
        }
    },
    "outputMessageMetadata": {
        "messagePayload": {
            "connectorName": "#_custom_mule_metadata_type_#",
            "typeId": "ListClaimStatus_Response"
        }
    },
    "id": "4e132820-2326-4625-ac74-1e07499750d7",
    "version": "5.2.0.0"
}