{
    "inputMessageMetadata": {
        "messagePayload": {
            "connectorName": "#_custom_mule_metadata_type_#",
            "typeId": "String"
        },
        "sessionVariables": {
            "AppReturn_Code": {
                "connectorName": "#_custom_mule_metadata_type_#",
                "typeId": "String"
            },
            "SBSB_ID": {
                "connectorName": "#_custom_mule_metadata_type_#",
                "typeId": "String"
            },
            "App_Response": {
                "connectorName": "#_custom_mule_metadata_type_#",
                "typeId": "String"
            }
        }
    },
    "outputMessageMetadata": {
        "messagePayload": {
            "connectorName": "#_custom_mule_metadata_type_#",
            "typeId": "ListClaimInfo_Response"
        }
    },
    "id": "6c77d32a-e779-49d7-b22f-4f44a3f58ad5",
    "version": "5.2.0.0"
}