{
    "inputMessageMetadata": {
        "sessionVariables": {
            "EXTU_ID": {
                "connectorName": "#_custom_mule_metadata_type_#",
                "typeId": "String"
            },
            "Region": {
                "connectorName": "#_custom_mule_metadata_type_#",
                "typeId": "String"
            },
            "MEME_CK": {
                "connectorName": "#_custom_mule_metadata_type_#",
                "typeId": "String"
            },
            "Service_Dt": {
                "connectorName": "#_custom_mule_metadata_type_#",
                "typeId": "String"
            }
        }
    },
    "outputMessageMetadata": {
        "messagePayload": {
            "connectorName": "Web_Service_Consumer",
            "typeId": "SearchMember_v3_SubscriberId"
        }
    },
    "id": "e31f7710-a84e-478b-beec-bc1a6d108ee4",
    "version": "5.2.0.0"
}