<metadata__cache__entry>
  <version>5.2.0.0</version>
  <connectorName>Web_Service_Consumer1</connectorName>
  <metadataIo class="tree-map">
    <entry>
      <string>ListClaim_v10_MemberKey</string>
      <map>
        <entry>
          <string>__default__</string>
          <org.mule.tooling.metadata.cache.DefaultMetadataCacheEntry>
            <input class="org.mule.common.metadata.DefaultMetaData">
              <payload class="org.mule.tooling.metadata.api.TypeRefMetaDataModel">
                <connectorName>Web_Service_Consumer1</connectorName>
                <typeId>ListClaim_v10_MemberKey</typeId>
                <category>DEFAULT</category>
              </payload>
              <properties>
                <entry>
                  <org.mule.common.metadata.MetaDataPropertyScope>RECORD</org.mule.common.metadata.MetaDataPropertyScope>
                  <org.mule.common.metadata.MetaDataProperties>
                    <fields/>
                  </org.mule.common.metadata.MetaDataProperties>
                </entry>
                <entry>
                  <org.mule.common.metadata.MetaDataPropertyScope>SESSION</org.mule.common.metadata.MetaDataPropertyScope>
                  <org.mule.common.metadata.MetaDataProperties>
                    <fields/>
                  </org.mule.common.metadata.MetaDataProperties>
                </entry>
                <entry>
                  <org.mule.common.metadata.MetaDataPropertyScope>FLOW</org.mule.common.metadata.MetaDataPropertyScope>
                  <org.mule.common.metadata.MetaDataProperties>
                    <fields/>
                  </org.mule.common.metadata.MetaDataProperties>
                </entry>
                <entry>
                  <org.mule.common.metadata.MetaDataPropertyScope>INBOUND</org.mule.common.metadata.MetaDataPropertyScope>
                  <org.mule.common.metadata.MetaDataProperties>
                    <fields/>
                  </org.mule.common.metadata.MetaDataProperties>
                </entry>
                <entry>
                  <org.mule.common.metadata.MetaDataPropertyScope>OUTBOUND</org.mule.common.metadata.MetaDataPropertyScope>
                  <org.mule.common.metadata.MetaDataProperties>
                    <fields>
                      <org.mule.common.metadata.DefaultMetaDataField>
                        <name>soap.FxiIslHeader</name>
                        <model class="org.mule.common.metadata.DefaultXmlMetaDataModel">
                          <dataType>XML</dataType>
                          <metaDataModelPropertiesManager>
                            <properties>
                              <org.mule.common.metadata.property.xml.SchemaTypeMetaDataProperty>
                                <typeQName>
                                  <namespaceURI>http://trizetto.com/fxi/isl</namespaceURI>
                                  <localPart>FxiIslHeader</localPart>
                                  <prefix></prefix>
                                </typeQName>
                              </org.mule.common.metadata.property.xml.SchemaTypeMetaDataProperty>
                            </properties>
                          </metaDataModelPropertiesManager>
                          <fields>
                            <org.mule.common.metadata.DefaultMetaDataField>
                              <name>ns0:Partner</name>
                              <model class="org.mule.common.metadata.DefaultXmlMetaDataModel">
                                <dataType>XML</dataType>
                                <metaDataModelPropertiesManager>
                                  <properties>
                                    <org.mule.common.metadata.property.xml.SchemaTypeMetaDataProperty>
                                      <typeQName>
                                        <namespaceURI>http://trizetto.com/fxi/isl</namespaceURI>
                                        <localPart>PartnerType</localPart>
                                        <prefix></prefix>
                                      </typeQName>
                                    </org.mule.common.metadata.property.xml.SchemaTypeMetaDataProperty>
                                  </properties>
                                </metaDataModelPropertiesManager>
                                <fields>
                                  <org.mule.common.metadata.DefaultMetaDataField>
                                    <name>ns0:PartnerName</name>
                                    <model class="org.mule.common.metadata.DefaultSimpleMetaDataModel">
                                      <dataType>STRING</dataType>
                                      <metaDataModelPropertiesManager>
                                        <properties>
                                          <org.mule.common.metadata.property.xml.SchemaTypeMetaDataProperty>
                                            <typeQName>
                                              <namespaceURI>http://trizetto.com/fxi/isl</namespaceURI>
                                              <localPart>PartnerNameType</localPart>
                                              <prefix></prefix>
                                            </typeQName>
                                          </org.mule.common.metadata.property.xml.SchemaTypeMetaDataProperty>
                                        </properties>
                                      </metaDataModelPropertiesManager>
                                    </model>
                                    <accessType>READ_WRITE</accessType>
                                    <metaDataFieldPropertyManager>
                                      <properties>
                                        <org.mule.common.metadata.property.QNameMetaDataProperty>
                                          <name>
                                            <namespaceURI>http://trizetto.com/fxi/isl</namespaceURI>
                                            <localPart>PartnerName</localPart>
                                            <prefix>ns0</prefix>
                                          </name>
                                        </org.mule.common.metadata.property.QNameMetaDataProperty>
                                      </properties>
                                    </metaDataFieldPropertyManager>
                                  </org.mule.common.metadata.DefaultMetaDataField>
                                  <org.mule.common.metadata.DefaultMetaDataField>
                                    <name>ns0:PartnerId</name>
                                    <model class="org.mule.common.metadata.DefaultSimpleMetaDataModel">
                                      <dataType>STRING</dataType>
                                      <metaDataModelPropertiesManager>
                                        <properties>
                                          <org.mule.common.metadata.property.xml.SchemaTypeMetaDataProperty>
                                            <typeQName>
                                              <namespaceURI>http://www.w3.org/2001/XMLSchema</namespaceURI>
                                              <localPart>string</localPart>
                                              <prefix></prefix>
                                            </typeQName>
                                          </org.mule.common.metadata.property.xml.SchemaTypeMetaDataProperty>
                                        </properties>
                                      </metaDataModelPropertiesManager>
                                    </model>
                                    <accessType>READ_WRITE</accessType>
                                    <metaDataFieldPropertyManager>
                                      <properties>
                                        <org.mule.common.metadata.property.QNameMetaDataProperty>
                                          <name>
                                            <namespaceURI>http://trizetto.com/fxi/isl</namespaceURI>
                                            <localPart>PartnerId</localPart>
                                            <prefix>ns0</prefix>
                                          </name>
                                        </org.mule.common.metadata.property.QNameMetaDataProperty>
                                      </properties>
                                    </metaDataFieldPropertyManager>
                                  </org.mule.common.metadata.DefaultMetaDataField>
                                  <org.mule.common.metadata.DefaultMetaDataField>
                                    <name>ns0:PartnerTime</name>
                                    <model class="org.mule.common.metadata.DefaultSimpleMetaDataModel">
                                      <dataType>STRING</dataType>
                                      <metaDataModelPropertiesManager>
                                        <properties>
                                          <org.mule.common.metadata.property.xml.SchemaTypeMetaDataProperty>
                                            <typeQName reference="../../../../../../org.mule.common.metadata.DefaultMetaDataField[2]/model/metaDataModelPropertiesManager/properties/org.mule.common.metadata.property.xml.SchemaTypeMetaDataProperty/typeQName"/>
                                          </org.mule.common.metadata.property.xml.SchemaTypeMetaDataProperty>
                                        </properties>
                                      </metaDataModelPropertiesManager>
                                    </model>
                                    <accessType>READ_WRITE</accessType>
                                    <metaDataFieldPropertyManager>
                                      <properties>
                                        <org.mule.common.metadata.property.QNameMetaDataProperty>
                                          <name>
                                            <namespaceURI>http://trizetto.com/fxi/isl</namespaceURI>
                                            <localPart>PartnerTime</localPart>
                                            <prefix>ns0</prefix>
                                          </name>
                                        </org.mule.common.metadata.property.QNameMetaDataProperty>
                                      </properties>
                                    </metaDataFieldPropertyManager>
                                  </org.mule.common.metadata.DefaultMetaDataField>
                                </fields>
                                <rootElement>
                                  <namespaceURI>http://trizetto.com/fxi/isl</namespaceURI>
                                  <localPart>FxiIslHeader</localPart>
                                  <prefix>ns0</prefix>
                                </rootElement>
                                <schemas class="org.mule.common.metadata.StringBasedSchemaProvider">
                                  <schemas>
                                    <string>&lt;?xml version=&quot;1.0&quot; encoding=&quot;UTF-8&quot;?&gt;&lt;s:schema xmlns:s=&quot;http://www.w3.org/2001/XMLSchema&quot; xmlns:http=&quot;http://schemas.xmlsoap.org/wsdl/http/&quot; xmlns:mime=&quot;http://schemas.xmlsoap.org/wsdl/mime/&quot; xmlns:s1=&quot;http://trizetto.com/fxi/isl&quot; xmlns:soap=&quot;http://schemas.xmlsoap.org/wsdl/soap/&quot; xmlns:soap12=&quot;http://schemas.xmlsoap.org/wsdl/soap12/&quot; xmlns:soapenc=&quot;http://schemas.xmlsoap.org/soap/encoding/&quot; xmlns:tm=&quot;http://microsoft.com/wsdl/mime/textMatching/&quot; xmlns:tns=&quot;http://trizetto.com/fxi/isl/FaWsvcInpListClaim_v10&quot; xmlns:wsdl=&quot;http://schemas.xmlsoap.org/wsdl/&quot; elementFormDefault=&quot;qualified&quot; targetNamespace=&quot;http://trizetto.com/fxi/isl/FaWsvcInpListClaim_v10&quot;&gt;&#xd;
      &lt;s:element name=&quot;ListClaim_v10_ClaimId&quot;&gt;&#xd;
        &lt;s:complexType&gt;&#xd;
          &lt;s:sequence&gt;&#xd;
            &lt;s:element maxOccurs=&quot;1&quot; minOccurs=&quot;0&quot; name=&quot;pConfig&quot; type=&quot;tns:Config&quot;/&gt;&#xd;
            &lt;s:element maxOccurs=&quot;1&quot; minOccurs=&quot;0&quot; name=&quot;pCLCL_ID&quot; type=&quot;s:string&quot;/&gt;&#xd;
            &lt;s:element maxOccurs=&quot;1&quot; minOccurs=&quot;1&quot; name=&quot;pPAGE&quot; nillable=&quot;true&quot; type=&quot;s:int&quot;/&gt;&#xd;
            &lt;s:element maxOccurs=&quot;1&quot; minOccurs=&quot;1&quot; name=&quot;pPAGESIZE&quot; nillable=&quot;true&quot; type=&quot;s:int&quot;/&gt;&#xd;
            &lt;s:element maxOccurs=&quot;1&quot; minOccurs=&quot;1&quot; name=&quot;pSKIPROWS&quot; nillable=&quot;true&quot; type=&quot;s:int&quot;/&gt;&#xd;
          &lt;/s:sequence&gt;&#xd;
        &lt;/s:complexType&gt;&#xd;
      &lt;/s:element&gt;&#xd;
      &lt;s:complexType name=&quot;Config&quot;&gt;&#xd;
        &lt;s:complexContent mixed=&quot;false&quot;&gt;&#xd;
          &lt;s:extension base=&quot;tns:RecordBase&quot;&gt;&#xd;
            &lt;s:sequence&gt;&#xd;
              &lt;s:element maxOccurs=&quot;1&quot; minOccurs=&quot;0&quot; name=&quot;FacetsIdentity&quot; type=&quot;s:string&quot;/&gt;&#xd;
              &lt;s:element maxOccurs=&quot;1&quot; minOccurs=&quot;0&quot; name=&quot;CallingSystemName&quot; type=&quot;s:string&quot;/&gt;&#xd;
              &lt;s:element maxOccurs=&quot;1&quot; minOccurs=&quot;0&quot; name=&quot;CallingSystemUserId&quot; type=&quot;s:string&quot;/&gt;&#xd;
              &lt;s:element maxOccurs=&quot;1&quot; minOccurs=&quot;0&quot; name=&quot;CallingSystemUserName&quot; type=&quot;s:string&quot;/&gt;&#xd;
              &lt;s:element maxOccurs=&quot;1&quot; minOccurs=&quot;0&quot; name=&quot;CallingSystemTransactionId&quot; type=&quot;s:string&quot;/&gt;&#xd;
              &lt;s:element maxOccurs=&quot;1&quot; minOccurs=&quot;0&quot; name=&quot;RequestedColumns&quot; type=&quot;tns:ArrayOfString&quot;/&gt;&#xd;
              &lt;s:element maxOccurs=&quot;1&quot; minOccurs=&quot;0&quot; name=&quot;Region&quot; type=&quot;s:string&quot;/&gt;&#xd;
            &lt;/s:sequence&gt;&#xd;
          &lt;/s:extension&gt;&#xd;
        &lt;/s:complexContent&gt;&#xd;
      &lt;/s:complexType&gt;&#xd;
      &lt;s:complexType name=&quot;RecordBase&quot;/&gt;&#xd;
      &lt;s:complexType name=&quot;REC_CLID&quot;&gt;&#xd;
        &lt;s:complexContent mixed=&quot;false&quot;&gt;&#xd;
          &lt;s:extension base=&quot;tns:RecordBase&quot;&gt;&#xd;
            &lt;s:sequence&gt;&#xd;
              &lt;s:element maxOccurs=&quot;1&quot; minOccurs=&quot;0&quot; name=&quot;CLID_TYPE&quot; type=&quot;s:string&quot;/&gt;&#xd;
              &lt;s:element maxOccurs=&quot;1&quot; minOccurs=&quot;1&quot; name=&quot;CLID_SEQ_NO&quot; nillable=&quot;true&quot; type=&quot;s:int&quot;/&gt;&#xd;
              &lt;s:element maxOccurs=&quot;1&quot; minOccurs=&quot;1&quot; name=&quot;CLID_VALUE_AMT&quot; nillable=&quot;true&quot; type=&quot;s:decimal&quot;/&gt;&#xd;
              &lt;s:element maxOccurs=&quot;1&quot; minOccurs=&quot;1&quot; name=&quot;CLID_VALUE_INT&quot; nillable=&quot;true&quot; type=&quot;s:int&quot;/&gt;&#xd;
              &lt;s:element maxOccurs=&quot;1&quot; minOccurs=&quot;0&quot; name=&quot;CLID_VALUE_STRING&quot; type=&quot;s:string&quot;/&gt;&#xd;
              &lt;s:element maxOccurs=&quot;1&quot; minOccurs=&quot;1&quot; name=&quot;CLID_VALUE_DATE&quot; nillable=&quot;true&quot; type=&quot;s:dateTime&quot;/&gt;&#xd;
              &lt;s:element maxOccurs=&quot;1&quot; minOccurs=&quot;0&quot; name=&quot;CLID_ADDL_DATA&quot; type=&quot;s:string&quot;/&gt;&#xd;
              &lt;s:element maxOccurs=&quot;1&quot; minOccurs=&quot;0&quot; name=&quot;CLID_ADDL_DATA_1&quot; type=&quot;s:string&quot;/&gt;&#xd;
              &lt;s:element maxOccurs=&quot;1&quot; minOccurs=&quot;0&quot; name=&quot;CLID_ADDL_DATA_2&quot; type=&quot;s:string&quot;/&gt;&#xd;
              &lt;s:element maxOccurs=&quot;1&quot; minOccurs=&quot;0&quot; name=&quot;CLID_ADDL_DATA_3&quot; type=&quot;s:string&quot;/&gt;&#xd;
              &lt;s:element maxOccurs=&quot;1&quot; minOccurs=&quot;0&quot; name=&quot;CLID_ADDL_DATA_4&quot; type=&quot;s:string&quot;/&gt;&#xd;
              &lt;s:element maxOccurs=&quot;1&quot; minOccurs=&quot;0&quot; name=&quot;CLID_ADDL_DATA_5&quot; type=&quot;s:string&quot;/&gt;&#xd;
            &lt;/s:sequence&gt;&#xd;
          &lt;/s:extension&gt;&#xd;
        &lt;/s:complexContent&gt;&#xd;
      &lt;/s:complexType&gt;&#xd;
      &lt;s:complexType name=&quot;REC_CLHC&quot;&gt;&#xd;
        &lt;s:complexContent mixed=&quot;false&quot;&gt;&#xd;
          &lt;s:extension base=&quot;tns:RecordBase&quot;&gt;&#xd;
            &lt;s:sequence&gt;&#xd;
              &lt;s:element maxOccurs=&quot;1&quot; minOccurs=&quot;1&quot; name=&quot;CLHC_SEQ_NO&quot; nillable=&quot;true&quot; type=&quot;s:int&quot;/&gt;&#xd;
              &lt;s:element maxOccurs=&quot;1&quot; minOccurs=&quot;0&quot; name=&quot;CLHC_COND_CD&quot; type=&quot;s:string&quot;/&gt;&#xd;
            &lt;/s:sequence&gt;&#xd;
          &lt;/s:extension&gt;&#xd;
        &lt;/s:complexContent&gt;&#xd;
      &lt;/s:complexType&gt;&#xd;
      &lt;s:complexType name=&quot;REC_CLCL&quot;&gt;&#xd;
        &lt;s:complexContent mixed=&quot;false&quot;&gt;&#xd;
          &lt;s:extension base=&quot;tns:RecordBase&quot;&gt;&#xd;
            &lt;s:sequence&gt;&#xd;
              &lt;s:element maxOccurs=&quot;1&quot; minOccurs=&quot;0&quot; name=&quot;CLCL_ID&quot; type=&quot;s:string&quot;/&gt;&#xd;
              &lt;s:element maxOccurs=&quot;1&quot; minOccurs=&quot;1&quot; name=&quot;MEME_CK&quot; nillable=&quot;true&quot; type=&quot;s:long&quot;/&gt;&#xd;
              &lt;s:element maxOccurs=&quot;1&quot; minOccurs=&quot;1&quot; name=&quot;GRGR_CK&quot; nillable=&quot;true&quot; type=&quot;s:long&quot;/&gt;&#xd;
              &lt;s:element maxOccurs=&quot;1&quot; minOccurs=&quot;1&quot; name=&quot;SBSB_CK&quot; nillable=&quot;true&quot; type=&quot;s:long&quot;/&gt;&#xd;
              &lt;s:element maxOccurs=&quot;1&quot; minOccurs=&quot;1&quot; name=&quot;SGSG_CK&quot; nillable=&quot;true&quot; type=&quot;s:long&quot;/&gt;&#xd;
              &lt;s:element maxOccurs=&quot;1&quot; minOccurs=&quot;0&quot; name=&quot;CSPD_CAT&quot; type=&quot;s:string&quot;/&gt;&#xd;
              &lt;s:element maxOccurs=&quot;1&quot; minOccurs=&quot;0&quot; name=&quot;CLCL_PAY_PR_IND&quot; type=&quot;s:string&quot;/&gt;&#xd;
              &lt;s:element maxOccurs=&quot;1&quot; minOccurs=&quot;0&quot; name=&quot;CLCL_CL_TYPE&quot; type=&quot;s:string&quot;/&gt;&#xd;
              &lt;s:element maxOccurs=&quot;1&quot; minOccurs=&quot;0&quot; name=&quot;CLCL_CL_SUB_TYPE&quot; type=&quot;s:string&quot;/&gt;&#xd;
              &lt;s:element maxOccurs=&quot;1&quot; minOccurs=&quot;0&quot; name=&quot;CLCL_CUR_STS&quot; type=&quot;s:string&quot;/&gt;&#xd;
              &lt;s:element maxOccurs=&quot;1&quot; minOccurs=&quot;1&quot; name=&quot;CLCL_RECD_DT&quot; nillable=&quot;true&quot; type=&quot;s:dateTime&quot;/&gt;&#xd;
              &lt;s:element maxOccurs=&quot;1&quot; minOccurs=&quot;1&quot; name=&quot;CLCL_LOW_SVC_DT&quot; nillable=&quot;true&quot; type=&quot;s:dateTime&quot;/&gt;&#xd;
              &lt;s:element maxOccurs=&quot;1&quot; minOccurs=&quot;1&quot; name=&quot;CLCL_HIGH_SVC_DT&quot; nillable=&quot;true&quot; type=&quot;s:dateTime&quot;/&gt;&#xd;
              &lt;s:element maxOccurs=&quot;1&quot; minOccurs=&quot;0&quot; name=&quot;CLCL_ID_ADJ_FROM&quot; type=&quot;s:string&quot;/&gt;&#xd;
              &lt;s:element maxOccurs=&quot;1&quot; minOccurs=&quot;0&quot; name=&quot;CLCL_ID_ADJ_TO&quot; type=&quot;s:string&quot;/&gt;&#xd;
              &lt;s:element maxOccurs=&quot;1&quot; minOccurs=&quot;1&quot; name=&quot;CLCL_TOT_CHG&quot; nillable=&quot;true&quot; type=&quot;s:decimal&quot;/&gt;&#xd;
              &lt;s:element maxOccurs=&quot;1&quot; minOccurs=&quot;1&quot; name=&quot;CLCL_TOT_PAYABLE&quot; nillable=&quot;true&quot; type=&quot;s:decimal&quot;/&gt;&#xd;
              &lt;s:element maxOccurs=&quot;1&quot; minOccurs=&quot;1&quot; name=&quot;CLCL_PA_PAID_AMT&quot; nillable=&quot;true&quot; type=&quot;s:decimal&quot;/&gt;&#xd;
              &lt;s:element maxOccurs=&quot;1&quot; minOccurs=&quot;0&quot; name=&quot;CLCL_PA_ACCT_NO&quot; type=&quot;s:string&quot;/&gt;&#xd;
              &lt;s:element maxOccurs=&quot;1&quot; minOccurs=&quot;0&quot; name=&quot;CLCL_CAP_IND&quot; type=&quot;s:string&quot;/&gt;&#xd;
              &lt;s:element maxOccurs=&quot;1&quot; minOccurs=&quot;0&quot; name=&quot;CLST_MCTR_REAS&quot; type=&quot;s:string&quot;/&gt;&#xd;
              &lt;s:element maxOccurs=&quot;1&quot; minOccurs=&quot;0&quot; name=&quot;CLST_MCTR_REAS_DESC&quot; type=&quot;s:string&quot;/&gt;&#xd;
              &lt;s:element maxOccurs=&quot;1&quot; minOccurs=&quot;0&quot; name=&quot;PRPR_ID&quot; type=&quot;s:string&quot;/&gt;&#xd;
              &lt;s:element maxOccurs=&quot;1&quot; minOccurs=&quot;0&quot; name=&quot;PRPR_NAME&quot; type=&quot;s:string&quot;/&gt;&#xd;
              &lt;s:element maxOccurs=&quot;1&quot; minOccurs=&quot;0&quot; name=&quot;PRPR_NPI&quot; type=&quot;s:string&quot;/&gt;&#xd;
              &lt;s:element maxOccurs=&quot;1&quot; minOccurs=&quot;1&quot; name=&quot;MEME_SFX&quot; nillable=&quot;true&quot; type=&quot;s:int&quot;/&gt;&#xd;
              &lt;s:element maxOccurs=&quot;1&quot; minOccurs=&quot;0&quot; name=&quot;MEME_FIRST_NAME&quot; type=&quot;s:string&quot;/&gt;&#xd;
              &lt;s:element maxOccurs=&quot;1&quot; minOccurs=&quot;0&quot; name=&quot;MEME_LAST_NAME&quot; type=&quot;s:string&quot;/&gt;&#xd;
              &lt;s:element maxOccurs=&quot;1&quot; minOccurs=&quot;0&quot; name=&quot;MEME_MID_INIT&quot; type=&quot;s:string&quot;/&gt;&#xd;
              &lt;s:element maxOccurs=&quot;1&quot; minOccurs=&quot;0&quot; name=&quot;MEME_REL&quot; type=&quot;s:string&quot;/&gt;&#xd;
              &lt;s:element maxOccurs=&quot;1&quot; minOccurs=&quot;0&quot; name=&quot;CSPD_CAT_DESC&quot; type=&quot;s:string&quot;/&gt;&#xd;
              &lt;s:element maxOccurs=&quot;1&quot; minOccurs=&quot;0&quot; name=&quot;SBSB_ID&quot; type=&quot;s:string&quot;/&gt;&#xd;
              &lt;s:element maxOccurs=&quot;1&quot; minOccurs=&quot;0&quot; name=&quot;SBIH_SBSB_ID_ORIG&quot; type=&quot;s:string&quot;/&gt;&#xd;
              &lt;s:element maxOccurs=&quot;1&quot; minOccurs=&quot;0&quot; name=&quot;GRGR_NAME&quot; type=&quot;s:string&quot;/&gt;&#xd;
              &lt;s:element maxOccurs=&quot;1&quot; minOccurs=&quot;0&quot; name=&quot;GRGR_ID&quot; type=&quot;s:string&quot;/&gt;&#xd;
              &lt;s:element maxOccurs=&quot;1&quot; minOccurs=&quot;0&quot; name=&quot;SGSG_NAME&quot; type=&quot;s:string&quot;/&gt;&#xd;
              &lt;s:element maxOccurs=&quot;1&quot; minOccurs=&quot;0&quot; name=&quot;CSPI_ID&quot; type=&quot;s:string&quot;/&gt;&#xd;
              &lt;s:element maxOccurs=&quot;1&quot; minOccurs=&quot;0&quot; name=&quot;PLDS_DESC&quot; type=&quot;s:string&quot;/&gt;&#xd;
              &lt;s:element maxOccurs=&quot;1&quot; minOccurs=&quot;0&quot; name=&quot;CLCL_PAY_PR_IND_DESC&quot; type=&quot;s:string&quot;/&gt;&#xd;
              &lt;s:element maxOccurs=&quot;1&quot; minOccurs=&quot;0&quot; name=&quot;CLCL_CL_TYPE_DESC&quot; type=&quot;s:string&quot;/&gt;&#xd;
              &lt;s:element maxOccurs=&quot;1&quot; minOccurs=&quot;0&quot; name=&quot;CLCL_CL_SUB_TYPE_DESC&quot; type=&quot;s:string&quot;/&gt;&#xd;
              &lt;s:element maxOccurs=&quot;1&quot; minOccurs=&quot;0&quot; name=&quot;CLCL_CUR_STS_DESC&quot; type=&quot;s:string&quot;/&gt;&#xd;
              &lt;s:element maxOccurs=&quot;1&quot; minOccurs=&quot;0&quot; name=&quot;CLCL_CAP_IND_DESC&quot; type=&quot;s:string&quot;/&gt;&#xd;
              &lt;s:element maxOccurs=&quot;1&quot; minOccurs=&quot;0&quot; name=&quot;MEME_REL_DESC&quot; type=&quot;s:string&quot;/&gt;&#xd;
              &lt;s:element maxOccurs=&quot;1&quot; minOccurs=&quot;0&quot; name=&quot;CLCB_COB_TYPE&quot; type=&quot;s:string&quot;/&gt;&#xd;
              &lt;s:element maxOccurs=&quot;1&quot; minOccurs=&quot;1&quot; name=&quot;CLCB_COB_AMT&quot; nillable=&quot;true&quot; type=&quot;s:decimal&quot;/&gt;&#xd;
              &lt;s:element maxOccurs=&quot;1&quot; minOccurs=&quot;1&quot; name=&quot;CLCB_COB_DISALLOW&quot; nillable=&quot;true&quot; type=&quot;s:decimal&quot;/&gt;&#xd;
              &lt;s:element maxOccurs=&quot;1&quot; minOccurs=&quot;1&quot; name=&quot;CLCB_COB_ALLOW&quot; nillable=&quot;true&quot; type=&quot;s:decimal&quot;/&gt;&#xd;
              &lt;s:element maxOccurs=&quot;1&quot; minOccurs=&quot;0&quot; name=&quot;CLCB_COB_TYPE_DESC&quot; type=&quot;s:string&quot;/&gt;&#xd;
              &lt;s:element maxOccurs=&quot;1&quot; minOccurs=&quot;1&quot; name=&quot;CLCL_LAST_ACT_DTM&quot; nillable=&quot;true&quot; type=&quot;s:dateTime&quot;/&gt;&#xd;
              &lt;s:element maxOccurs=&quot;1&quot; minOccurs=&quot;1&quot; name=&quot;CLCL_INPUT_DT&quot; nillable=&quot;true&quot; type=&quot;s:dateTime&quot;/&gt;&#xd;
              &lt;s:element maxOccurs=&quot;1&quot; minOccurs=&quot;1&quot; name=&quot;CLCL_PAID_DT&quot; nillable=&quot;true&quot; type=&quot;s:dateTime&quot;/&gt;&#xd;
              &lt;s:element maxOccurs=&quot;1&quot; minOccurs=&quot;0&quot; name=&quot;CSCS_ID&quot; type=&quot;s:string&quot;/&gt;&#xd;
              &lt;s:element maxOccurs=&quot;1&quot; minOccurs=&quot;0&quot; name=&quot;NWNW_ID&quot; type=&quot;s:string&quot;/&gt;&#xd;
              &lt;s:element maxOccurs=&quot;1&quot; minOccurs=&quot;0&quot; name=&quot;NWNW_NAME&quot; type=&quot;s:string&quot;/&gt;&#xd;
              &lt;s:element maxOccurs=&quot;1&quot; minOccurs=&quot;0&quot; name=&quot;AGAG_ID&quot; type=&quot;s:string&quot;/&gt;&#xd;
              &lt;s:element maxOccurs=&quot;1&quot; minOccurs=&quot;0&quot; name=&quot;CLCL_PAYEE_PR_ID&quot; type=&quot;s:string&quot;/&gt;&#xd;
              &lt;s:element maxOccurs=&quot;1&quot; minOccurs=&quot;0&quot; name=&quot;CLCL_NTWK_IND&quot; type=&quot;s:string&quot;/&gt;&#xd;
              &lt;s:element maxOccurs=&quot;1&quot; minOccurs=&quot;0&quot; name=&quot;CLCL_PCP_IND&quot; type=&quot;s:string&quot;/&gt;&#xd;
              &lt;s:element maxOccurs=&quot;1&quot; minOccurs=&quot;0&quot; name=&quot;CLCL_EXT_AUTH_NO&quot; type=&quot;s:string&quot;/&gt;&#xd;
              &lt;s:element maxOccurs=&quot;1&quot; minOccurs=&quot;0&quot; name=&quot;CLCL_AIAI_EOB_IND&quot; type=&quot;s:string&quot;/&gt;&#xd;
              &lt;s:element maxOccurs=&quot;1&quot; minOccurs=&quot;0&quot; name=&quot;CLCL_MICRO_ID&quot; type=&quot;s:string&quot;/&gt;&#xd;
              &lt;s:element maxOccurs=&quot;1&quot; minOccurs=&quot;1&quot; name=&quot;CLST_STS_DTM&quot; nillable=&quot;true&quot; type=&quot;s:dateTime&quot;/&gt;&#xd;
              &lt;s:element maxOccurs=&quot;1&quot; minOccurs=&quot;0&quot; name=&quot;PRPR_ENTITY&quot; type=&quot;s:string&quot;/&gt;&#xd;
              &lt;s:element maxOccurs=&quot;1&quot; minOccurs=&quot;0&quot; name=&quot;CLCL_EOB_EXCD_ID&quot; type=&quot;s:string&quot;/&gt;&#xd;
              &lt;s:element maxOccurs=&quot;1&quot; minOccurs=&quot;0&quot; name=&quot;EXCD_HC_STAT_CAT&quot; type=&quot;s:string&quot;/&gt;&#xd;
              &lt;s:element maxOccurs=&quot;1&quot; minOccurs=&quot;0&quot; name=&quot;EXCD_HC_STAT_CD&quot; type=&quot;s:string&quot;/&gt;&#xd;
              &lt;s:element maxOccurs=&quot;1&quot; minOccurs=&quot;0&quot; name=&quot;EXCD_HC_ADJ_CD&quot; type=&quot;s:string&quot;/&gt;&#xd;
              &lt;s:element maxOccurs=&quot;1&quot; minOccurs=&quot;0&quot; name=&quot;CSPI_ITS_PREFIX&quot; type=&quot;s:string&quot;/&gt;&#xd;
              &lt;s:element maxOccurs=&quot;1&quot; minOccurs=&quot;0&quot; name=&quot;CLCL_HSA_IND&quot; type=&quot;s:string&quot;/&gt;&#xd;
              &lt;s:element maxOccurs=&quot;1&quot; minOccurs=&quot;0&quot; name=&quot;CLCL_REL_CLCL_ID&quot; type=&quot;s:string&quot;/&gt;&#xd;
              &lt;s:element maxOccurs=&quot;1&quot; minOccurs=&quot;0&quot; name=&quot;CLCL_HSA_IND_DESC&quot; type=&quot;s:string&quot;/&gt;&#xd;
              &lt;s:element maxOccurs=&quot;1&quot; minOccurs=&quot;1&quot; name=&quot;CLHS_TOT_CONSIDER&quot; nillable=&quot;true&quot; type=&quot;s:decimal&quot;/&gt;&#xd;
              &lt;s:element maxOccurs=&quot;1&quot; minOccurs=&quot;1&quot; name=&quot;CLHS_TOT_PAID&quot; nillable=&quot;true&quot; type=&quot;s:decimal&quot;/&gt;&#xd;
              &lt;s:element maxOccurs=&quot;1&quot; minOccurs=&quot;0&quot; name=&quot;HSAI_ID&quot; type=&quot;s:string&quot;/&gt;&#xd;
              &lt;s:element maxOccurs=&quot;1&quot; minOccurs=&quot;0&quot; name=&quot;HSAI_DESC&quot; type=&quot;s:string&quot;/&gt;&#xd;
              &lt;s:element maxOccurs=&quot;1&quot; minOccurs=&quot;0&quot; name=&quot;HSAI_ACC_SFX&quot; type=&quot;s:string&quot;/&gt;&#xd;
              &lt;s:element maxOccurs=&quot;1&quot; minOccurs=&quot;0&quot; name=&quot;HSAI_HSA_FSA_IND&quot; type=&quot;s:string&quot;/&gt;&#xd;
              &lt;s:element maxOccurs=&quot;1&quot; minOccurs=&quot;0&quot; name=&quot;HSAI_HSA_FSA_IND_DESC&quot; type=&quot;s:string&quot;/&gt;&#xd;
              &lt;s:element maxOccurs=&quot;1&quot; minOccurs=&quot;1&quot; name=&quot;SBHS_DED_AMT&quot; nillable=&quot;true&quot; type=&quot;s:decimal&quot;/&gt;&#xd;
              &lt;s:element maxOccurs=&quot;1&quot; minOccurs=&quot;1&quot; name=&quot;SBHS_ME_DED_AMT&quot; nillable=&quot;true&quot; type=&quot;s:decimal&quot;/&gt;&#xd;
              &lt;s:element maxOccurs=&quot;1&quot; minOccurs=&quot;1&quot; name=&quot;SBHS_DED_ACCUM_AMT&quot; nillable=&quot;true&quot; type=&quot;s:decimal&quot;/&gt;&#xd;
              &lt;s:element maxOccurs=&quot;1&quot; minOccurs=&quot;1&quot; name=&quot;MEHS_DED_ACCUM_AMT&quot; nillable=&quot;true&quot; type=&quot;s:decimal&quot;/&gt;&#xd;
              &lt;s:element maxOccurs=&quot;1&quot; minOccurs=&quot;1&quot; name=&quot;CLHS_SB_ALLOC_AMT&quot; nillable=&quot;true&quot; type=&quot;s:decimal&quot;/&gt;&#xd;
              &lt;s:element maxOccurs=&quot;1&quot; minOccurs=&quot;1&quot; name=&quot;CLHS_ME_ALLOC_AMT&quot; nillable=&quot;true&quot; type=&quot;s:decimal&quot;/&gt;&#xd;
              &lt;s:element maxOccurs=&quot;1&quot; minOccurs=&quot;1&quot; name=&quot;SBHS_PAID_AMT&quot; nillable=&quot;true&quot; type=&quot;s:decimal&quot;/&gt;&#xd;
              &lt;s:element maxOccurs=&quot;1&quot; minOccurs=&quot;1&quot; name=&quot;MEHS_PAID_AMT&quot; nillable=&quot;true&quot; type=&quot;s:decimal&quot;/&gt;&#xd;
              &lt;s:element maxOccurs=&quot;1&quot; minOccurs=&quot;1&quot; name=&quot;SBHS_PAID_CUR&quot; nillable=&quot;true&quot; type=&quot;s:decimal&quot;/&gt;&#xd;
              &lt;s:element maxOccurs=&quot;1&quot; minOccurs=&quot;1&quot; name=&quot;SBHS_DED2_ACCM_AMT&quot; nillable=&quot;true&quot; type=&quot;s:decimal&quot;/&gt;&#xd;
              &lt;s:element maxOccurs=&quot;1&quot; minOccurs=&quot;1&quot; name=&quot;SBHS_DED2_AMT&quot; nillable=&quot;true&quot; type=&quot;s:decimal&quot;/&gt;&#xd;
              &lt;s:element maxOccurs=&quot;1&quot; minOccurs=&quot;1&quot; name=&quot;SBHS_ME_DED2_AMT&quot; nillable=&quot;true&quot; type=&quot;s:decimal&quot;/&gt;&#xd;
              &lt;s:element maxOccurs=&quot;1&quot; minOccurs=&quot;1&quot; name=&quot;MEHS_DED2_ACCM_AMT&quot; nillable=&quot;true&quot; type=&quot;s:decimal&quot;/&gt;&#xd;
              &lt;s:element maxOccurs=&quot;1&quot; minOccurs=&quot;0&quot; name=&quot;SBHS_DED_IND&quot; type=&quot;s:string&quot;/&gt;&#xd;
              &lt;s:element maxOccurs=&quot;1&quot; minOccurs=&quot;0&quot; name=&quot;SBHS_DED_IND_DESC&quot; type=&quot;s:string&quot;/&gt;&#xd;
              &lt;s:element maxOccurs=&quot;1&quot; minOccurs=&quot;0&quot; name=&quot;SBHS_DED2_IND&quot; type=&quot;s:string&quot;/&gt;&#xd;
              &lt;s:element maxOccurs=&quot;1&quot; minOccurs=&quot;0&quot; name=&quot;SBHS_DED2_IND_DESC&quot; type=&quot;s:string&quot;/&gt;&#xd;
              &lt;s:element maxOccurs=&quot;1&quot; minOccurs=&quot;1&quot; name=&quot;CDMF_EXPNS_AMT_SUM&quot; nillable=&quot;true&quot; type=&quot;s:decimal&quot;/&gt;&#xd;
              &lt;s:element maxOccurs=&quot;1&quot; minOccurs=&quot;1&quot; name=&quot;CDMF_PAID_AMT_SUM&quot; nillable=&quot;true&quot; type=&quot;s:decimal&quot;/&gt;&#xd;
              &lt;s:element maxOccurs=&quot;1&quot; minOccurs=&quot;1&quot; name=&quot;CDDF_EXPNS_AMT_SUM&quot; nillable=&quot;true&quot; type=&quot;s:decimal&quot;/&gt;&#xd;
              &lt;s:element maxOccurs=&quot;1&quot; minOccurs=&quot;1&quot; name=&quot;CDDF_PAID_AMT_SUM&quot; nillable=&quot;true&quot; type=&quot;s:decimal&quot;/&gt;&#xd;
              &lt;s:element maxOccurs=&quot;1&quot; minOccurs=&quot;0&quot; name=&quot;MCRL_MEME_CREL_CD&quot; type=&quot;s:string&quot;/&gt;&#xd;
              &lt;s:element maxOccurs=&quot;1&quot; minOccurs=&quot;0&quot; name=&quot;MCRL_CREL_DESC&quot; type=&quot;s:string&quot;/&gt;&#xd;
              &lt;s:element maxOccurs=&quot;1&quot; minOccurs=&quot;0&quot; name=&quot;PDPD_ID&quot; type=&quot;s:string&quot;/&gt;&#xd;
              &lt;s:element maxOccurs=&quot;1&quot; minOccurs=&quot;0&quot; name=&quot;CLMF_PRPR_ID_FAC&quot; type=&quot;s:string&quot;/&gt;&#xd;
              &lt;s:element maxOccurs=&quot;1&quot; minOccurs=&quot;0&quot; name=&quot;CLMF_INPUT_TXNM_CD&quot; type=&quot;s:string&quot;/&gt;&#xd;
              &lt;s:element maxOccurs=&quot;1&quot; minOccurs=&quot;0&quot; name=&quot;PRFA_NAME&quot; type=&quot;s:string&quot;/&gt;&#xd;
              &lt;s:element maxOccurs=&quot;1&quot; minOccurs=&quot;0&quot; name=&quot;CLMI_ITS_SCCF_NO&quot; type=&quot;s:string&quot;/&gt;&#xd;
              &lt;s:element maxOccurs=&quot;1&quot; minOccurs=&quot;0&quot; name=&quot;CLCL_PRE_PRICE_IND&quot; type=&quot;s:string&quot;/&gt;&#xd;
              &lt;s:element maxOccurs=&quot;1&quot; minOccurs=&quot;1&quot; name=&quot;TOT_PA_LIAB_CLAIM&quot; nillable=&quot;true&quot; type=&quot;s:decimal&quot;/&gt;&#xd;
              &lt;s:element maxOccurs=&quot;1&quot; minOccurs=&quot;1&quot; name=&quot;DIS_PA_LIAB_CLAIM&quot; nillable=&quot;true&quot; type=&quot;s:decimal&quot;/&gt;&#xd;
              &lt;s:element maxOccurs=&quot;1&quot; minOccurs=&quot;1&quot; name=&quot;CLHP_ADM_DT&quot; nillable=&quot;true&quot; type=&quot;s:dateTime&quot;/&gt;&#xd;
              &lt;s:element maxOccurs=&quot;1&quot; minOccurs=&quot;0&quot; name=&quot;CLHP_ADM_SOURCE&quot; type=&quot;s:string&quot;/&gt;&#xd;
              &lt;s:element maxOccurs=&quot;1&quot; minOccurs=&quot;0&quot; name=&quot;CLHP_ADM_TYP&quot; type=&quot;s:string&quot;/&gt;&#xd;
              &lt;s:element maxOccurs=&quot;1&quot; minOccurs=&quot;0&quot; name=&quot;CLHP_BILL_CLASS&quot; type=&quot;s:string&quot;/&gt;&#xd;
              &lt;s:element maxOccurs=&quot;1&quot; minOccurs=&quot;1&quot; name=&quot;CLHP_DC_DT&quot; nillable=&quot;true&quot; type=&quot;s:dateTime&quot;/&gt;&#xd;
              &lt;s:element maxOccurs=&quot;1&quot; minOccurs=&quot;0&quot; name=&quot;CLHP_DC_HOUR_CD&quot; type=&quot;s:string&quot;/&gt;&#xd;
              &lt;s:element maxOccurs=&quot;1&quot; minOccurs=&quot;0&quot; name=&quot;CLHP_DC_STAT&quot; type=&quot;s:string&quot;/&gt;&#xd;
              &lt;s:element maxOccurs=&quot;1&quot; minOccurs=&quot;0&quot; name=&quot;CLHP_FAC_TYPE&quot; type=&quot;s:string&quot;/&gt;&#xd;
              &lt;s:element maxOccurs=&quot;1&quot; minOccurs=&quot;0&quot; name=&quot;CLHP_FREQUENCY&quot; type=&quot;s:string&quot;/&gt;&#xd;
              &lt;s:element maxOccurs=&quot;1&quot; minOccurs=&quot;0&quot; name=&quot;CLHP_ICD_QUAL_IND&quot; type=&quot;s:string&quot;/&gt;&#xd;
              &lt;s:element maxOccurs=&quot;1&quot; minOccurs=&quot;0&quot; name=&quot;CLHP_INPUT_AGRG_ID&quot; type=&quot;s:string&quot;/&gt;&#xd;
              &lt;s:element maxOccurs=&quot;1&quot; minOccurs=&quot;0&quot; name=&quot;CLHP_IPCD_METH&quot; type=&quot;s:string&quot;/&gt;&#xd;
              &lt;s:element maxOccurs=&quot;1&quot; minOccurs=&quot;0&quot; name=&quot;CLHP_MED_REC_NO&quot; type=&quot;s:string&quot;/&gt;&#xd;
              &lt;s:element maxOccurs=&quot;1&quot; minOccurs=&quot;0&quot; name=&quot;CLHP_PRPR_ID_ADM&quot; type=&quot;s:string&quot;/&gt;&#xd;
              &lt;s:element maxOccurs=&quot;1&quot; minOccurs=&quot;0&quot; name=&quot;CLHP_PRPR_ID_OPER&quot; type=&quot;s:string&quot;/&gt;&#xd;
              &lt;s:element maxOccurs=&quot;1&quot; minOccurs=&quot;0&quot; name=&quot;CLHP_PRPR_ID_OTH1&quot; type=&quot;s:string&quot;/&gt;&#xd;
              &lt;s:element maxOccurs=&quot;1&quot; minOccurs=&quot;0&quot; name=&quot;CLHP_PRPR_ID_OTH2&quot; type=&quot;s:string&quot;/&gt;&#xd;
              &lt;s:element maxOccurs=&quot;1&quot; minOccurs=&quot;1&quot; name=&quot;CLHP_STAMENT_FR_DT&quot; nillable=&quot;true&quot; type=&quot;s:dateTime&quot;/&gt;&#xd;
              &lt;s:element maxOccurs=&quot;1&quot; minOccurs=&quot;1&quot; name=&quot;CLHP_STAMENT_TO_DT&quot; nillable=&quot;true&quot; type=&quot;s:dateTime&quot;/&gt;&#xd;
              &lt;s:element maxOccurs=&quot;1&quot; minOccurs=&quot;0&quot; name=&quot;CLMF_INPUT_SBSB_ID&quot; type=&quot;s:string&quot;/&gt;&#xd;
              &lt;s:element maxOccurs=&quot;1&quot; minOccurs=&quot;0&quot; name=&quot;CLMF_PRPR_FA_NPI&quot; type=&quot;s:string&quot;/&gt;&#xd;
              &lt;s:element maxOccurs=&quot;1&quot; minOccurs=&quot;0&quot; name=&quot;CLMF_PRPR_FA_TAX&quot; type=&quot;s:string&quot;/&gt;&#xd;
              &lt;s:element maxOccurs=&quot;1&quot; minOccurs=&quot;0&quot; name=&quot;CLMF_PRPR_RF_NPI&quot; type=&quot;s:string&quot;/&gt;&#xd;
              &lt;s:element maxOccurs=&quot;1&quot; minOccurs=&quot;0&quot; name=&quot;CLMF_PRPR_RF_TAX&quot; type=&quot;s:string&quot;/&gt;&#xd;
              &lt;s:element maxOccurs=&quot;1&quot; minOccurs=&quot;0&quot; name=&quot;CLMF_PRPR_SE_NPI&quot; type=&quot;s:string&quot;/&gt;&#xd;
              &lt;s:element maxOccurs=&quot;1&quot; minOccurs=&quot;0&quot; name=&quot;CLMF_PRPR_SE_TAX&quot; type=&quot;s:string&quot;/&gt;&#xd;
              &lt;s:element maxOccurs=&quot;1&quot; minOccurs=&quot;0&quot; name=&quot;CLHP_PRPR_AD_NPI&quot; type=&quot;s:string&quot;/&gt;&#xd;
              &lt;s:element maxOccurs=&quot;1&quot; minOccurs=&quot;0&quot; name=&quot;CLHP_PRPR_AD_TAX&quot; type=&quot;s:string&quot;/&gt;&#xd;
              &lt;s:element maxOccurs=&quot;1&quot; minOccurs=&quot;0&quot; name=&quot;CLHP_PRPR_OP_NPI&quot; type=&quot;s:string&quot;/&gt;&#xd;
              &lt;s:element maxOccurs=&quot;1&quot; minOccurs=&quot;0&quot; name=&quot;CLHP_PRPR_OP_TAX&quot; type=&quot;s:string&quot;/&gt;&#xd;
              &lt;s:element maxOccurs=&quot;1&quot; minOccurs=&quot;0&quot; name=&quot;CLHP_PRPR_O1_NPI&quot; type=&quot;s:string&quot;/&gt;&#xd;
              &lt;s:element maxOccurs=&quot;1&quot; minOccurs=&quot;0&quot; name=&quot;CLHP_PRPR_O1_TAX&quot; type=&quot;s:string&quot;/&gt;&#xd;
              &lt;s:element maxOccurs=&quot;1&quot; minOccurs=&quot;0&quot; name=&quot;CLHP_PRPR_O2_NPI&quot; type=&quot;s:string&quot;/&gt;&#xd;
              &lt;s:element maxOccurs=&quot;1&quot; minOccurs=&quot;0&quot; name=&quot;CLHP_PRPR_O2_TAX&quot; type=&quot;s:string&quot;/&gt;&#xd;
              &lt;s:element maxOccurs=&quot;1&quot; minOccurs=&quot;0&quot; name=&quot;CLMF_INPUT_HLTH_ID&quot; type=&quot;s:string&quot;/&gt;&#xd;
              &lt;s:element maxOccurs=&quot;1&quot; minOccurs=&quot;0&quot; name=&quot;CLMF_ICD_IND_PROC&quot; type=&quot;s:string&quot;/&gt;&#xd;
              &lt;s:element maxOccurs=&quot;1&quot; minOccurs=&quot;0&quot; name=&quot;CLMF_ICD_IND_PROC_DESC&quot; type=&quot;s:string&quot;/&gt;&#xd;
              &lt;s:element maxOccurs=&quot;1&quot; minOccurs=&quot;0&quot; name=&quot;CLMF_ICD_QUAL_IND&quot; type=&quot;s:string&quot;/&gt;&#xd;
              &lt;s:element maxOccurs=&quot;1&quot; minOccurs=&quot;0&quot; name=&quot;CLMF_ICD_QUAL_IND_DESC&quot; type=&quot;s:string&quot;/&gt;&#xd;
              &lt;s:element maxOccurs=&quot;1&quot; minOccurs=&quot;0&quot; name=&quot;CLMF_EXT_PREATH_NO&quot; type=&quot;s:string&quot;/&gt;&#xd;
              &lt;s:element maxOccurs=&quot;1&quot; minOccurs=&quot;0&quot; name=&quot;CLMF_EXT_REFRAL_NO&quot; type=&quot;s:string&quot;/&gt;&#xd;
              &lt;s:element maxOccurs=&quot;1&quot; minOccurs=&quot;0&quot; name=&quot;CLSD_PRPR_ID_REND_NVL&quot; type=&quot;s:string&quot;/&gt;&#xd;
              &lt;s:element maxOccurs=&quot;1&quot; minOccurs=&quot;0&quot; name=&quot;CLSD_PRPR_RE_NPI_NVL&quot; type=&quot;s:string&quot;/&gt;&#xd;
              &lt;s:element maxOccurs=&quot;1&quot; minOccurs=&quot;0&quot; name=&quot;CLSD_PRPR_RE_TAX_NVL&quot; type=&quot;s:string&quot;/&gt;&#xd;
              &lt;s:element maxOccurs=&quot;1&quot; minOccurs=&quot;0&quot; name=&quot;NWPE_PFX&quot; type=&quot;s:string&quot;/&gt;&#xd;
              &lt;s:element maxOccurs=&quot;1&quot; minOccurs=&quot;0&quot; name=&quot;NWPE_PFX_DESC&quot; type=&quot;s:string&quot;/&gt;&#xd;
              &lt;s:element maxOccurs=&quot;1&quot; minOccurs=&quot;0&quot; name=&quot;NWPR_PFX&quot; type=&quot;s:string&quot;/&gt;&#xd;
              &lt;s:element maxOccurs=&quot;1&quot; minOccurs=&quot;0&quot; name=&quot;NWPR_PFX_DESC&quot; type=&quot;s:string&quot;/&gt;&#xd;
              &lt;s:element maxOccurs=&quot;1&quot; minOccurs=&quot;0&quot; name=&quot;NWCR_PFX&quot; type=&quot;s:string&quot;/&gt;&#xd;
              &lt;s:element maxOccurs=&quot;1&quot; minOccurs=&quot;0&quot; name=&quot;NWCR_PFX_DESC&quot; type=&quot;s:string&quot;/&gt;&#xd;
              &lt;s:element maxOccurs=&quot;1&quot; minOccurs=&quot;0&quot; name=&quot;PDBC_PFX_NPPR&quot; type=&quot;s:string&quot;/&gt;&#xd;
              &lt;s:element maxOccurs=&quot;1&quot; minOccurs=&quot;0&quot; name=&quot;NPPR_PFX_DESC&quot; type=&quot;s:string&quot;/&gt;&#xd;
              &lt;s:element maxOccurs=&quot;1&quot; minOccurs=&quot;0&quot; name=&quot;PDBC_PFX_SPPR&quot; type=&quot;s:string&quot;/&gt;&#xd;
              &lt;s:element maxOccurs=&quot;1&quot; minOccurs=&quot;0&quot; name=&quot;SPPR_PFX_DESC&quot; type=&quot;s:string&quot;/&gt;&#xd;
              &lt;s:element maxOccurs=&quot;1&quot; minOccurs=&quot;0&quot; name=&quot;PDBC_PFX_SEDF&quot; type=&quot;s:string&quot;/&gt;&#xd;
              &lt;s:element maxOccurs=&quot;1&quot; minOccurs=&quot;0&quot; name=&quot;SEDF_PFX_DESC&quot; type=&quot;s:string&quot;/&gt;&#xd;
              &lt;s:element maxOccurs=&quot;1&quot; minOccurs=&quot;0&quot; name=&quot;CLSP_NTWK_IND&quot; type=&quot;s:string&quot;/&gt;&#xd;
              &lt;s:element maxOccurs=&quot;1&quot; minOccurs=&quot;0&quot; name=&quot;PDPD_ACC_SFX&quot; type=&quot;s:string&quot;/&gt;&#xd;
              &lt;s:element maxOccurs=&quot;1&quot; minOccurs=&quot;0&quot; name=&quot;AGRG_ID&quot; type=&quot;s:string&quot;/&gt;&#xd;
              &lt;s:element maxOccurs=&quot;1&quot; minOccurs=&quot;0&quot; name=&quot;CLSP_AG_SOURCE&quot; type=&quot;s:string&quot;/&gt;&#xd;
              &lt;s:element maxOccurs=&quot;1&quot; minOccurs=&quot;0&quot; name=&quot;CLSP_AG_SOURCE_DESC&quot; type=&quot;s:string&quot;/&gt;&#xd;
              &lt;s:element maxOccurs=&quot;1&quot; minOccurs=&quot;0&quot; name=&quot;PDDS_PROD_TYPE&quot; type=&quot;s:string&quot;/&gt;&#xd;
              &lt;s:element maxOccurs=&quot;1&quot; minOccurs=&quot;0&quot; name=&quot;PDDS_PROD_TYPE_DESC&quot; type=&quot;s:string&quot;/&gt;&#xd;
              &lt;s:element maxOccurs=&quot;1&quot; minOccurs=&quot;0&quot; name=&quot;PDDS_MCTR_BCAT&quot; type=&quot;s:string&quot;/&gt;&#xd;
              &lt;s:element maxOccurs=&quot;1&quot; minOccurs=&quot;0&quot; name=&quot;PDDS_MCTR_BCAT_DESC&quot; type=&quot;s:string&quot;/&gt;&#xd;
              &lt;s:element maxOccurs=&quot;1&quot; minOccurs=&quot;0&quot; name=&quot;CLSP_TOT_AMT_APLY&quot; type=&quot;s:string&quot;/&gt;&#xd;
              &lt;s:element maxOccurs=&quot;1&quot; minOccurs=&quot;0&quot; name=&quot;CLHC_COLL&quot; type=&quot;tns:ArrayOfREC_CLHC&quot;/&gt;&#xd;
              &lt;s:element maxOccurs=&quot;1&quot; minOccurs=&quot;0&quot; name=&quot;CLID_COLL&quot; type=&quot;tns:ArrayOfREC_CLID&quot;/&gt;&#xd;
            &lt;/s:sequence&gt;&#xd;
          &lt;/s:extension&gt;&#xd;
        &lt;/s:complexContent&gt;&#xd;
      &lt;/s:complexType&gt;&#xd;
      &lt;s:complexType name=&quot;ArrayOfREC_CLHC&quot;&gt;&#xd;
        &lt;s:sequence&gt;&#xd;
          &lt;s:element maxOccurs=&quot;unbounded&quot; minOccurs=&quot;0&quot; name=&quot;REC_CLHC&quot; nillable=&quot;true&quot; type=&quot;tns:REC_CLHC&quot;/&gt;&#xd;
        &lt;/s:sequence&gt;&#xd;
      &lt;/s:complexType&gt;&#xd;
      &lt;s:complexType name=&quot;ArrayOfREC_CLID&quot;&gt;&#xd;
        &lt;s:sequence&gt;&#xd;
          &lt;s:element maxOccurs=&quot;unbounded&quot; minOccurs=&quot;0&quot; name=&quot;REC_CLID&quot; nillable=&quot;true&quot; type=&quot;tns:REC_CLID&quot;/&gt;&#xd;
        &lt;/s:sequence&gt;&#xd;
      &lt;/s:complexType&gt;&#xd;
      &lt;s:complexType name=&quot;REC_RESP&quot;&gt;&#xd;
        &lt;s:complexContent mixed=&quot;false&quot;&gt;&#xd;
          &lt;s:extension base=&quot;tns:RecordBase&quot;&gt;&#xd;
            &lt;s:sequence&gt;&#xd;
              &lt;s:element maxOccurs=&quot;1&quot; minOccurs=&quot;0&quot; name=&quot;PITM_TICKET_NO&quot; type=&quot;s:string&quot;/&gt;&#xd;
              &lt;s:element maxOccurs=&quot;1&quot; minOccurs=&quot;1&quot; name=&quot;PITM_STS&quot; type=&quot;s:int&quot;/&gt;&#xd;
              &lt;s:element maxOccurs=&quot;1&quot; minOccurs=&quot;0&quot; name=&quot;RESP_SERVICE&quot; type=&quot;s:string&quot;/&gt;&#xd;
            &lt;/s:sequence&gt;&#xd;
          &lt;/s:extension&gt;&#xd;
        &lt;/s:complexContent&gt;&#xd;
      &lt;/s:complexType&gt;&#xd;
      &lt;s:complexType name=&quot;REC_ERR&quot;&gt;&#xd;
        &lt;s:complexContent mixed=&quot;false&quot;&gt;&#xd;
          &lt;s:extension base=&quot;tns:RecordBase&quot;&gt;&#xd;
            &lt;s:sequence&gt;&#xd;
              &lt;s:element maxOccurs=&quot;1&quot; minOccurs=&quot;0&quot; name=&quot;ERR_ID&quot; type=&quot;s:string&quot;/&gt;&#xd;
              &lt;s:element maxOccurs=&quot;1&quot; minOccurs=&quot;0&quot; name=&quot;ERR_CODE&quot; type=&quot;s:string&quot;/&gt;&#xd;
              &lt;s:element maxOccurs=&quot;1&quot; minOccurs=&quot;0&quot; name=&quot;ERR_CONTEXT&quot; type=&quot;s:string&quot;/&gt;&#xd;
              &lt;s:element maxOccurs=&quot;1&quot; minOccurs=&quot;0&quot; name=&quot;ERR_MSG_USER&quot; type=&quot;s:string&quot;/&gt;&#xd;
              &lt;s:element maxOccurs=&quot;1&quot; minOccurs=&quot;0&quot; name=&quot;ERR_MSG_SYS&quot; type=&quot;s:string&quot;/&gt;&#xd;
              &lt;s:element maxOccurs=&quot;1&quot; minOccurs=&quot;0&quot; name=&quot;ERR_MSG_PROG&quot; type=&quot;s:string&quot;/&gt;&#xd;
            &lt;/s:sequence&gt;&#xd;
          &lt;/s:extension&gt;&#xd;
        &lt;/s:complexContent&gt;&#xd;
      &lt;/s:complexType&gt;&#xd;
      &lt;s:complexType name=&quot;Response&quot;&gt;&#xd;
        &lt;s:complexContent mixed=&quot;false&quot;&gt;&#xd;
          &lt;s:extension base=&quot;tns:RecordBase&quot;&gt;&#xd;
            &lt;s:sequence&gt;&#xd;
              &lt;s:element maxOccurs=&quot;1&quot; minOccurs=&quot;1&quot; name=&quot;AppReturnCode&quot; type=&quot;s:int&quot;/&gt;&#xd;
              &lt;s:element maxOccurs=&quot;1&quot; minOccurs=&quot;0&quot; name=&quot;AppErrors&quot; type=&quot;tns:ArrayOfREC_ERR&quot;/&gt;&#xd;
              &lt;s:element maxOccurs=&quot;1&quot; minOccurs=&quot;0&quot; name=&quot;RESP_COLL&quot; type=&quot;tns:ArrayOfREC_RESP&quot;/&gt;&#xd;
            &lt;/s:sequence&gt;&#xd;
          &lt;/s:extension&gt;&#xd;
        &lt;/s:complexContent&gt;&#xd;
      &lt;/s:complexType&gt;&#xd;
      &lt;s:complexType name=&quot;ArrayOfREC_ERR&quot;&gt;&#xd;
        &lt;s:sequence&gt;&#xd;
          &lt;s:element maxOccurs=&quot;unbounded&quot; minOccurs=&quot;0&quot; name=&quot;REC_ERR&quot; nillable=&quot;true&quot; type=&quot;tns:REC_ERR&quot;/&gt;&#xd;
        &lt;/s:sequence&gt;&#xd;
      &lt;/s:complexType&gt;&#xd;
      &lt;s:complexType name=&quot;ArrayOfREC_RESP&quot;&gt;&#xd;
        &lt;s:sequence&gt;&#xd;
          &lt;s:element maxOccurs=&quot;unbounded&quot; minOccurs=&quot;0&quot; name=&quot;REC_RESP&quot; nillable=&quot;true&quot; type=&quot;tns:REC_RESP&quot;/&gt;&#xd;
        &lt;/s:sequence&gt;&#xd;
      &lt;/s:complexType&gt;&#xd;
      &lt;s:complexType name=&quot;ListClaim_v10Response&quot;&gt;&#xd;
        &lt;s:complexContent mixed=&quot;false&quot;&gt;&#xd;
          &lt;s:extension base=&quot;tns:Response&quot;&gt;&#xd;
            &lt;s:sequence&gt;&#xd;
              &lt;s:element maxOccurs=&quot;1&quot; minOccurs=&quot;0&quot; name=&quot;CLCL_COLL&quot; type=&quot;tns:ArrayOfREC_CLCL&quot;/&gt;&#xd;
            &lt;/s:sequence&gt;&#xd;
          &lt;/s:extension&gt;&#xd;
        &lt;/s:complexContent&gt;&#xd;
      &lt;/s:complexType&gt;&#xd;
      &lt;s:complexType name=&quot;ArrayOfREC_CLCL&quot;&gt;&#xd;
        &lt;s:sequence&gt;&#xd;
          &lt;s:element maxOccurs=&quot;unbounded&quot; minOccurs=&quot;0&quot; name=&quot;REC_CLCL&quot; nillable=&quot;true&quot; type=&quot;tns:REC_CLCL&quot;/&gt;&#xd;
        &lt;/s:sequence&gt;&#xd;
      &lt;/s:complexType&gt;&#xd;
      &lt;s:complexType name=&quot;ArrayOfString&quot;&gt;&#xd;
        &lt;s:sequence&gt;&#xd;
          &lt;s:element maxOccurs=&quot;unbounded&quot; minOccurs=&quot;0&quot; name=&quot;string&quot; nillable=&quot;true&quot; type=&quot;s:string&quot;/&gt;&#xd;
        &lt;/s:sequence&gt;&#xd;
      &lt;/s:complexType&gt;&#xd;
      &lt;s:element name=&quot;ListClaim_v10_ClaimIdResponse&quot;&gt;&#xd;
        &lt;s:complexType&gt;&#xd;
          &lt;s:sequence&gt;&#xd;
            &lt;s:element maxOccurs=&quot;1&quot; minOccurs=&quot;0&quot; name=&quot;ListClaim_v10_ClaimIdResult&quot; type=&quot;tns:ListClaim_v10Response&quot;/&gt;&#xd;
          &lt;/s:sequence&gt;&#xd;
        &lt;/s:complexType&gt;&#xd;
      &lt;/s:element&gt;&#xd;
      &lt;s:element name=&quot;ListClaim_v10_MemberKey&quot;&gt;&#xd;
        &lt;s:complexType&gt;&#xd;
          &lt;s:sequence&gt;&#xd;
            &lt;s:element maxOccurs=&quot;1&quot; minOccurs=&quot;0&quot; name=&quot;pConfig&quot; type=&quot;tns:Config&quot;/&gt;&#xd;
            &lt;s:element maxOccurs=&quot;1&quot; minOccurs=&quot;1&quot; name=&quot;pMEME_CK&quot; nillable=&quot;true&quot; type=&quot;s:long&quot;/&gt;&#xd;
            &lt;s:element maxOccurs=&quot;1&quot; minOccurs=&quot;1&quot; name=&quot;pCLCL_LOW_SVC_DT&quot; nillable=&quot;true&quot; type=&quot;s:dateTime&quot;/&gt;&#xd;
            &lt;s:element maxOccurs=&quot;1&quot; minOccurs=&quot;1&quot; name=&quot;pCLCL_HIGH_SVC_DT&quot; nillable=&quot;true&quot; type=&quot;s:dateTime&quot;/&gt;&#xd;
            &lt;s:element maxOccurs=&quot;1&quot; minOccurs=&quot;0&quot; name=&quot;pCLCL_CL_TYPE&quot; type=&quot;s:string&quot;/&gt;&#xd;
            &lt;s:element maxOccurs=&quot;1&quot; minOccurs=&quot;1&quot; name=&quot;pMAX_NUM_RECS&quot; nillable=&quot;true&quot; type=&quot;s:int&quot;/&gt;&#xd;
            &lt;s:element maxOccurs=&quot;1&quot; minOccurs=&quot;1&quot; name=&quot;pPAGE&quot; nillable=&quot;true&quot; type=&quot;s:int&quot;/&gt;&#xd;
            &lt;s:element maxOccurs=&quot;1&quot; minOccurs=&quot;1&quot; name=&quot;pPAGESIZE&quot; nillable=&quot;true&quot; type=&quot;s:int&quot;/&gt;&#xd;
            &lt;s:element maxOccurs=&quot;1&quot; minOccurs=&quot;1&quot; name=&quot;pSKIPROWS&quot; nillable=&quot;true&quot; type=&quot;s:int&quot;/&gt;&#xd;
          &lt;/s:sequence&gt;&#xd;
        &lt;/s:complexType&gt;&#xd;
      &lt;/s:element&gt;&#xd;
      &lt;s:element name=&quot;ListClaim_v10_MemberKeyResponse&quot;&gt;&#xd;
        &lt;s:complexType&gt;&#xd;
          &lt;s:sequence&gt;&#xd;
            &lt;s:element maxOccurs=&quot;1&quot; minOccurs=&quot;0&quot; name=&quot;ListClaim_v10_MemberKeyResult&quot; type=&quot;tns:ListClaim_v10Response&quot;/&gt;&#xd;
          &lt;/s:sequence&gt;&#xd;
        &lt;/s:complexType&gt;&#xd;
      &lt;/s:element&gt;&#xd;
      &lt;s:element name=&quot;ListClaim_v10_ProviderId&quot;&gt;&#xd;
        &lt;s:complexType&gt;&#xd;
          &lt;s:sequence&gt;&#xd;
            &lt;s:element maxOccurs=&quot;1&quot; minOccurs=&quot;0&quot; name=&quot;pConfig&quot; type=&quot;tns:Config&quot;/&gt;&#xd;
            &lt;s:element maxOccurs=&quot;1&quot; minOccurs=&quot;0&quot; name=&quot;pPRPR_ID&quot; type=&quot;s:string&quot;/&gt;&#xd;
            &lt;s:element maxOccurs=&quot;1&quot; minOccurs=&quot;1&quot; name=&quot;pCLCL_LOW_SVC_DT&quot; nillable=&quot;true&quot; type=&quot;s:dateTime&quot;/&gt;&#xd;
            &lt;s:element maxOccurs=&quot;1&quot; minOccurs=&quot;1&quot; name=&quot;pCLCL_HIGH_SVC_DT&quot; nillable=&quot;true&quot; type=&quot;s:dateTime&quot;/&gt;&#xd;
            &lt;s:element maxOccurs=&quot;1&quot; minOccurs=&quot;0&quot; name=&quot;pCLCL_CL_TYPE&quot; type=&quot;s:string&quot;/&gt;&#xd;
            &lt;s:element maxOccurs=&quot;1&quot; minOccurs=&quot;1&quot; name=&quot;pMAX_NUM_RECS&quot; nillable=&quot;true&quot; type=&quot;s:int&quot;/&gt;&#xd;
            &lt;s:element maxOccurs=&quot;1&quot; minOccurs=&quot;1&quot; name=&quot;pPAGE&quot; nillable=&quot;true&quot; type=&quot;s:int&quot;/&gt;&#xd;
            &lt;s:element maxOccurs=&quot;1&quot; minOccurs=&quot;1&quot; name=&quot;pPAGESIZE&quot; nillable=&quot;true&quot; type=&quot;s:int&quot;/&gt;&#xd;
            &lt;s:element maxOccurs=&quot;1&quot; minOccurs=&quot;1&quot; name=&quot;pSKIPROWS&quot; nillable=&quot;true&quot; type=&quot;s:int&quot;/&gt;&#xd;
          &lt;/s:sequence&gt;&#xd;
        &lt;/s:complexType&gt;&#xd;
      &lt;/s:element&gt;&#xd;
      &lt;s:element name=&quot;ListClaim_v10_ProviderIdResponse&quot;&gt;&#xd;
        &lt;s:complexType&gt;&#xd;
          &lt;s:sequence&gt;&#xd;
            &lt;s:element maxOccurs=&quot;1&quot; minOccurs=&quot;0&quot; name=&quot;ListClaim_v10_ProviderIdResult&quot; type=&quot;tns:ListClaim_v10Response&quot;/&gt;&#xd;
          &lt;/s:sequence&gt;&#xd;
        &lt;/s:complexType&gt;&#xd;
      &lt;/s:element&gt;&#xd;
      &lt;s:element name=&quot;ListClaim_v10_SubscriberKey&quot;&gt;&#xd;
        &lt;s:complexType&gt;&#xd;
          &lt;s:sequence&gt;&#xd;
            &lt;s:element maxOccurs=&quot;1&quot; minOccurs=&quot;0&quot; name=&quot;pConfig&quot; type=&quot;tns:Config&quot;/&gt;&#xd;
            &lt;s:element maxOccurs=&quot;1&quot; minOccurs=&quot;1&quot; name=&quot;pSBSB_CK&quot; nillable=&quot;true&quot; type=&quot;s:long&quot;/&gt;&#xd;
            &lt;s:element maxOccurs=&quot;1&quot; minOccurs=&quot;1&quot; name=&quot;pCLCL_LOW_SVC_DT&quot; nillable=&quot;true&quot; type=&quot;s:dateTime&quot;/&gt;&#xd;
            &lt;s:element maxOccurs=&quot;1&quot; minOccurs=&quot;1&quot; name=&quot;pCLCL_HIGH_SVC_DT&quot; nillable=&quot;true&quot; type=&quot;s:dateTime&quot;/&gt;&#xd;
            &lt;s:element maxOccurs=&quot;1&quot; minOccurs=&quot;0&quot; name=&quot;pCLCL_CL_TYPE&quot; type=&quot;s:string&quot;/&gt;&#xd;
            &lt;s:element maxOccurs=&quot;1&quot; minOccurs=&quot;1&quot; name=&quot;pMAX_NUM_RECS&quot; nillable=&quot;true&quot; type=&quot;s:int&quot;/&gt;&#xd;
            &lt;s:element maxOccurs=&quot;1&quot; minOccurs=&quot;1&quot; name=&quot;pPAGE&quot; nillable=&quot;true&quot; type=&quot;s:int&quot;/&gt;&#xd;
            &lt;s:element maxOccurs=&quot;1&quot; minOccurs=&quot;1&quot; name=&quot;pPAGESIZE&quot; nillable=&quot;true&quot; type=&quot;s:int&quot;/&gt;&#xd;
            &lt;s:element maxOccurs=&quot;1&quot; minOccurs=&quot;1&quot; name=&quot;pSKIPROWS&quot; nillable=&quot;true&quot; type=&quot;s:int&quot;/&gt;&#xd;
          &lt;/s:sequence&gt;&#xd;
        &lt;/s:complexType&gt;&#xd;
      &lt;/s:element&gt;&#xd;
      &lt;s:element name=&quot;ListClaim_v10_SubscriberKeyResponse&quot;&gt;&#xd;
        &lt;s:complexType&gt;&#xd;
          &lt;s:sequence&gt;&#xd;
            &lt;s:element maxOccurs=&quot;1&quot; minOccurs=&quot;0&quot; name=&quot;ListClaim_v10_SubscriberKeyResult&quot; type=&quot;tns:ListClaim_v10Response&quot;/&gt;&#xd;
          &lt;/s:sequence&gt;&#xd;
        &lt;/s:complexType&gt;&#xd;
      &lt;/s:element&gt;&#xd;
    &lt;/s:schema&gt;</string>
                                    <string>&lt;?xml version=&quot;1.0&quot; encoding=&quot;UTF-8&quot;?&gt;&lt;s:schema xmlns:s=&quot;http://www.w3.org/2001/XMLSchema&quot; xmlns:http=&quot;http://schemas.xmlsoap.org/wsdl/http/&quot; xmlns:mime=&quot;http://schemas.xmlsoap.org/wsdl/mime/&quot; xmlns:s1=&quot;http://trizetto.com/fxi/isl&quot; xmlns:soap=&quot;http://schemas.xmlsoap.org/wsdl/soap/&quot; xmlns:soap12=&quot;http://schemas.xmlsoap.org/wsdl/soap12/&quot; xmlns:soapenc=&quot;http://schemas.xmlsoap.org/soap/encoding/&quot; xmlns:tm=&quot;http://microsoft.com/wsdl/mime/textMatching/&quot; xmlns:tns=&quot;http://trizetto.com/fxi/isl/FaWsvcInpListClaim_v10&quot; xmlns:wsdl=&quot;http://schemas.xmlsoap.org/wsdl/&quot; elementFormDefault=&quot;qualified&quot; targetNamespace=&quot;http://trizetto.com/fxi/isl&quot;&gt;&#xd;
      &lt;s:element name=&quot;FxiIslHeader&quot; type=&quot;s1:FxiIslHeader&quot;/&gt;&#xd;
      &lt;s:complexType name=&quot;FxiIslHeader&quot;&gt;&#xd;
        &lt;s:sequence&gt;&#xd;
          &lt;s:element maxOccurs=&quot;1&quot; minOccurs=&quot;0&quot; name=&quot;Partner&quot; type=&quot;s1:PartnerType&quot;/&gt;&#xd;
          &lt;s:element maxOccurs=&quot;1&quot; minOccurs=&quot;1&quot; name=&quot;Data&quot; nillable=&quot;true&quot; type=&quot;s1:HdrCollection&quot;/&gt;&#xd;
        &lt;/s:sequence&gt;&#xd;
        &lt;s:anyAttribute/&gt;&#xd;
      &lt;/s:complexType&gt;&#xd;
      &lt;s:complexType name=&quot;PartnerType&quot;&gt;&#xd;
        &lt;s:sequence&gt;&#xd;
          &lt;s:element maxOccurs=&quot;1&quot; minOccurs=&quot;1&quot; name=&quot;PartnerName&quot; type=&quot;s1:PartnerNameType&quot;/&gt;&#xd;
          &lt;s:element maxOccurs=&quot;1&quot; minOccurs=&quot;0&quot; name=&quot;PartnerId&quot; type=&quot;s:string&quot;/&gt;&#xd;
          &lt;s:element maxOccurs=&quot;1&quot; minOccurs=&quot;0&quot; name=&quot;PartnerTime&quot; type=&quot;s:string&quot;/&gt;&#xd;
        &lt;/s:sequence&gt;&#xd;
      &lt;/s:complexType&gt;&#xd;
      &lt;s:simpleType name=&quot;PartnerNameType&quot;&gt;&#xd;
        &lt;s:restriction base=&quot;s:string&quot;&gt;&#xd;
          &lt;s:enumeration value=&quot;Facets&quot;/&gt;&#xd;
          &lt;s:enumeration value=&quot;HealthWeb&quot;/&gt;&#xd;
          &lt;s:enumeration value=&quot;NetworX&quot;/&gt;&#xd;
        &lt;/s:restriction&gt;&#xd;
      &lt;/s:simpleType&gt;&#xd;
      &lt;s:complexType name=&quot;HdrCollection&quot;&gt;&#xd;
        &lt;s:sequence&gt;&#xd;
          &lt;s:element maxOccurs=&quot;unbounded&quot; minOccurs=&quot;0&quot; name=&quot;Column&quot; nillable=&quot;true&quot; type=&quot;s1:HdrColumn&quot;/&gt;&#xd;
          &lt;s:element maxOccurs=&quot;unbounded&quot; minOccurs=&quot;0&quot; name=&quot;SubCollection&quot; nillable=&quot;true&quot; type=&quot;s1:HdrCollection&quot;/&gt;&#xd;
        &lt;/s:sequence&gt;&#xd;
        &lt;s:attribute name=&quot;type&quot; type=&quot;s1:CollectionTypeList&quot; use=&quot;required&quot;/&gt;&#xd;
        &lt;s:attribute name=&quot;name&quot; type=&quot;s:string&quot;/&gt;&#xd;
      &lt;/s:complexType&gt;&#xd;
      &lt;s:complexType name=&quot;HdrColumn&quot;&gt;&#xd;
        &lt;s:simpleContent&gt;&#xd;
          &lt;s:extension base=&quot;s:string&quot;&gt;&#xd;
            &lt;s:attribute name=&quot;name&quot; type=&quot;s:string&quot;/&gt;&#xd;
          &lt;/s:extension&gt;&#xd;
        &lt;/s:simpleContent&gt;&#xd;
      &lt;/s:complexType&gt;&#xd;
      &lt;s:simpleType name=&quot;CollectionTypeList&quot;&gt;&#xd;
        &lt;s:restriction base=&quot;s:string&quot;&gt;&#xd;
          &lt;s:enumeration value=&quot;SoapHeader&quot;/&gt;&#xd;
          &lt;s:enumeration value=&quot;Input&quot;/&gt;&#xd;
          &lt;s:enumeration value=&quot;Row&quot;/&gt;&#xd;
          &lt;s:enumeration value=&quot;Group&quot;/&gt;&#xd;
        &lt;/s:restriction&gt;&#xd;
      &lt;/s:simpleType&gt;&#xd;
    &lt;/s:schema&gt;</string>
                                  </schemas>
                                  <encoding>windows-1252</encoding>
                                </schemas>
                                <namespaceManager>
                                  <namespacePrefix>
                                    <entry>
                                      <string>http://trizetto.com/fxi/isl</string>
                                      <string>ns0</string>
                                    </entry>
                                  </namespacePrefix>
                                </namespaceManager>
                              </model>
                              <accessType>READ_WRITE</accessType>
                              <metaDataFieldPropertyManager>
                                <properties>
                                  <org.mule.common.metadata.property.QNameMetaDataProperty>
                                    <name>
                                      <namespaceURI>http://trizetto.com/fxi/isl</namespaceURI>
                                      <localPart>Partner</localPart>
                                      <prefix>ns0</prefix>
                                    </name>
                                  </org.mule.common.metadata.property.QNameMetaDataProperty>
                                </properties>
                              </metaDataFieldPropertyManager>
                            </org.mule.common.metadata.DefaultMetaDataField>
                            <org.mule.common.metadata.DefaultMetaDataField>
                              <name>ns0:Data</name>
                              <model class="org.mule.common.metadata.DefaultXmlMetaDataModel">
                                <dataType>XML</dataType>
                                <metaDataModelPropertiesManager>
                                  <properties>
                                    <org.mule.common.metadata.property.xml.SchemaTypeMetaDataProperty>
                                      <typeQName>
                                        <namespaceURI>http://trizetto.com/fxi/isl</namespaceURI>
                                        <localPart>HdrCollection</localPart>
                                        <prefix></prefix>
                                      </typeQName>
                                    </org.mule.common.metadata.property.xml.SchemaTypeMetaDataProperty>
                                  </properties>
                                </metaDataModelPropertiesManager>
                                <fields>
                                  <org.mule.common.metadata.DefaultMetaDataField>
                                    <name>ns0:Column</name>
                                    <model class="org.mule.common.metadata.DefaultListMetaDataModel">
                                      <dataType>LIST</dataType>
                                      <metaDataModelPropertiesManager>
                                        <properties>
                                          <org.mule.common.metadata.property.xml.SchemaTypeMetaDataProperty>
                                            <typeQName>
                                              <namespaceURI>http://trizetto.com/fxi/isl</namespaceURI>
                                              <localPart>HdrColumn</localPart>
                                              <prefix></prefix>
                                            </typeQName>
                                          </org.mule.common.metadata.property.xml.SchemaTypeMetaDataProperty>
                                          <org.mule.common.metadata.property.xml.UnboundMetaDataProperty>
                                            <maxOccurs>2147483647</maxOccurs>
                                            <minOccurs>0</minOccurs>
                                          </org.mule.common.metadata.property.xml.UnboundMetaDataProperty>
                                        </properties>
                                      </metaDataModelPropertiesManager>
                                      <model class="org.mule.common.metadata.DefaultXmlMetaDataModel">
                                        <dataType>XML</dataType>
                                        <metaDataModelPropertiesManager>
                                          <properties/>
                                        </metaDataModelPropertiesManager>
                                        <fields>
                                          <org.mule.common.metadata.DefaultMetaDataField>
                                            <name>text()</name>
                                            <model class="org.mule.common.metadata.DefaultSimpleMetaDataModel">
                                              <dataType>STRING</dataType>
                                              <metaDataModelPropertiesManager>
                                                <properties/>
                                              </metaDataModelPropertiesManager>
                                            </model>
                                            <accessType>READ_WRITE</accessType>
                                            <metaDataFieldPropertyManager>
                                              <properties>
                                                <org.mule.common.metadata.property.QNameMetaDataProperty>
                                                  <name>
                                                    <namespaceURI></namespaceURI>
                                                    <localPart>text()</localPart>
                                                    <prefix></prefix>
                                                  </name>
                                                </org.mule.common.metadata.property.QNameMetaDataProperty>
                                              </properties>
                                            </metaDataFieldPropertyManager>
                                          </org.mule.common.metadata.DefaultMetaDataField>
                                          <org.mule.common.metadata.DefaultMetaDataField>
                                            <name>name</name>
                                            <model class="org.mule.common.metadata.DefaultSimpleMetaDataModel">
                                              <dataType>STRING</dataType>
                                              <metaDataModelPropertiesManager>
                                                <properties>
                                                  <org.mule.common.metadata.property.xml.SchemaTypeMetaDataProperty>
                                                    <typeQName reference="../../../../../../../../../../../../../org.mule.common.metadata.DefaultMetaDataField/model/fields/org.mule.common.metadata.DefaultMetaDataField[2]/model/metaDataModelPropertiesManager/properties/org.mule.common.metadata.property.xml.SchemaTypeMetaDataProperty/typeQName"/>
                                                  </org.mule.common.metadata.property.xml.SchemaTypeMetaDataProperty>
                                                </properties>
                                              </metaDataModelPropertiesManager>
                                            </model>
                                            <accessType>READ_WRITE</accessType>
                                            <metaDataFieldPropertyManager>
                                              <properties>
                                                <org.mule.common.metadata.property.QNameMetaDataProperty>
                                                  <name>
                                                    <namespaceURI></namespaceURI>
                                                    <localPart>name</localPart>
                                                    <prefix></prefix>
                                                  </name>
                                                </org.mule.common.metadata.property.QNameMetaDataProperty>
                                                <org.mule.common.metadata.property.LabelMetaDataProperty>
                                                  <label>@name</label>
                                                </org.mule.common.metadata.property.LabelMetaDataProperty>
                                                <org.mule.common.metadata.property.xml.AttributeMetaDataFieldProperty>
                                                  <isAttribute>true</isAttribute>
                                                </org.mule.common.metadata.property.xml.AttributeMetaDataFieldProperty>
                                              </properties>
                                            </metaDataFieldPropertyManager>
                                          </org.mule.common.metadata.DefaultMetaDataField>
                                        </fields>
                                        <rootElement>
                                          <namespaceURI>http://trizetto.com/fxi/isl</namespaceURI>
                                          <localPart>FxiIslHeader</localPart>
                                          <prefix>ns0</prefix>
                                        </rootElement>
                                        <schemas class="org.mule.common.metadata.StringBasedSchemaProvider" reference="../../../../../../../org.mule.common.metadata.DefaultMetaDataField/model/schemas"/>
                                        <namespaceManager reference="../../../../../../../org.mule.common.metadata.DefaultMetaDataField/model/namespaceManager"/>
                                      </model>
                                      <isArray>false</isArray>
                                    </model>
                                    <accessType>READ_WRITE</accessType>
                                    <metaDataFieldPropertyManager>
                                      <properties>
                                        <org.mule.common.metadata.property.QNameMetaDataProperty>
                                          <name>
                                            <namespaceURI>http://trizetto.com/fxi/isl</namespaceURI>
                                            <localPart>Column</localPart>
                                            <prefix>ns0</prefix>
                                          </name>
                                        </org.mule.common.metadata.property.QNameMetaDataProperty>
                                      </properties>
                                    </metaDataFieldPropertyManager>
                                  </org.mule.common.metadata.DefaultMetaDataField>
                                  <org.mule.common.metadata.DefaultMetaDataField>
                                    <name>ns0:SubCollection</name>
                                    <model class="org.mule.common.metadata.DefaultListMetaDataModel">
                                      <dataType>LIST</dataType>
                                      <metaDataModelPropertiesManager>
                                        <properties>
                                          <org.mule.common.metadata.property.xml.SchemaTypeMetaDataProperty>
                                            <typeQName reference="../../../../../../../metaDataModelPropertiesManager/properties/org.mule.common.metadata.property.xml.SchemaTypeMetaDataProperty/typeQName"/>
                                          </org.mule.common.metadata.property.xml.SchemaTypeMetaDataProperty>
                                          <org.mule.common.metadata.property.xml.UnboundMetaDataProperty>
                                            <maxOccurs>2147483647</maxOccurs>
                                            <minOccurs>0</minOccurs>
                                          </org.mule.common.metadata.property.xml.UnboundMetaDataProperty>
                                        </properties>
                                      </metaDataModelPropertiesManager>
                                      <model class="org.mule.common.metadata.DefaultXmlMetaDataModel" reference="../../../.."/>
                                      <isArray>false</isArray>
                                    </model>
                                    <accessType>READ_WRITE</accessType>
                                    <metaDataFieldPropertyManager>
                                      <properties>
                                        <org.mule.common.metadata.property.QNameMetaDataProperty>
                                          <name>
                                            <namespaceURI>http://trizetto.com/fxi/isl</namespaceURI>
                                            <localPart>SubCollection</localPart>
                                            <prefix>ns0</prefix>
                                          </name>
                                        </org.mule.common.metadata.property.QNameMetaDataProperty>
                                      </properties>
                                    </metaDataFieldPropertyManager>
                                  </org.mule.common.metadata.DefaultMetaDataField>
                                  <org.mule.common.metadata.DefaultMetaDataField>
                                    <name>type</name>
                                    <model class="org.mule.common.metadata.DefaultSimpleMetaDataModel">
                                      <dataType>STRING</dataType>
                                      <metaDataModelPropertiesManager>
                                        <properties>
                                          <org.mule.common.metadata.property.xml.SchemaTypeMetaDataProperty>
                                            <typeQName>
                                              <namespaceURI>http://trizetto.com/fxi/isl</namespaceURI>
                                              <localPart>CollectionTypeList</localPart>
                                              <prefix></prefix>
                                            </typeQName>
                                          </org.mule.common.metadata.property.xml.SchemaTypeMetaDataProperty>
                                        </properties>
                                      </metaDataModelPropertiesManager>
                                    </model>
                                    <accessType>READ_WRITE</accessType>
                                    <metaDataFieldPropertyManager>
                                      <properties>
                                        <org.mule.common.metadata.property.QNameMetaDataProperty>
                                          <name>
                                            <namespaceURI></namespaceURI>
                                            <localPart>type</localPart>
                                            <prefix></prefix>
                                          </name>
                                        </org.mule.common.metadata.property.QNameMetaDataProperty>
                                        <org.mule.common.metadata.property.LabelMetaDataProperty>
                                          <label>@type</label>
                                        </org.mule.common.metadata.property.LabelMetaDataProperty>
                                        <org.mule.common.metadata.property.xml.AttributeMetaDataFieldProperty>
                                          <isAttribute>true</isAttribute>
                                        </org.mule.common.metadata.property.xml.AttributeMetaDataFieldProperty>
                                      </properties>
                                    </metaDataFieldPropertyManager>
                                  </org.mule.common.metadata.DefaultMetaDataField>
                                  <org.mule.common.metadata.DefaultMetaDataField>
                                    <name>name</name>
                                    <model class="org.mule.common.metadata.DefaultSimpleMetaDataModel">
                                      <dataType>STRING</dataType>
                                      <metaDataModelPropertiesManager>
                                        <properties>
                                          <org.mule.common.metadata.property.xml.SchemaTypeMetaDataProperty>
                                            <typeQName reference="../../../../../../../../../org.mule.common.metadata.DefaultMetaDataField/model/fields/org.mule.common.metadata.DefaultMetaDataField[2]/model/metaDataModelPropertiesManager/properties/org.mule.common.metadata.property.xml.SchemaTypeMetaDataProperty/typeQName"/>
                                          </org.mule.common.metadata.property.xml.SchemaTypeMetaDataProperty>
                                        </properties>
                                      </metaDataModelPropertiesManager>
                                    </model>
                                    <accessType>READ_WRITE</accessType>
                                    <metaDataFieldPropertyManager>
                                      <properties>
                                        <org.mule.common.metadata.property.QNameMetaDataProperty>
                                          <name>
                                            <namespaceURI></namespaceURI>
                                            <localPart>name</localPart>
                                            <prefix></prefix>
                                          </name>
                                        </org.mule.common.metadata.property.QNameMetaDataProperty>
                                        <org.mule.common.metadata.property.LabelMetaDataProperty>
                                          <label>@name</label>
                                        </org.mule.common.metadata.property.LabelMetaDataProperty>
                                        <org.mule.common.metadata.property.xml.AttributeMetaDataFieldProperty>
                                          <isAttribute>true</isAttribute>
                                        </org.mule.common.metadata.property.xml.AttributeMetaDataFieldProperty>
                                      </properties>
                                    </metaDataFieldPropertyManager>
                                  </org.mule.common.metadata.DefaultMetaDataField>
                                </fields>
                                <rootElement>
                                  <namespaceURI>http://trizetto.com/fxi/isl</namespaceURI>
                                  <localPart>FxiIslHeader</localPart>
                                  <prefix>ns0</prefix>
                                </rootElement>
                                <schemas class="org.mule.common.metadata.StringBasedSchemaProvider" reference="../../../org.mule.common.metadata.DefaultMetaDataField/model/schemas"/>
                                <namespaceManager reference="../../../org.mule.common.metadata.DefaultMetaDataField/model/namespaceManager"/>
                              </model>
                              <accessType>READ_WRITE</accessType>
                              <metaDataFieldPropertyManager>
                                <properties>
                                  <org.mule.common.metadata.property.QNameMetaDataProperty>
                                    <name>
                                      <namespaceURI>http://trizetto.com/fxi/isl</namespaceURI>
                                      <localPart>Data</localPart>
                                      <prefix>ns0</prefix>
                                    </name>
                                  </org.mule.common.metadata.property.QNameMetaDataProperty>
                                </properties>
                              </metaDataFieldPropertyManager>
                            </org.mule.common.metadata.DefaultMetaDataField>
                          </fields>
                          <rootElement>
                            <namespaceURI>http://trizetto.com/fxi/isl</namespaceURI>
                            <localPart>FxiIslHeader</localPart>
                            <prefix>ns0</prefix>
                          </rootElement>
                          <schemas class="org.mule.common.metadata.StringBasedSchemaProvider">
                            <schemas reference="../../fields/org.mule.common.metadata.DefaultMetaDataField/model/schemas/schemas"/>
                            <encoding reference="../../fields/org.mule.common.metadata.DefaultMetaDataField/model/schemas/encoding"/>
                          </schemas>
                          <namespaceManager>
                            <namespacePrefix>
                              <entry>
                                <string>http://trizetto.com/fxi/isl</string>
                                <string>ns0</string>
                              </entry>
                            </namespacePrefix>
                          </namespaceManager>
                        </model>
                        <accessType>READ_WRITE</accessType>
                        <metaDataFieldPropertyManager>
                          <properties/>
                        </metaDataFieldPropertyManager>
                      </org.mule.common.metadata.DefaultMetaDataField>
                    </fields>
                  </org.mule.common.metadata.MetaDataProperties>
                </entry>
              </properties>
            </input>
            <output class="org.mule.common.metadata.DefaultMetaData">
              <payload class="org.mule.tooling.metadata.api.TypeRefMetaDataModel">
                <connectorName>Web_Service_Consumer1</connectorName>
                <typeId>ListClaim_v10_MemberKeyResponse</typeId>
                <category>DEFAULT</category>
              </payload>
              <properties>
                <entry>
                  <org.mule.common.metadata.MetaDataPropertyScope>RECORD</org.mule.common.metadata.MetaDataPropertyScope>
                  <org.mule.common.metadata.MetaDataProperties>
                    <fields/>
                  </org.mule.common.metadata.MetaDataProperties>
                </entry>
                <entry>
                  <org.mule.common.metadata.MetaDataPropertyScope>SESSION</org.mule.common.metadata.MetaDataPropertyScope>
                  <org.mule.common.metadata.MetaDataProperties>
                    <fields/>
                  </org.mule.common.metadata.MetaDataProperties>
                </entry>
                <entry>
                  <org.mule.common.metadata.MetaDataPropertyScope>FLOW</org.mule.common.metadata.MetaDataPropertyScope>
                  <org.mule.common.metadata.MetaDataProperties>
                    <fields/>
                  </org.mule.common.metadata.MetaDataProperties>
                </entry>
                <entry>
                  <org.mule.common.metadata.MetaDataPropertyScope>INBOUND</org.mule.common.metadata.MetaDataPropertyScope>
                  <org.mule.common.metadata.MetaDataProperties>
                    <fields/>
                  </org.mule.common.metadata.MetaDataProperties>
                </entry>
                <entry>
                  <org.mule.common.metadata.MetaDataPropertyScope>OUTBOUND</org.mule.common.metadata.MetaDataPropertyScope>
                  <org.mule.common.metadata.MetaDataProperties>
                    <fields/>
                  </org.mule.common.metadata.MetaDataProperties>
                </entry>
              </properties>
            </output>
          </org.mule.tooling.metadata.cache.DefaultMetadataCacheEntry>
        </entry>
      </map>
    </entry>
  </metadataIo>
</metadata__cache__entry>