<?xml version='1.0' encoding='US-ASCII'?>
<UH1MFPolicyRequest>
  <File_Name>UH1_FACETS_DENTAL_GEN3_Certificate_20181226.xml</File_Name>
  <PRIMARYH>
    <POLICY_NO>440063119</POLICY_NO>
    <PRODUCT>DENTAL GEN 3 PLAN</PRODUCT>
    <JURISDICTION>WV</JURISDICTION>
    <LANGUAGE>English</LANGUAGE>
    <EFFDATE>2018-11-06</EFFDATE>
    <DESTINATION>PA</DESTINATION>
    <ROUTING>IL</ROUTING>
    <RUN_SEQUENCE>1</RUN_SEQUENCE>
    <POLICY_NO_HYPHEN>440-063-119</POLICY_NO_HYPHEN>
    <REASON_CODE>ISS</REASON_CODE>
    <EFFECTIVE_DATE_MIXED>November 6- 2018</EFFECTIVE_DATE_MIXED>
    <RENEWAL_DATE>December 6- 2018</RENEWAL_DATE>
    <DEPT_DESK>bmeek1</DEPT_DESK>
    <DENTALRDR_INDICATOR>R</DENTALRDR_INDICATOR>
    <VISIONRDR_INDICATOR>Y</VISIONRDR_INDICATOR>
    <HEARING_INDICATOR>Y</HEARING_INDICATOR>
    <DENTAL_PREMIUM>31.69</DENTAL_PREMIUM>
    <VISION_PREMIUM>$5.70</VISION_PREMIUM>
    <HEARING_PREMIUM>$5.39</HEARING_PREMIUM>
    <TOTAL_PAYMENT>$42.78</TOTAL_PAYMENT>
    <TOTAL_ANNUAL_PREMIUM>$513.36</TOTAL_ANNUAL_PREMIUM>
    <FILE_CREATE_DATE>2018-12-26</FILE_CREATE_DATE>
    <INSURED_NAME_UPPER>CATEGORY TEST</INSURED_NAME_UPPER>
    <INSURED_NAME_MIXED>Category Test</INSURED_NAME_MIXED>
    <MAILING_ADDR1>GENERAL DELIVERY</MAILING_ADDR1>
    <MAILING_ADDR2></MAILING_ADDR2>
    <MAILING_ADDR3>MORGANTOWN WV, 26505</MAILING_ADDR3>
    <PRODUCER_NUMBER>4005234</PRODUCER_NUMBER>
    <PRODUCER_NAME_UPPER>UNITEDHEALTHONE DIRECT SALES</PRODUCER_NAME_UPPER>
    <PRODUCER_NAME_MIXED>Unitedhealthone Direct Sales:</PRODUCER_NAME_MIXED>
    <PRODUCER_ADDR1>7440 WOODLAND DR</PRODUCER_ADDR1>
    <PRODUCER_ADDR2></PRODUCER_ADDR2>
    <PRODUCER_ADDR3>INDIANAPOLIS IN, 46278-1720</PRODUCER_ADDR3>
    <PRODUCER_PHONE_NUMBER>8009852870</PRODUCER_PHONE_NUMBER>
    <MODE>Monthly</MODE>
    <HOUSE_ACCOUNT>Y</HOUSE_ACCOUNT>
    <COMPANY_CODE>05</COMPANY_CODE>
    <IMAGE_NAME>YES</IMAGE_NAME>
    <PRODUCT_NAME>DENTAL GEN 3 PLAN</PRODUCT_NAME>
    <DNR>N</DNR>
    <PERM_ADDRESS1>GENERAL DELIVERY</PERM_ADDRESS1>
    <PERM_ADDRESS2></PERM_ADDRESS2>
    <PERM_ADDRESS3>MORGANTOWN WV, 26505</PERM_ADDRESS3>
    <TOBACCO_USE_PI>N</TOBACCO_USE_PI>
    <UWCLASSH>
      <POLICY_NO>440063119</POLICY_NO>
      <RECORD_SEQUENCE>1</RECORD_SEQUENCE>
      <UWCLASS_NAME>Category Test</UWCLASS_NAME>
      <FAMILY_RLTN_CODE>I</FAMILY_RLTN_CODE>
      <UWCLASS_TOBACCO>Non Tobacco</UWCLASS_TOBACCO>
      <UWCLASS_DOB>04/04/53</UWCLASS_DOB>
      <UWCLASS_GENDER>Male</UWCLASS_GENDER>
    </UWCLASSH>
  </PRIMARYH>
  <PRIMARYH>
    <POLICY_NO>440063121</POLICY_NO>
    <PRODUCT>DENTAL GEN 3 PLAN</PRODUCT>
    <JURISDICTION>LA</JURISDICTION>
    <LANGUAGE>English</LANGUAGE>
    <EFFDATE>2018-11-06</EFFDATE>
    <DESTINATION>PA</DESTINATION>
    <ROUTING>IL</ROUTING>
    <RUN_SEQUENCE>1</RUN_SEQUENCE>
    <POLICY_NO_HYPHEN>440-063-121</POLICY_NO_HYPHEN>
    <REASON_CODE>ISS</REASON_CODE>
    <EFFECTIVE_DATE_MIXED>November 6- 2018</EFFECTIVE_DATE_MIXED>
    <RENEWAL_DATE>December 6- 2018</RENEWAL_DATE>
    <DEPT_DESK>$DEFWEB1</DEPT_DESK>
    <DENTALRDR_INDICATOR>K</DENTALRDR_INDICATOR>
    <VISIONRDR_INDICATOR>N</VISIONRDR_INDICATOR>
    <HEARING_INDICATOR>N</HEARING_INDICATOR>
    <DENTAL_PREMIUM>26.10</DENTAL_PREMIUM>
    <TOTAL_PAYMENT>$26.10</TOTAL_PAYMENT>
    <TOTAL_ANNUAL_PREMIUM>$313.20</TOTAL_ANNUAL_PREMIUM>
    <FILE_CREATE_DATE>2018-12-26</FILE_CREATE_DATE>
    <INSURED_NAME_UPPER>CATEGORY D TEST</INSURED_NAME_UPPER>
    <INSURED_NAME_MIXED>Category D Test</INSURED_NAME_MIXED>
    <MAILING_ADDR1>GENERAL DELIVERY</MAILING_ADDR1>
    <MAILING_ADDR2></MAILING_ADDR2>
    <MAILING_ADDR3>RACELAND LA, 70394</MAILING_ADDR3>
    <PRODUCER_NUMBER>4005234</PRODUCER_NUMBER>
    <PRODUCER_NAME_UPPER>UNITEDHEALTHONE DIRECT SALES</PRODUCER_NAME_UPPER>
    <PRODUCER_NAME_MIXED>Unitedhealthone Direct Sales:</PRODUCER_NAME_MIXED>
    <PRODUCER_ADDR1>7440 WOODLAND DR</PRODUCER_ADDR1>
    <PRODUCER_ADDR2></PRODUCER_ADDR2>
    <PRODUCER_ADDR3>INDIANAPOLIS IN, 46278-1720</PRODUCER_ADDR3>
    <PRODUCER_PHONE_NUMBER>8009852870</PRODUCER_PHONE_NUMBER>
    <MODE>Monthly</MODE>
    <HOUSE_ACCOUNT>Y</HOUSE_ACCOUNT>
    <COMPANY_CODE>05</COMPANY_CODE>
    <IMAGE_NAME>YES</IMAGE_NAME>
    <PRODUCT_NAME>DENTAL GEN 3 PLAN</PRODUCT_NAME>
    <DNR>N</DNR>
    <PERM_ADDRESS1>GENERAL DELIVERY</PERM_ADDRESS1>
    <PERM_ADDRESS2></PERM_ADDRESS2>
    <PERM_ADDRESS3>RACELAND LA, 70394</PERM_ADDRESS3>
    <TOBACCO_USE_PI>N</TOBACCO_USE_PI>
    <UWCLASSH>
      <POLICY_NO>440063121</POLICY_NO>
      <RECORD_SEQUENCE>1</RECORD_SEQUENCE>
      <UWCLASS_NAME>Category D Test</UWCLASS_NAME>
      <FAMILY_RLTN_CODE>I</FAMILY_RLTN_CODE>
      <UWCLASS_TOBACCO>Non Tobacco</UWCLASS_TOBACCO>
      <UWCLASS_DOB>02/02/62</UWCLASS_DOB>
      <UWCLASS_GENDER>Female</UWCLASS_GENDER>
    </UWCLASSH>
  </PRIMARYH>
  <PRIMARYH>
    <POLICY_NO>440063161</POLICY_NO>
    <PRODUCT>DENTAL GEN 3 PLAN</PRODUCT>
    <JURISDICTION>LA</JURISDICTION>
    <LANGUAGE>English</LANGUAGE>
    <EFFDATE>2018-11-17</EFFDATE>
    <DESTINATION>PA</DESTINATION>
    <ROUTING>IL</ROUTING>
    <RUN_SEQUENCE>1</RUN_SEQUENCE>
    <POLICY_NO_HYPHEN>440-063-161</POLICY_NO_HYPHEN>
    <REASON_CODE>ISS</REASON_CODE>
    <EFFECTIVE_DATE_MIXED>November 17- 2018</EFFECTIVE_DATE_MIXED>
    <RENEWAL_DATE>December 17- 2018</RENEWAL_DATE>
    <DEPT_DESK>$DEFWEB1</DEPT_DESK>
    <DENTALRDR_INDICATOR>S</DENTALRDR_INDICATOR>
    <VISIONRDR_INDICATOR>N</VISIONRDR_INDICATOR>
    <HEARING_INDICATOR>Y</HEARING_INDICATOR>
    <DENTAL_PREMIUM>40.85</DENTAL_PREMIUM>
    <HEARING_PREMIUM>$5.39</HEARING_PREMIUM>
    <TOTAL_PAYMENT>$46.24</TOTAL_PAYMENT>
    <TOTAL_ANNUAL_PREMIUM>$554.88</TOTAL_ANNUAL_PREMIUM>
    <FILE_CREATE_DATE>2018-12-26</FILE_CREATE_DATE>
    <INSURED_NAME_UPPER>CATEGORY TEST</INSURED_NAME_UPPER>
    <INSURED_NAME_MIXED>Category Test</INSURED_NAME_MIXED>
    <MAILING_ADDR1>GENERAL DELIVERY</MAILING_ADDR1>
    <MAILING_ADDR2></MAILING_ADDR2>
    <MAILING_ADDR3>LULING LA, 70070</MAILING_ADDR3>
    <PRODUCER_NUMBER>4005234</PRODUCER_NUMBER>
    <PRODUCER_NAME_UPPER>UNITEDHEALTHONE DIRECT SALES</PRODUCER_NAME_UPPER>
    <PRODUCER_NAME_MIXED>Unitedhealthone Direct Sales:</PRODUCER_NAME_MIXED>
    <PRODUCER_ADDR1>7440 WOODLAND DR</PRODUCER_ADDR1>
    <PRODUCER_ADDR2></PRODUCER_ADDR2>
    <PRODUCER_ADDR3>INDIANAPOLIS IN, 46278-1720</PRODUCER_ADDR3>
    <PRODUCER_PHONE_NUMBER>8009852870</PRODUCER_PHONE_NUMBER>
    <MODE>Monthly</MODE>
    <HOUSE_ACCOUNT>Y</HOUSE_ACCOUNT>
    <COMPANY_CODE>05</COMPANY_CODE>
    <IMAGE_NAME>YES</IMAGE_NAME>
    <PRODUCT_NAME>DENTAL GEN 3 PLAN</PRODUCT_NAME>
    <DNR>N</DNR>
    <PERM_ADDRESS1>GENERAL DELIVERY</PERM_ADDRESS1>
    <PERM_ADDRESS2></PERM_ADDRESS2>
    <PERM_ADDRESS3>LULING LA, 70070</PERM_ADDRESS3>
    <TOBACCO_USE_PI>N</TOBACCO_USE_PI>
    <UWCLASSH>
      <POLICY_NO>440063161</POLICY_NO>
      <RECORD_SEQUENCE>1</RECORD_SEQUENCE>
      <UWCLASS_NAME>Category Test</UWCLASS_NAME>
      <FAMILY_RLTN_CODE>I</FAMILY_RLTN_CODE>
      <UWCLASS_TOBACCO>Non Tobacco</UWCLASS_TOBACCO>
      <UWCLASS_DOB>03/03/52</UWCLASS_DOB>
      <UWCLASS_GENDER>Male</UWCLASS_GENDER>
    </UWCLASSH>
  </PRIMARYH>
  <PRIMARYH>
    <POLICY_NO>440063163</POLICY_NO>
    <PRODUCT>DENTAL GEN 3 PLAN</PRODUCT>
    <JURISDICTION>LA</JURISDICTION>
    <LANGUAGE>English</LANGUAGE>
    <EFFDATE>2018-11-17</EFFDATE>
    <DESTINATION>PA</DESTINATION>
    <ROUTING>IL</ROUTING>
    <RUN_SEQUENCE>1</RUN_SEQUENCE>
    <POLICY_NO_HYPHEN>440-063-163</POLICY_NO_HYPHEN>
    <REASON_CODE>ISS</REASON_CODE>
    <EFFECTIVE_DATE_MIXED>November 17- 2018</EFFECTIVE_DATE_MIXED>
    <RENEWAL_DATE>December 17- 2018</RENEWAL_DATE>
    <DEPT_DESK>$DEFWEB1</DEPT_DESK>
    <DENTALRDR_INDICATOR>T</DENTALRDR_INDICATOR>
    <VISIONRDR_INDICATOR>N</VISIONRDR_INDICATOR>
    <HEARING_INDICATOR>Y</HEARING_INDICATOR>
    <DENTAL_PREMIUM>36.12</DENTAL_PREMIUM>
    <HEARING_PREMIUM>$5.39</HEARING_PREMIUM>
    <TOTAL_PAYMENT>$41.51</TOTAL_PAYMENT>
    <TOTAL_ANNUAL_PREMIUM>$498.12</TOTAL_ANNUAL_PREMIUM>
    <FILE_CREATE_DATE>2018-12-26</FILE_CREATE_DATE>
    <INSURED_NAME_UPPER>CATEGORY TEST</INSURED_NAME_UPPER>
    <INSURED_NAME_MIXED>Category Test</INSURED_NAME_MIXED>
    <MAILING_ADDR1>GENERAL DELIVERY</MAILING_ADDR1>
    <MAILING_ADDR2></MAILING_ADDR2>
    <MAILING_ADDR3>LULING LA, 70070</MAILING_ADDR3>
    <PRODUCER_NUMBER>4005234</PRODUCER_NUMBER>
    <PRODUCER_NAME_UPPER>UNITEDHEALTHONE DIRECT SALES</PRODUCER_NAME_UPPER>
    <PRODUCER_NAME_MIXED>Unitedhealthone Direct Sales:</PRODUCER_NAME_MIXED>
    <PRODUCER_ADDR1>7440 WOODLAND DR</PRODUCER_ADDR1>
    <PRODUCER_ADDR2></PRODUCER_ADDR2>
    <PRODUCER_ADDR3>INDIANAPOLIS IN, 46278-1720</PRODUCER_ADDR3>
    <PRODUCER_PHONE_NUMBER>8009852870</PRODUCER_PHONE_NUMBER>
    <MODE>Monthly</MODE>
    <HOUSE_ACCOUNT>Y</HOUSE_ACCOUNT>
    <COMPANY_CODE>05</COMPANY_CODE>
    <IMAGE_NAME>YES</IMAGE_NAME>
    <PRODUCT_NAME>DENTAL GEN 3 PLAN</PRODUCT_NAME>
    <DNR>N</DNR>
    <PERM_ADDRESS1>GENERAL DELIVERY</PERM_ADDRESS1>
    <PERM_ADDRESS2></PERM_ADDRESS2>
    <PERM_ADDRESS3>LULING LA, 70070</PERM_ADDRESS3>
    <TOBACCO_USE_PI>N</TOBACCO_USE_PI>
    <UWCLASSH>
      <POLICY_NO>440063163</POLICY_NO>
      <RECORD_SEQUENCE>1</RECORD_SEQUENCE>
      <UWCLASS_NAME>Category Test</UWCLASS_NAME>
      <FAMILY_RLTN_CODE>I</FAMILY_RLTN_CODE>
      <UWCLASS_TOBACCO>Non Tobacco</UWCLASS_TOBACCO>
      <UWCLASS_DOB>04/04/51</UWCLASS_DOB>
      <UWCLASS_GENDER>Male</UWCLASS_GENDER>
    </UWCLASSH>
  </PRIMARYH>
</UH1MFPolicyRequest>