<?xml version="1.0" encoding="ISO-8859-15"?>                                                                                                                                                                                                                   
<UHOne>                                                                                                                                                                                                                                                        
  <Header>                                                                                                                                                                                                                                                     
    <BatchRunDate>2018-12-28 05:48:20.290</BatchRunDate>                                                                                                                                                                                                       
    <BatchID>49</BatchID>                                                                                                                                                                                                                                      
    <LoadType>Test</LoadType>                                                                                                                                                                                                                                  
    <SchemaVersion>1.0</SchemaVersion>                                                                                                                                                                                                                         
  </Header>                                                                                                                                                                                                                                                    
  <Contract>                                                                                                                                                                                                                                                   
    <General>                                                                                                                                                                                                                                                  
      <DocUniqueID></DocUniqueID>                                                                                                                                                                                                                              
      <SubscriberID>440061486</SubscriberID>                                                                                                                                                                                                                   
      <SubscriberFullName>Eulalia Bergstrom</SubscriberFullName>                                                                                                                                                                                               
      <PlanID>D2E00001</PlanID>                                                                                                                                                                                                                                
      <Company>05</Company>                                                                                                                                                                                                                                    
      <ClassID>LALA</ClassID>                                                                                                                                                                                                                                  
      <PlanEffectiveDate>2018-10-13</PlanEffectiveDate>                                                                                                                                                                                                        
      <PlanRenewalDate>2018-11-13</PlanRenewalDate>                                                                                                                                                                                                            
      <Language>ENGL</Language>                                                                                                                                                                                                                                
      <MailingName>Eulalia Bergstrom</MailingName>                                                                                                                                                                                                             
      <MailingAddress1>2822 Hanifan Lane</MailingAddress1>                                                                                                                                                                                                     
      <MailingAddress2></MailingAddress2>                                                                                                                                                                                                                      
      <MailingCity>Thibodaux</MailingCity>                                                                                                                                                                                                                     
      <MailingState>LA</MailingState>                                                                                                                                                                                                                          
      <MailingZip>70301</MailingZip>                                                                                                                                                                                                                           
      <MailingCountry>United States</MailingCountry>                                                                                                                                                                                                           
      <MailingIndicator>Y</MailingIndicator>                                                                                                                                                                                                                   
      <BrokerNPN>4005234</BrokerNPN>                                                                                                                                                                                                                           
      <BrokerFullName>UNITEDHEALTHONE DIRECT SALES</BrokerFullName>                                                                                                                                                                                            
      <BrokerAddress1>7440 WOODLAND DR</BrokerAddress1>                                                                                                                                                                                                        
      <BrokerAddress2></BrokerAddress2>                                                                                                                                                                                                                        
      <BrokerCity>INDIANAPOLIS</BrokerCity>                                                                                                                                                                                                                    
      <BrokerState>IN</BrokerState>                                                                                                                                                                                                                            
      <BrokerZip>46278-1720</BrokerZip>                                                                                                                                                                                                                        
      <BrokerPhone>8009852870</BrokerPhone>                                                                                                                                                                                                                    
      <ModesToBill>01</ModesToBill>                                                                                                                                                                                                                            
      <ModePayment>43.42</ModePayment>                                                                                                                                                                                                                         
      <RequestReason>SL</RequestReason>                                                                                                                                                                                                                        
      <UserID>mkuma219</UserID>                                                                                                                                                                                                                                
      <DeliveryMethod>Certificate</DeliveryMethod>                                                                                                                                                                                                             
      <EmbedDocument>N</EmbedDocument>                                                                                                                                                                                                                         
      <EmbededDocument></EmbededDocument>                                                                                                                                                                                                                      
    </General>                                                                                                                                                                                                                                                 
    <Product>                                                                                                                                                                                                                                                  
      <Dental>                                                                                                                                                                                                                                                 
        <DentalRate>43.42</DentalRate>                                                                                                                                                                                                                         
        <VisionRate></VisionRate>                                                                                                                                                                                                                              
      </Dental>                                                                                                                                                                                                                                                
    </Product>                                                                                                                                                                                                                                                 
<MemberRestriction></MemberRestriction>                                                                                                                                                                                                                        

<MemberCoverage><MemberFullName>Eulalia Bergstrom</MemberFullName><MemberSfx>00</MemberSfx><MemberRelation>Subscriber</MemberRelation><MemberEffectiveDate>2018-10-13</MemberEffectiveDate><MemberDOB>1941-01-27</MemberDOB><MemberGender>Male</MemberGender><MemberTobacco>Non-Smoker</MemberTobacco></MemberCoverage>
<MemberCoverage><MemberFullName>Jaunita Bergstrom</MemberFullName><MemberSfx>01</MemberSfx><MemberRelation>Wife</MemberRelation><MemberEffectiveDate>2018-10-13</MemberEffectiveDate><MemberDOB>1943-03-27</MemberDOB><MemberGender>Female</MemberGender><MemberTobacco>Smoker</MemberTobacco></MemberCoverage>
  </Contract>                                                                                                                                                                                                                                                  
  <Trailer>                                                                                                                                                                                                                                                    
    <TotalRecords>1</TotalRecords>                                                                                                                                                                                                                             
  </Trailer>                                                                                                                                                                                                                                                   
</UHOne>                                                                                                                                                                                                                                                       
