<?xml version="1.0" encoding="ISO-8859-15"?>                                                                                                                                                                                                                   
<UHOne>                                                                                                                                                                                                                                                        
  <Header>                                                                                                                                                                                                                                                     
    <BatchRunDate>2018-12-18 00:45:07.617</BatchRunDate>                                                                                                                                                                                                       
    <BatchID>37</BatchID>                                                                                                                                                                                                                                      
    <LoadType>Test</LoadType>                                                                                                                                                                                                                                  
    <SchemaVersion>1.0</SchemaVersion>                                                                                                                                                                                                                         
  </Header>                                                                                                                                                                                                                                                    
  <Contract>                                                                                                                                                                                                                                                   
    <General>                                                                                                                                                                                                                                                  
      <DocUniqueID></DocUniqueID>                                                                                                                                                                                                                              
      <SubscriberID>440063119</SubscriberID>                                                                                                                                                                                                                   
      <SubscriberFullName>Category Test</SubscriberFullName>                                                                                                                                                                                                   
      <PlanID>D3GS0V01</PlanID>                                                                                                                                                                                                                                
      <Company>05</Company>                                                                                                                                                                                                                                    
      <ClassID>WVWV</ClassID>                                                                                                                                                                                                                                  
      <PlanEffectiveDate>2018-11-06</PlanEffectiveDate>                                                                                                                                                                                                        
      <PlanRenewalDate>2018-12-06</PlanRenewalDate>                                                                                                                                                                                                            
      <Language>ENGL</Language>                                                                                                                                                                                                                                
      <MailingName>Category Test</MailingName>                                                                                                                                                                                                                 
      <MailingAddress1>GENERAL DELIVERY</MailingAddress1>                                                                                                                                                                                                      
      <MailingAddress2></MailingAddress2>                                                                                                                                                                                                                      
      <MailingCity>MORGANTOWN</MailingCity>                                                                                                                                                                                                                    
      <MailingState>WV</MailingState>                                                                                                                                                                                                                          
      <MailingZip>26505</MailingZip>                                                                                                                                                                                                                           
      <MailingCountry>United States</MailingCountry>                                                                                                                                                                                                           
      <MailingIndicator>Y</MailingIndicator>                                                                                                                                                                                                                   
      <BrokerNPN>4005234</BrokerNPN>                                                                                                                                                                                                                           
      <BrokerFullName>UNITEDHEALTHONE DIRECT SALES</BrokerFullName>                                                                                                                                                                                            
      <BrokerAddress1>7440 WOODLAND DR</BrokerAddress1>                                                                                                                                                                                                        
      <BrokerAddress2></BrokerAddress2>                                                                                                                                                                                                                        
      <BrokerCity>INDIANAPOLIS</BrokerCity>                                                                                                                                                                                                                    
      <BrokerState>IN</BrokerState>                                                                                                                                                                                                                            
      <BrokerZip>46278-1720</BrokerZip>                                                                                                                                                                                                                        
      <BrokerPhone>8009852870</BrokerPhone>                                                                                                                                                                                                                    
      <ModesToBill>01</ModesToBill>                                                                                                                                                                                                                            
      <ModePayment>42.78</ModePayment>                                                                                                                                                                                                                         
      <RequestReason>SL</RequestReason>                                                                                                                                                                                                                        
      <UserID>bmeek1</UserID>                                                                                                                                                                                                                                  
      <DeliveryMethod>Certificate</DeliveryMethod>                                                                                                                                                                                                             
      <EmbedDocument>N</EmbedDocument>                                                                                                                                                                                                                         
      <EmbededDocument></EmbededDocument>                                                                                                                                                                                                                      
    </General>                                                                                                                                                                                                                                                 
    <Product>                                                                                                                                                                                                                                                  
      <Dental>                                                                                                                                                                                                                                                 
        <DentalRate>31.69</DentalRate>                                                                                                                                                                                                                         
        <VisionRate>5.70</VisionRate>                                                                                                                                                                                                                          
        <HearingRate>5.39</HearingRate>                                                                                                                                                                                                                        
      </Dental>                                                                                                                                                                                                                                                
    </Product>                                                                                                                                                                                                                                                 
<MemberRestriction></MemberRestriction>                                                                                                                                                                                                                        

<MemberCoverage><MemberFullName>Category Test</MemberFullName><MemberSfx>00</MemberSfx><MemberRelation>Subscriber</MemberRelation><MemberEffectiveDate>2018-11-06</MemberEffectiveDate><MemberDOB>1953-04-04</MemberDOB><MemberGender>Male</MemberGender><MemberTobacco>Non-Smoker</MemberTobacco></MemberCoverage>
  </Contract>                                                                                                                                                                                                                                                  
  <Contract>                                                                                                                                                                                                                                                   
    <General>                                                                                                                                                                                                                                                  
      <DocUniqueID></DocUniqueID>                                                                                                                                                                                                                              
      <SubscriberID>440063121</SubscriberID>                                                                                                                                                                                                                   
      <SubscriberFullName>Category D Test</SubscriberFullName>                                                                                                                                                                                                 
      <PlanID>D3PP0001</PlanID>                                                                                                                                                                                                                                
      <Company>05</Company>                                                                                                                                                                                                                                    
      <ClassID>LALA</ClassID>                                                                                                                                                                                                                                  
      <PlanEffectiveDate>2018-11-06</PlanEffectiveDate>                                                                                                                                                                                                        
      <PlanRenewalDate>2018-12-06</PlanRenewalDate>                                                                                                                                                                                                            
      <Language>ENGL</Language>                                                                                                                                                                                                                                
      <MailingName>Category D Test</MailingName>                                                                                                                                                                                                               
      <MailingAddress1>GENERAL DELIVERY</MailingAddress1>                                                                                                                                                                                                      
      <MailingAddress2></MailingAddress2>                                                                                                                                                                                                                      
      <MailingCity>RACELAND</MailingCity>                                                                                                                                                                                                                      
      <MailingState>LA</MailingState>                                                                                                                                                                                                                          
      <MailingZip>70394</MailingZip>                                                                                                                                                                                                                           
      <MailingCountry>United States</MailingCountry>                                                                                                                                                                                                           
      <MailingIndicator>Y</MailingIndicator>                                                                                                                                                                                                                   
      <BrokerNPN>4005234</BrokerNPN>                                                                                                                                                                                                                           
      <BrokerFullName>UNITEDHEALTHONE DIRECT SALES</BrokerFullName>                                                                                                                                                                                            
      <BrokerAddress1>7440 WOODLAND DR</BrokerAddress1>                                                                                                                                                                                                        
      <BrokerAddress2></BrokerAddress2>                                                                                                                                                                                                                        
      <BrokerCity>INDIANAPOLIS</BrokerCity>                                                                                                                                                                                                                    
      <BrokerState>IN</BrokerState>                                                                                                                                                                                                                            
      <BrokerZip>46278-1720</BrokerZip>                                                                                                                                                                                                                        
      <BrokerPhone>8009852870</BrokerPhone>                                                                                                                                                                                                                    
      <ModesToBill>01</ModesToBill>                                                                                                                                                                                                                            
      <ModePayment>26.10</ModePayment>                                                                                                                                                                                                                         
      <RequestReason>SL</RequestReason>                                                                                                                                                                                                                        
      <UserID>$DEFWEB1</UserID>                                                                                                                                                                                                                                
      <DeliveryMethod>Certificate</DeliveryMethod>                                                                                                                                                                                                             
      <EmbedDocument>N</EmbedDocument>                                                                                                                                                                                                                         
      <EmbededDocument></EmbededDocument>                                                                                                                                                                                                                      
    </General>                                                                                                                                                                                                                                                 
    <Product>                                                                                                                                                                                                                                                  
      <Dental>                                                                                                                                                                                                                                                 
        <DentalRate>26.10</DentalRate>                                                                                                                                                                                                                         
        <VisionRate></VisionRate>                                                                                                                                                                                                                              
        <HearingRate></HearingRate>                                                                                                                                                                                                                            
      </Dental>                                                                                                                                                                                                                                                
    </Product>                                                                                                                                                                                                                                                 
<MemberRestriction></MemberRestriction>                                                                                                                                                                                                                        

<MemberCoverage><MemberFullName>Category D Test</MemberFullName><MemberSfx>00</MemberSfx><MemberRelation>Subscriber</MemberRelation><MemberEffectiveDate>2018-11-06</MemberEffectiveDate><MemberDOB>1962-02-02</MemberDOB><MemberGender>Female</MemberGender><MemberTobacco>Non-Smoker</MemberTobacco></MemberCoverage>
  </Contract>                                                                                                                                                                                                                                                  
  <Contract>                                                                                                                                                                                                                                                   
    <General>                                                                                                                                                                                                                                                  
      <DocUniqueID></DocUniqueID>                                                                                                                                                                                                                              
      <SubscriberID>440063161</SubscriberID>                                                                                                                                                                                                                   
      <SubscriberFullName>Category Test</SubscriberFullName>                                                                                                                                                                                                   
      <PlanID>D3GP0001</PlanID>                                                                                                                                                                                                                                
      <Company>05</Company>                                                                                                                                                                                                                                    
      <ClassID>LALA</ClassID>                                                                                                                                                                                                                                  
      <PlanEffectiveDate>2018-11-17</PlanEffectiveDate>                                                                                                                                                                                                        
      <PlanRenewalDate>2018-12-17</PlanRenewalDate>                                                                                                                                                                                                            
      <Language>ENGL</Language>                                                                                                                                                                                                                                
      <MailingName>Category Test</MailingName>                                                                                                                                                                                                                 
      <MailingAddress1>GENERAL DELIVERY</MailingAddress1>                                                                                                                                                                                                      
      <MailingAddress2></MailingAddress2>                                                                                                                                                                                                                      
      <MailingCity>LULING</MailingCity>                                                                                                                                                                                                                        
      <MailingState>LA</MailingState>                                                                                                                                                                                                                          
      <MailingZip>70070</MailingZip>                                                                                                                                                                                                                           
      <MailingCountry>United States</MailingCountry>                                                                                                                                                                                                           
      <MailingIndicator>Y</MailingIndicator>                                                                                                                                                                                                                   
      <BrokerNPN>4005234</BrokerNPN>                                                                                                                                                                                                                           
      <BrokerFullName>UNITEDHEALTHONE DIRECT SALES</BrokerFullName>                                                                                                                                                                                            
      <BrokerAddress1>7440 WOODLAND DR</BrokerAddress1>                                                                                                                                                                                                        
      <BrokerAddress2></BrokerAddress2>                                                                                                                                                                                                                        
      <BrokerCity>INDIANAPOLIS</BrokerCity>                                                                                                                                                                                                                    
      <BrokerState>IN</BrokerState>                                                                                                                                                                                                                            
      <BrokerZip>46278-1720</BrokerZip>                                                                                                                                                                                                                        
      <BrokerPhone>8009852870</BrokerPhone>                                                                                                                                                                                                                    
      <ModesToBill>01</ModesToBill>                                                                                                                                                                                                                            
      <ModePayment>46.24</ModePayment>                                                                                                                                                                                                                         
      <RequestReason>SL</RequestReason>                                                                                                                                                                                                                        
      <UserID>$DEFWEB1</UserID>                                                                                                                                                                                                                                
      <DeliveryMethod>Certificate</DeliveryMethod>                                                                                                                                                                                                             
      <EmbedDocument>N</EmbedDocument>                                                                                                                                                                                                                         
      <EmbededDocument></EmbededDocument>                                                                                                                                                                                                                      
    </General>                                                                                                                                                                                                                                                 
    <Product>                                                                                                                                                                                                                                                  
      <Dental>                                                                                                                                                                                                                                                 
        <DentalRate>40.85</DentalRate>                                                                                                                                                                                                                         
        <VisionRate></VisionRate>                                                                                                                                                                                                                              
        <HearingRate>5.39</HearingRate>                                                                                                                                                                                                                        
      </Dental>                                                                                                                                                                                                                                                
    </Product>                                                                                                                                                                                                                                                 
<MemberRestriction></MemberRestriction>                                                                                                                                                                                                                        

<MemberCoverage><MemberFullName>Category Test</MemberFullName><MemberSfx>00</MemberSfx><MemberRelation>Subscriber</MemberRelation><MemberEffectiveDate>2018-11-17</MemberEffectiveDate><MemberDOB>1952-03-03</MemberDOB><MemberGender>Male</MemberGender><MemberTobacco>Non-Smoker</MemberTobacco></MemberCoverage>
  </Contract>                                                                                                                                                                                                                                                  
  <Contract>                                                                                                                                                                                                                                                   
    <General>                                                                                                                                                                                                                                                  
      <DocUniqueID></DocUniqueID>                                                                                                                                                                                                                              
      <SubscriberID>440063163</SubscriberID>                                                                                                                                                                                                                   
      <SubscriberFullName>Category Test</SubscriberFullName>                                                                                                                                                                                                   
      <PlanID>D3GB0001</PlanID>                                                                                                                                                                                                                                
      <Company>05</Company>                                                                                                                                                                                                                                    
      <ClassID>LALA</ClassID>                                                                                                                                                                                                                                  
      <PlanEffectiveDate>2018-11-17</PlanEffectiveDate>                                                                                                                                                                                                        
      <PlanRenewalDate>2018-12-17</PlanRenewalDate>                                                                                                                                                                                                            
      <Language>ENGL</Language>                                                                                                                                                                                                                                
      <MailingName>Category Test</MailingName>                                                                                                                                                                                                                 
      <MailingAddress1>GENERAL DELIVERY</MailingAddress1>                                                                                                                                                                                                      
      <MailingAddress2></MailingAddress2>                                                                                                                                                                                                                      
      <MailingCity>LULING</MailingCity>                                                                                                                                                                                                                        
      <MailingState>LA</MailingState>                                                                                                                                                                                                                          
      <MailingZip>70070</MailingZip>                                                                                                                                                                                                                           
      <MailingCountry>United States</MailingCountry>                                                                                                                                                                                                           
      <MailingIndicator>Y</MailingIndicator>                                                                                                                                                                                                                   
      <BrokerNPN>4005234</BrokerNPN>                                                                                                                                                                                                                           
      <BrokerFullName>UNITEDHEALTHONE DIRECT SALES</BrokerFullName>                                                                                                                                                                                            
      <BrokerAddress1>7440 WOODLAND DR</BrokerAddress1>                                                                                                                                                                                                        
      <BrokerAddress2></BrokerAddress2>                                                                                                                                                                                                                        
      <BrokerCity>INDIANAPOLIS</BrokerCity>                                                                                                                                                                                                                    
      <BrokerState>IN</BrokerState>                                                                                                                                                                                                                            
      <BrokerZip>46278-1720</BrokerZip>                                                                                                                                                                                                                        
      <BrokerPhone>8009852870</BrokerPhone>                                                                                                                                                                                                                    
      <ModesToBill>01</ModesToBill>                                                                                                                                                                                                                            
      <ModePayment>41.51</ModePayment>                                                                                                                                                                                                                         
      <RequestReason>SL</RequestReason>                                                                                                                                                                                                                        
      <UserID>$DEFWEB1</UserID>                                                                                                                                                                                                                                
      <DeliveryMethod>Certificate</DeliveryMethod>                                                                                                                                                                                                             
      <EmbedDocument>N</EmbedDocument>                                                                                                                                                                                                                         
      <EmbededDocument></EmbededDocument>                                                                                                                                                                                                                      
    </General>                                                                                                                                                                                                                                                 
    <Product>                                                                                                                                                                                                                                                  
      <Dental>                                                                                                                                                                                                                                                 
        <DentalRate>36.12</DentalRate>                                                                                                                                                                                                                         
        <VisionRate></VisionRate>                                                                                                                                                                                                                              
        <HearingRate>5.39</HearingRate>                                                                                                                                                                                                                        
      </Dental>                                                                                                                                                                                                                                                
    </Product>                                                                                                                                                                                                                                                 
<MemberRestriction></MemberRestriction>                                                                                                                                                                                                                        

<MemberCoverage><MemberFullName>Category Test</MemberFullName><MemberSfx>00</MemberSfx><MemberRelation>Subscriber</MemberRelation><MemberEffectiveDate>2018-11-17</MemberEffectiveDate><MemberDOB>1951-04-04</MemberDOB><MemberGender>Male</MemberGender><MemberTobacco>Non-Smoker</MemberTobacco></MemberCoverage>
  </Contract>                                                                                                                                                                                                                                                  
  <Trailer>                                                                                                                                                                                                                                                    
    <TotalRecords>4</TotalRecords>                                                                                                                                                                                                                             
  </Trailer>                                                                                                                                                                                                                                                   
</UHOne>                                                                                                                                                                                                                                                       
