<?xml version='1.0' encoding='windows-1252'?>
<UH1MFPolicyRequest>
  <File_Name>UH1_FACETS_DENTAL_Certificate_201890115.xml</File_Name>
  <PRIMARYH>
    <POLICY_NO>440061486</POLICY_NO>
    <PRODUCT>DENTAL PLANS</PRODUCT>
    <JURISDICTION>LA</JURISDICTION>
    <LANGUAGE>English</LANGUAGE>
    <EFFDATE>2018-10-13</EFFDATE>
    <DESTINATION>PA</DESTINATION>
    <ROUTING>IL</ROUTING>
    <RUN_SEQUENCE>1</RUN_SEQUENCE>
    <POLICY_NO_HYPHEN>440-061-486</POLICY_NO_HYPHEN>
    <REASON_CODE>ISS</REASON_CODE>
    <EFFECTIVE_DATE_MIXED>October 13- 2018</EFFECTIVE_DATE_MIXED>
    <RENEWAL_DATE>November 13- 2018</RENEWAL_DATE>
    <DEPT_DESK>mkuma219</DEPT_DESK>
    <DENTALRDR_INDICATOR>4</DENTALRDR_INDICATOR>
    <VISIONRDR_INDICATOR>N</VISIONRDR_INDICATOR>
    <DENTAL_PREMIUM>43.42</DENTAL_PREMIUM>
    <TOTAL_PAYMENT>$43.42</TOTAL_PAYMENT>
    <FILE_CREATE_DATE>2019-01-15</FILE_CREATE_DATE>
    <INSURED_NAME_UPPER>EULALIA BERGSTROM</INSURED_NAME_UPPER>
    <INSURED_NAME_MIXED>Eulalia Bergstrom</INSURED_NAME_MIXED>
    <MAILING_ADDR1>2822 HANIFAN LANE</MAILING_ADDR1>
    <MAILING_ADDR2></MAILING_ADDR2>
    <MAILING_ADDR3>THIBODAUX LA, 70301</MAILING_ADDR3>
    <PRODUCER_NUMBER>4005234</PRODUCER_NUMBER>
    <PRODUCER_NAME_UPPER>UNITEDHEALTHONE DIRECT SALES</PRODUCER_NAME_UPPER>
    <PRODUCER_NAME_MIXED>Unitedhealthone Direct Sales:</PRODUCER_NAME_MIXED>
    <PRODUCER_ADDR1>7440 WOODLAND DR</PRODUCER_ADDR1>
    <PRODUCER_ADDR2></PRODUCER_ADDR2>
    <PRODUCER_ADDR3>INDIANAPOLIS IN, 46278-1720</PRODUCER_ADDR3>
    <PRODUCER_PHONE_NUMBER>8009852870</PRODUCER_PHONE_NUMBER>
    <MODE>Monthly</MODE>
    <HOUSE_ACCOUNT>Y</HOUSE_ACCOUNT>
    <COMPANY_CODE>05</COMPANY_CODE>
    <IMAGE_NAME>YES</IMAGE_NAME>
    <PRODUCT_NAME>DENTAL PLANS</PRODUCT_NAME>
    <DNR>N</DNR>
    <PERM_ADDRESS1>2822 HANIFAN LANE</PERM_ADDRESS1>
    <PERM_ADDRESS2></PERM_ADDRESS2>
    <PERM_ADDRESS3>THIBODAUX LA, 70301</PERM_ADDRESS3>
    <TOBACCO_USE_PI>N</TOBACCO_USE_PI>
    <SPOUSE_NAME>Jaunita Bergstrom</SPOUSE_NAME>
    <TOBACCO_USE_SP>Y</TOBACCO_USE_SP>
    <UWCLASSH>
      <POLICY_NO>440061486</POLICY_NO>
      <RECORD_SEQUENCE>1</RECORD_SEQUENCE>
      <UWCLASS_NAME>Eulalia Bergstrom</UWCLASS_NAME>
      <UWCLASS_TOBACCO>Non Tobacco</UWCLASS_TOBACCO>
      <UWCLASS_DOB>01/27/41</UWCLASS_DOB>
      <UWCLASS_GENDER>Male</UWCLASS_GENDER>
    </UWCLASSH>
    <UWCLASSH>
      <POLICY_NO>440061486</POLICY_NO>
      <RECORD_SEQUENCE>2</RECORD_SEQUENCE>
      <UWCLASS_NAME>Jaunita Bergstrom</UWCLASS_NAME>
      <UWCLASS_TOBACCO>Tobacco</UWCLASS_TOBACCO>
      <UWCLASS_DOB>03/27/43</UWCLASS_DOB>
      <UWCLASS_GENDER>Female</UWCLASS_GENDER>
    </UWCLASSH>
  </PRIMARYH>
</UH1MFPolicyRequest>