<!--
#################################################################
# Title  : Brcp_PreProc_CC_New.xml
# Purpose: Pre-Process Steps for Credit Card Receipt Processing Batch
# Log    : 
# Initial revision.
#################################################################
-->
<Job>
    <Category name="Indicative">
        <Item name="JobName">Brcp_PreProc_CC_New</Item>
        <Item name="JobDescription">Pre-Process Credit Card Receipt Processing Batch Procedure Book</Item>
    </Category>
<!--
##################################################################
# Step   1000
##################################################################
-->
    <Step number="1000">
        <Category name="Indicative">
            <Item name="StepName">Brcp_PreProc_CC_New_1000</Item>
            <Item name="StepDescription">Ftp the input file from NAS</Item>
            <Item name="StepNumber">1000</Item>
        </Category>
<!--
##################################################################
# Action   1000_1000
##################################################################
-->
        <Action number="1000_1000">
            <Category name="Indicative">
                <Item name="ActionNumber">1000_1000</Item>
                <Item name="ProgramName">VBscript</Item>
            </Category>
            <ScriptInfo>
                <Script>FA_CopyDelArch_SourceToDest.vbs</Script>
                <Parameter>
                    <Item>
                        <Name>l_strSrcFileDir</Name>
                        <Value>Config("SourceDir")</Value>
                    </Item>
                    <Item>
                        <Name>l_strDestFileDir</Name>
                        <Value>Config("DestDir")</Value>
                    </Item>
                    <Item>
                        <Name>l_strFileName</Name>
                        <Value>Config("FileName")</Value>
                    </Item>
					 <Item>
                        <Name>l_function</Name>
                        <Value>COPY</Value>
                    </Item>
                </Parameter>
            </ScriptInfo>
        </Action>
		 </Step>    
		
<!--
#################################################################
# Step   2000
#################################################################
-->
    <Step number="2000">
        <Category name="Indicative">
            <Item name="StepName">Brcp_PreProc_CC_New_2000</Item>
            <Item name="StepDescription">Update the run date in the config.xml</Item>
            <Item name="StepNumber">2000</Item>
        </Category>
<!--
#################################################################
# Action   2000_1000
#################################################################
-->
        <Action number="2000_1000">
            <Category name="Indicative">
                <Item name="ActionNumber">2000_1000</Item>
                <Item name="ProgramName">DLL</Item>
            </Category>
            <FunctionInfo>
                <Function>UpdateDicOverride</Function>
                <Parameter>
                    <Item>
                        <Name>Item</Name>
                        <Value>RunDate</Value>
                    </Item>
                </Parameter>
            </FunctionInfo>
        </Action>
    </Step>    
</Job>
