<!--
#################################################################
# Title  : PostProcBinb.xml
# Purpose: Post-Process Steps Binb batch
# $Log:   
# Initial revision.
#################################################################
-->
<Job>
    <Category name="Indicative">
        <Item name="JobName">PostProcBinb</Item>
        <Item name="JobDescription">Post-Process Steps Binb batch Procedure Book</Item>
    </Category>
<!--
##################################################################
# Step   1000
##################################################################
-->
    <Step number="1000">
        <Category name="Indicative">
            <Item name="StepName">PostProcBinb_1000</Item>
            <Item name="StepDescription">Remove the Input file</Item>
            <Item name="StepNumber">1000</Item>
        </Category>
		
		<!--
#################################################################
# Action   1000_1000
#################################################################
-->
        <Action number="1000_1000">
            <Category name="Indicative">
                <Item name="ActionNumber">1000_1000</Item>
                <Item name="ProgramName">VBscript</Item>
            </Category>
            <ScriptInfo>
                <Script>FA_CopyDelArch_SourceToDest.vbs</Script>
                <Parameter>
                    <Item>
                        <Name>l_strSrcFileDir</Name>
                        <Value>Config("SourceDir")</Value>
                    </Item>
                    <Item>
                        <Name>l_strDestFileDir</Name>
                        <Value>Config("ArchDir")</Value>
                    </Item>
                    <Item>
                        <Name>l_strFileName</Name>
                        <Value>Config("FileName")</Value>
                    </Item>
					 <Item>
                        <Name>l_function</Name>
                        <Value>ARCHIVE</Value>
                    </Item>
                </Parameter>
            </ScriptInfo>
        </Action>
		
<!--
#################################################################
# Action   1000_2000
#################################################################
-->
        <Action number="1000_2000">
            <Category name="Indicative">
                <Item name="ActionNumber">1000_2000</Item>
                <Item name="ProgramName">VBscript</Item>
            </Category>
            <ScriptInfo>
                <Script>FA_CopyDelArch_SourceToDest.vbs</Script>
                <Parameter>
                    <Item>
                        <Name>l_strSrcFileDir</Name>
                        <Value>Config("SourceDir")</Value>
                    </Item>
                    <Item>
                        <Name>l_strDestFileDir</Name>
                        <Value>Config("OnBaseDir")</Value>
                    </Item>
                    <Item>
                        <Name>l_strFileName</Name>
                        <Value>Config("FileName")</Value>
                    </Item>
					 <Item>
                        <Name>l_function</Name>
                        <Value>COPY</Value>
                    </Item>
                </Parameter>
            </ScriptInfo>
        </Action>
 
<!--
#################################################################
# Action   1000_3000
#################################################################
-->
        <Action number="1000_3000">
            <Category name="Indicative">
                <Item name="ActionNumber">1000_3000</Item>
                <Item name="ProgramName">VBscript</Item>
            </Category>
            <ScriptInfo>
                <Script>FA_CopyDelArch_SourceToDest.vbs</Script>
                <Parameter>
                    <Item>
                        <Name>l_strSrcFileDir</Name>
                        <Value>Config("SourceDir")</Value>
                    </Item>
                    <Item>
                        <Name>l_strDestFileDir</Name>
                        <Value>Config("ClaimsDir")</Value>
                    </Item>
                    <Item>
                        <Name>l_strFileName</Name>
                        <Value>Config("FileName")</Value>
                    </Item>
					 <Item>
                        <Name>l_function</Name>
                        <Value>COPY</Value>
                    </Item>
                </Parameter>
            </ScriptInfo>
        </Action> 
<!--
##################################################################
# Action   1000_4000
##################################################################
-->
         <Action number="1000_4000">
            <Category name="Indicative">
                <Item name="ActionNumber">1000_4000</Item>
                <Item name="ProgramName">VBscript</Item>
            </Category>
            <ScriptInfo>
                <Script>FA_CopyDelArch_SourceToDest.vbs</Script>
                <Parameter>
                    <Item>
                        <Name>l_strSrcFileDir</Name>
                        <Value>Config("SourceDir")</Value>
                    </Item>
                    <Item>
                        <Name>l_strFileName</Name>
                        <Value>Config("FileName")</Value>
                    </Item>
					 <Item>
                        <Name>l_function</Name>
                        <Value>DELETE</Value>
                    </Item>
                </Parameter>
            </ScriptInfo>
        </Action>
		<!--
##################################################################
# Action   1000_5000
##################################################################
-->
         <Action number="1000_5000">
            <Category name="Indicative">
                <Item name="ActionNumber">1000_5000</Item>
                <Item name="ProgramName">VBscript</Item>
            </Category>
            <ScriptInfo>
                <Script>FA_CopyDelArch_SourceToDest.vbs</Script>
                 <Parameter>
                    <Item>
                        <Name>l_strSrcFileDir</Name>
                        <Value>Config("KeywordSourceDir")</Value>
                    </Item>
                    <Item>
                        <Name>l_strDestFileDir</Name>
                        <Value>Config("KeywordNasDir")</Value>
                    </Item>
                    <Item>
                        <Name>l_strFileName</Name>
                        <Value>Config("KeywordFileName")</Value>
                    </Item>
					 <Item>
                        <Name>l_function</Name>
                        <Value>COPY</Value>
                    </Item>
                </Parameter>
            </ScriptInfo>
        </Action>
		
		<!--
##################################################################
# Action   1000_6000
##################################################################
-->
         <Action number="1000_6000">
            <Category name="Indicative">
                <Item name="ActionNumber">1000_6000</Item>
                <Item name="ProgramName">VBscript</Item>
            </Category>
            <ScriptInfo>
                <Script>FA_CopyDelArch_SourceToDest.vbs</Script>
                 <Parameter>
                    <Item>
                        <Name>l_strSrcFileDir</Name>
                        <Value>Config("KeywordSourceDir")</Value>
                    </Item>
                    <Item>
                        <Name>l_strDestFileDir</Name>
                        <Value>Config("KeywordArchiveDir")</Value>
                    </Item>
                    <Item>
                        <Name>l_strFileName</Name>
                        <Value>Config("KeywordFileName")</Value>
                    </Item>
					 <Item>
                        <Name>l_function</Name>
                        <Value>ARCHIVE</Value>
                    </Item>
                </Parameter>
            </ScriptInfo>
        </Action>
		
		<!--
##################################################################
# Action   1000_7000
##################################################################
-->
         <Action number="1000_7000">
            <Category name="Indicative">
                <Item name="ActionNumber">1000_7000</Item>
                <Item name="ProgramName">VBscript</Item>
            </Category>
            <ScriptInfo>
                <Script>FA_CopyDelArch_SourceToDest.vbs</Script>
                 <Parameter>
                    <Item>
                        <Name>l_strSrcFileDir</Name>
                        <Value>Config("KeywordSourceDir")</Value>
                    </Item>
                    <Item>
                        <Name>l_strFileName</Name>
                        <Value>Config("KeywordFileName")</Value>
                    </Item>
					 <Item>
                        <Name>l_function</Name>
                        <Value>DELETE</Value>
                    </Item>
                </Parameter>
            </ScriptInfo>
        </Action>
		
		<!--
##################################################################
# Action   1000_8000
##################################################################
-->
         <Action number="1000_8000">
            <Category name="Indicative">
                <Item name="ActionNumber">1000_8000</Item>
                <Item name="ProgramName">VBscript</Item>
            </Category>
            <ScriptInfo>
                <Script>FA_CopyDelArch_SourceToDest.vbs</Script>
                 <Parameter>
                    <Item>
                        <Name>l_strSrcFileDir</Name>
                        <Value>Config("AckSourceDir")</Value>
                    </Item>
                    <Item>
                        <Name>l_strDestFileDir</Name>
                        <Value>Config("AckArchiveDir")</Value>
                    </Item>
                    <Item>
                        <Name>l_strFileName</Name>
                        <Value>Config("AckFileName")</Value>
                    </Item>
					 <Item>
                        <Name>l_function</Name>
                        <Value>ARCHIVE1</Value>
                    </Item>
                </Parameter>
            </ScriptInfo>
        </Action>
		
		<!--
##################################################################
# Action   1000_9000
##################################################################
-->
         <Action number="1000_9000">
            <Category name="Indicative">
                <Item name="ActionNumber">1000_9000</Item>
                <Item name="ProgramName">VBscript</Item>
            </Category>
            <ScriptInfo>
                <Script>FA_CopyDelArch_SourceToDest.vbs</Script>
                 <Parameter>
                    <Item>
                        <Name>l_strSrcFileDir</Name>
                        <Value>Config("AckSourceDir")</Value>
                    </Item>
                    <Item>
                        <Name>l_strDestFileDir</Name>
                        <Value>Config("AckNasDir")</Value>
                    </Item>
                    <Item>
                        <Name>l_strFileName</Name>
                        <Value>Config("AckFileName")</Value>
                    </Item>
					 <Item>
                        <Name>l_function</Name>
                        <Value>FirstSourceSRENAME</Value>
                    </Item>
                </Parameter>
            </ScriptInfo>
        </Action>
		
		<!--
##################################################################
# Action   1000_10000
##################################################################
-->
         <Action number="1000_10000">
            <Category name="Indicative">
                <Item name="ActionNumber">1000_10000</Item>
                <Item name="ProgramName">VBscript</Item>
            </Category>
            <ScriptInfo>
                <Script>FA_CopyDelArch_SourceToDest.vbs</Script>
                 <Parameter>
                    <Item>
                        <Name>l_strSrcFileDir</Name>
                        <Value>Config("AckSourceDir")</Value>
                    </Item>                   
                    <Item>
                        <Name>l_strFileName</Name>
                        <Value>Config("AckFileName")</Value>
                    </Item>
					 <Item>
                        <Name>l_function</Name>
                        <Value>DELETE</Value>
                    </Item>
                </Parameter>
            </ScriptInfo>
        </Action>
    </Step>
<!--
##################################################################
# Step   2000
##################################################################
-->
    <Step number="2000">
        <Category name="Indicative">
            <Item name="StepName">PostProcBinb_2000</Item>
            <Item name="StepDescription">Identify the log file name for the batch</Item>
            <Item name="StepNumber">2000</Item>
        </Category>
<!--
##################################################################
# Action   2000_1000
##################################################################
-->
        <Action number="2000_1000">
            <Category name="Indicative">
                <Item name="ActionNumber">2000_1000</Item>
                <Item name="ProgramName">DLL</Item>
            </Category>
            <FunctionInfo>
                <Function>GetLogFileName</Function>
                <Parameter>
                    <Item>
                        <Name>ProductName</Name>
                        <Value>Config("ProductName")</Value>
                    </Item>
                    <Item>
                        <Name>BatchName</Name>
                        <Value>Config("ProductAppId")</Value>
                    </Item>
                </Parameter>
            </FunctionInfo>
        </Action>
    </Step>
<!--
##################################################################
# Step   3000
##################################################################
-->
    <Step number="3000">
        <Category name="Indicative">
            <Item name="StepName">PostProcBinb_3000</Item>
            <Item name="StepDescription">Mail the log file</Item>
            <Item name="StepNumber">3000</Item>
        </Category>
<!--
##################################################################
# Action   3000_1000
##################################################################
-->
        <Action number="3000_1000">
            <Category name="Indicative">
                <Item name="ActionNumber">3000_1000</Item>
                <Item name="ProgramName">DLL</Item>
            </Category>
            <FunctionInfo>
                <Function>SendMail</Function>
                <Parameter>
                    <Item>
                        <Name>To</Name>
                        <Value>Config("Mail_to_ok")</Value>
                    </Item>
                    <Item>
                        <Name>Subject</Name>
                        <Value>Config("Subject")</Value>
                    </Item>
                    <Item>
                        <Name>Body</Name>
                        <Value>Config("LogFileName")</Value>
                    </Item>
                </Parameter>
            </FunctionInfo>
        </Action>
    </Step>
</Job>
