<!--
#################################################################
# Title  : PostProcBaix.xml
# Purpose: Post-Process Steps Binb batch
# $Log:   
# Initial revision.
#################################################################
-->
<Job>
    <Category name="Indicative">
        <Item name="JobName">PostProcBaix</Item>
        <Item name="JobDescription">Post-Process Baix Procedure Book</Item>
    </Category>
<!--
##################################################################
# Step   1000
##################################################################
-->
    <Step number="1000">
        <Category name="Indicative">
            <Item name="StepName">PostProcBaix_1000</Item>
            <Item name="StepDescription">Remove the Input file</Item>
            <Item name="StepNumber">1000</Item>
        </Category>

    </Step>
<!--
##################################################################
# Step   2000
##################################################################
-->
    <Step number="2000">
        <Category name="Indicative">
            <Item name="StepName">PostProcBaix_2000</Item>
            <Item name="StepDescription">Identify the log file name for the batch</Item>
            <Item name="StepNumber">2000</Item>
        </Category>
<!--
##################################################################
# Action   2000_1000
##################################################################
-->
        <Action number="2000_1000">
            <Category name="Indicative">
                <Item name="ActionNumber">2000_1000</Item>
                <Item name="ProgramName">DLL</Item>
            </Category>
            <FunctionInfo>
                <Function>GetLogFileName</Function>
                <Parameter>
                    <Item>
                        <Name>ProductName</Name>
                        <Value>Config("ProductName")</Value>
                    </Item>
                    <Item>
                        <Name>BatchName</Name>
                        <Value>Config("ProductAppId")</Value>
                    </Item>
                </Parameter>
            </FunctionInfo>
        </Action>
    </Step>
<!--
##################################################################
# Step   3000
##################################################################
-->
    <Step number="3000">
        <Category name="Indicative">
            <Item name="StepName">PostProcBaix_3000</Item>
            <Item name="StepDescription">Mail the log file</Item>
            <Item name="StepNumber">3000</Item>
        </Category>
<!--
##################################################################
# Action   3000_1000
##################################################################
-->
        <Action number="3000_1000">
            <Category name="Indicative">
                <Item name="ActionNumber">3000_1000</Item>
                <Item name="ProgramName">DLL</Item>
            </Category>
            <FunctionInfo>
                <Function>SendMail</Function>
                <Parameter>
                    <Item>
                        <Name>To</Name>
                        <Value>Config("Mail_to_ok")</Value>
                    </Item>
                    <Item>
                        <Name>Subject</Name>
                        <Value>Config("Subject")</Value>
                    </Item>
                    <Item>
                        <Name>Body</Name>
                        <Value>Config("LogFileName")</Value>
                    </Item>
                </Parameter>
            </FunctionInfo>
        </Action>
    </Step>
</Job>
