<!--
#################################################################
# Title  : PostProcBotb.xml
# Purpose: Post-Process Steps Botb batch
# $Log:   
# Initial revision.
#################################################################
-->
<Job>
    <Category name="Indicative">
        <Item name="JobName">PostProcBotb</Item>
        <Item name="JobDescription">Post-Process Steps Botb batch Procedure Book</Item>
    </Category>
<!--
##################################################################
# Step   1000
##################################################################
-->
    <Step number="1000">
        <Category name="Indicative">
            <Item name="StepName">PostProcBotb_1000</Item>
            <Item name="StepDescription">Remove the Input file</Item>
            <Item name="StepNumber">1000</Item>
        </Category>
		
	
		<!--
#################################################################
# Action   1000_1000
#################################################################
-->
        <Action number="1000_1000">
            <Category name="Indicative">
                <Item name="ActionNumber">1000_1000</Item>
                <Item name="ProgramName">VBscript</Item>
            </Category>
            <ScriptInfo>
                <Script>FA_CopyDelArch_SourceToDest.vbs</Script>
                <Parameter>
                    <Item>
                        <Name>l_strSrcFileDir</Name>
                        <Value>Config("SourceDir")</Value>
                    </Item>
                    <Item>
                        <Name>l_strDestFileDir</Name>
                        <Value>Config("ArchDir")</Value>
                    </Item>
                    <Item>
                        <Name>l_strFileName</Name>
                        <Value>Config("FileName")</Value>
                    </Item>
					 <Item>
                        <Name>l_function</Name>
                        <Value>ARCHIVE</Value>
                    </Item>
                </Parameter>
            </ScriptInfo>
        </Action>
    
<!--
##################################################################
# Action   1000_2000
##################################################################
-->
         <Action number="1000_2000">
            <Category name="Indicative">
                <Item name="ActionNumber">1000_2000</Item>
                <Item name="ProgramName">VBscript</Item>
            </Category>
            <ScriptInfo>
                <Script>FA_CopyDelArch_SourceToDest.vbs</Script>
                <Parameter>
                    <Item>
                        <Name>l_strSrcFileDir</Name>
                        <Value>Config("SourceDir")</Value>
                    </Item>
                    <Item>
                        <Name>l_strFileName</Name>
                        <Value>Config("FileName")</Value>
                    </Item>
					 <Item>
                        <Name>l_function</Name>
                        <Value>DELETE</Value>
                    </Item>
                </Parameter>
            </ScriptInfo>
        </Action>
		<!--
##################################################################
# Action   1000_3000
##################################################################
-->
         <Action number="1000_3000">
            <Category name="Indicative">
                <Item name="ActionNumber">1000_3000</Item>
                <Item name="ProgramName">VBscript</Item>
            </Category>
            <ScriptInfo>
                <Script>FA_CopyDelArch_SourceToDest.vbs</Script>
                 <Parameter>
                    <Item>
                        <Name>l_strSrcFileDir</Name>
                        <Value>Config("EDISourceDir")</Value>
                    </Item>
                    <Item>
                        <Name>l_strDestFileDir</Name>
                        <Value>Config("EDIArchiveDir")</Value>
                    </Item>
                    <Item>
                        <Name>l_strFileName</Name>
                        <Value>Config("EDIFileName")</Value>
                    </Item>
					 <Item>
                        <Name>l_function</Name>
                        <Value>ARCHIVE</Value>
                    </Item>
                </Parameter>
            </ScriptInfo>
        </Action>
		
		<!--
##################################################################
# Action   1000_4000
##################################################################
-->
         <Action number="1000_4000">
            <Category name="Indicative">
                <Item name="ActionNumber">1000_4000</Item>
                <Item name="ProgramName">VBscript</Item>
            </Category>
            <ScriptInfo>
                <Script>FA_CopyDelArch_SourceToDest.vbs</Script>
                 <Parameter>
                    <Item>
                        <Name>l_strSrcFileDir</Name>
                        <Value>Config("EDISourceDir")</Value>
                    </Item>
                    <Item>
                        <Name>l_strDestFileDir</Name>
                        <Value>Config("EDINasDir")</Value>
                    </Item>
                      <Item>
                        <Name>l_strFileExt</Name>  --Output File Extension
                        <Value>Config("OutputFileExt")</Value>
                    </Item>
                      <Item>
                        <Name>l_function</Name>
                        <Value>RENAME</Value>
                    </Item>
                </Parameter>
            </ScriptInfo>
        </Action>
		  </Step>
<!--
##################################################################
# Step   3000
##################################################################
-->
    <Step number="3000">
        <Category name="Indicative">
            <Item name="StepName">PostProcBotb_3000</Item>
            <Item name="StepDescription">Mail the log file</Item>
            <Item name="StepNumber">3000</Item>
        </Category>
<!--
##################################################################
# Action   3000_1000
##################################################################
-->
        <Action number="3000_1000">
            <Category name="Indicative">
                <Item name="ActionNumber">3000_1000</Item>
                <Item name="ProgramName">DLL</Item>
            </Category>
            <FunctionInfo>
                <Function>SendMail</Function>
                <Parameter>
                    <Item>
                        <Name>To</Name>
                        <Value>Config("Mail_to_ok")</Value>
                    </Item>
                    <Item>
                        <Name>Subject</Name>
                        <Value>Config("Subject")</Value>
                    </Item>
                    <Item>
                        <Name>Body</Name>
                        <Value>Config("LogFileName")</Value>
                    </Item>
                </Parameter>
            </FunctionInfo>
        </Action>
    </Step>
</Job>
