<ListMemberClaimStatus_ByMemberKeyResponse>
   <Subscriber_Id>440006465</Subscriber_Id>
   <Member_Key>325201</Member_Key>
   <Service_Dt>2017-09-29</Service_Dt>
   <ProviderTax_Id>650533762</ProviderTax_Id>
   <Charge_Amount>90627.3000</Charge_Amount>
   <AppResponse>Claims Information Returned Successfully</AppResponse>
   <AppReturn_Code>200</AppReturn_Code>
   <Member_Records>
      <MemberClaims_Information>
         <MemberClaim_Id>180730000100</MemberClaim_Id>
         <MemberClaim_Status>02</MemberClaim_Status>
         <MemberClaimStatus_Desc>Completed</MemberClaimStatus_Desc>
         <MemberProduct_Id>HP2CP001</MemberProduct_Id>
         <MemberProduct_Desc>Health ProtectorGuard Choice Plus</MemberProduct_Desc>
         <MemberDOS_Low>2017-09-29</MemberDOS_Low>
         <MemberDOS_High>2017-10-11</MemberDOS_High>
         <MemberCharge_Amt>90627.30</MemberCharge_Amt>
         <MemberRepriced_Amt>12100.00</MemberRepriced_Amt>
         <MemberClaim_RemarkCD/>
         <MemberClaim_RemarkDesc/>
         <MemberClaim_ReasonCD/>
         <MemberClaim_ReasonDesc/>
         <MemberClaim_ProcessDt>2018-06-12</MemberClaim_ProcessDt>
         <MemberTotalAmount_Payable>12100.00</MemberTotalAmount_Payable>
         <MemberPatient_LiabilityAmount>0.00</MemberPatient_LiabilityAmount>
         <MemberProvider_TaxId>270036484</MemberProvider_TaxId>
         <MemberAmount_Information>
            <MemberAllowed_Amt>12100.00</MemberAllowed_Amt>
            <MemberApplied_Ded>0.00</MemberApplied_Ded>
            <MemberCopay_Amt>0.00</MemberCopay_Amt>
            <MemberTotalAmount_Paid>12100.00</MemberTotalAmount_Paid>
            <MemberProvider_PaidAmount>12100.00</MemberProvider_PaidAmount>
            <MemberInsured_PaidAmount>0.00</MemberInsured_PaidAmount>
            <MemberTotal_ProvPayment>12100.00</MemberTotal_ProvPayment>
            <MemberTotal_InsPayment>0.00</MemberTotal_InsPayment>
         </MemberAmount_Information>
         <ProviderPayment_Information>
            <Payment_SentDt>2011-11-11</Payment_SentDt>
            <EOB_MailedDt>2011-11-11</EOB_MailedDt>
            <Draft_Number>EFT_TRANSMISSION</Draft_Number>
         </ProviderPayment_Information>
         <MemberPayment_Information>
            <Payment_SentDt/>
            <EOB_MailedDt/>
            <Draft_Number/>
         </MemberPayment_Information>
      </MemberClaims_Information>
      <MemberClaims_Information>
         <MemberClaim_Id>180730000100</MemberClaim_Id>
         <MemberClaim_Status>02</MemberClaim_Status>
         <MemberClaimStatus_Desc>Completed</MemberClaimStatus_Desc>
         <MemberProduct_Id>HP2CP001</MemberProduct_Id>
         <MemberProduct_Desc>Health ProtectorGuard Choice Plus</MemberProduct_Desc>
         <MemberDOS_Low>2017-09-29</MemberDOS_Low>
         <MemberDOS_High>2017-10-11</MemberDOS_High>
         <MemberCharge_Amt>90627.30</MemberCharge_Amt>
         <MemberRepriced_Amt>12100.00</MemberRepriced_Amt>
         <MemberClaim_RemarkCD/>
         <MemberClaim_RemarkDesc/>
         <MemberClaim_ReasonCD/>
         <MemberClaim_ReasonDesc/>
         <MemberClaim_ProcessDt>2018-06-12</MemberClaim_ProcessDt>
         <MemberTotalAmount_Payable>12100.00</MemberTotalAmount_Payable>
         <MemberPatient_LiabilityAmount>0.00</MemberPatient_LiabilityAmount>
         <MemberProvider_TaxId>270036484</MemberProvider_TaxId>
         <MemberAmount_Information>
            <MemberAllowed_Amt>12100.00</MemberAllowed_Amt>
            <MemberApplied_Ded>0.00</MemberApplied_Ded>
            <MemberCopay_Amt>0.00</MemberCopay_Amt>
            <MemberTotalAmount_Paid>12100.00</MemberTotalAmount_Paid>
            <MemberProvider_PaidAmount>12100.00</MemberProvider_PaidAmount>
            <MemberInsured_PaidAmount>0.00</MemberInsured_PaidAmount>
            <MemberTotal_ProvPayment>12100.00</MemberTotal_ProvPayment>
            <MemberTotal_InsPayment>0.00</MemberTotal_InsPayment>
         </MemberAmount_Information>
         <ProviderPayment_Information>
            <Payment_SentDt>2011-11-11</Payment_SentDt>
            <EOB_MailedDt>2011-11-11</EOB_MailedDt>
            <Draft_Number>EFT_TRANSMISSION</Draft_Number>
         </ProviderPayment_Information>
         <MemberPayment_Information>
            <Payment_SentDt/>
            <EOB_MailedDt/>
            <Draft_Number/>
         </MemberPayment_Information>
      </MemberClaims_Information>
   </Member_Records>
</ListMemberClaimStatus_ByMemberKeyResponse>