<!--
################################################################
# $Header:
# Title:  commonsystemprop.xml
# Purpose: Configuration File for Running the trizetto batches
# $Log:
# Initial revision.
# Version 1.1 - Initial Version - 07/01/2018
################################################################
-->
<!--
##===========================================================================##
##   Generic Information                                                     ##
##===========================================================================##-->
<System>
    <GenericConfig>
<!--Database Connection Details -->
        <Category name="FACETSDATABASE">
            <Item name="Provider">SQL Server Native Client 11.0</Item>
            <Item name="CustDatabase">uhocustomts02</Item>
            <Item name="Port">1433</Item>
            <Item name="DatabaseUserId">uho_fac_bat_tst</Item>
            <Item name="DatabasePassword">wc%22_YM</Item>
            <Item name="AdditionalParameter">MARS Connection=True</Item>
<!--        <Item name="AdditionalParameter">Integrated Security=SSPI</Item> -->
        </Category>
        <Category name="HIPAADATABASE">
            <Item name="HI_Provider">SQL Server Native Client 11.0</Item>
            <Item name="HI_DataSource"></Item>
            <Item name="HI_DatabaseServer"></Item>
            <Item name="HI_Port"></Item>
            <Item name="HI_DatabaseUserId"></Item>
            <Item name="HI_DatabasePassword"></Item>
        </Category>
        <Category name ="FILELOCATION">
            <Item name="ScriptsPath">E:\Batch_Framework\Scripts</Item>
            <Item name="WorkfilePath">E:\Batch_Framework\WorkFiles</Item>
            <Item name="RunBookPath">E:\TriZetto\Facets\Customer\Runbook</Item>
            <Item name="ConfigFilesPath">E:\Batch_Framework\ConfigFiles</Item>
            <Item name="LogDir">E:\Batch_Framework\Log</Item>
<!--        <Item name="BatchOutputDirectory">E:\TriZetto\Facets\Regions</Item>-->
            <Item name="BatchOutputDirectory">E:\TriZetto\Facets\Regions\uhohts02\Output</Item>
        </Category>
        <Category name="MAIL">
            <Item name="Mail Path">E:\Batch_Framework\Mail</Item>
            <Item name="Mail_ServerName">mailo2.uhc.com</Item>
            <Item name="Mail_Port">25</Item>
            <Item name="Sender">uho_sftp_tst@optum.com</Item>
        </Category>
<!--FTP Server Details -->
        <Category name="FTPUNIXBOX">
            <Item name="UN_ServerName"></Item>
            <Item name="UN_UserId"></Item>
            <Item name="UN_Password"></Item>
        </Category>
        <Category name="FTPWDRIVE">
            <Item name="WD_ServerName"></Item>
            <Item name="WD_UserId"></Item>
            <Item name="WD_Password"></Item>
        </Category>
        <Category name="NASDRIVE">
            <Item name="NAS_Path">\\nasv0015\uhof_facets_app_tst\tst02\uhone</Item>
        </Category>
    </GenericConfig>
<!--
##===========================================================================##
##   Batch Specific Information                                              ##
##===========================================================================##-->
      <BatchConfig>
 

 <!--Version 1.1 Optum Insight HIPAA Inbound Batch for Institutional File-->

       <Category name="OptumInsightHIPAABinbBatchi">
				<Item name="Mail_to_ok">FacetsBatchSupport</Item>
				<Item name="Subject">Log for Optum Insight HIPAA Inbound Batch - FaFhgRunBinb5x - Institutional</Item>
				<Item name="Body"></Item>
				<Item name="Mail_to_err">FacetsClaimsSupport</Item>
				<Item name="SourceDir">Config("NAS_Path")+\data\to_hipaagateway\INBOUND\OptumInsight\INST\</Item>
				<Item name="DestDir">E:\TIBCO\Instream\PF_PostOffice\Receive_ALL\IN\</Item>
				<Item name="BadDir">E:\TIBCO\Instream\PF_PostOffice\Receive_ALL\BAD\</Item>
				<Item name="BadArchDir">E:\TIBCO\Instream\PF_PostOffice\Receive_ALL\BAD\Archive\</Item>
				<Item name="BadNasDir">Config("NAS_Path")+\archive\data\from_hipaagateway\90Days\BadEDI\</Item>
				<Item name="OnBaseDir">\\nasv0015\uho_imagerepo_tst\UHO_OnBase\EDI\837</Item>
				<Item name="ArchDir">Config("NAS_Path")+\archive\data\to_hipaagateway\90Days\INBOUND\OptumInsight\INST\</Item>
				<Item name="KeywordNasDir">Config("NAS_Path")+\data\from_hipaagateway\OUTBOUND\OptumInsight\INST\Keyword\</Item>
				<Item name="KeywordSourceDir">E:\Mailbox\external_system\S_FACE_2232\</Item>
				<Item name="KeywordArchiveDir">E:\Mailbox\external_system\S_FACE_2232\Keyword_Archive\</Item>
				<Item name="AckNasDir">Config("NAS_Path")+\data\from_hipaagateway\OUTBOUND\OptumInsight\INST\ACK\</Item>
				<Item name="AckSourceDir">E:\TIBCO\Instream\PF_PostOffice\841162764\OUT\</Item>
				<Item name="AckArchiveDir">E:\TIBCO\Instream\PF_PostOffice\841162764\OUT\Ack_Archive\</Item>
				<Item name="FileName">GRF5I</Item>
				<Item name="KeywordFileName">FACE_2232</Item>
				<Item name="AckFileName">GRF5I</Item>
				<Item name="ProductAppId">BINB</Item>
				<Item name="ProductName">HG</Item>
				<Item name="Pre-Process">
							<Element name="Xml">PreProcBinb.xml</Element>
			    </Item>
				<Item name="Post-Process">
							<Element name="Xml">PostProcBinb.xml</Element>
							<Element name="BypassStep">3000</Element>	
				</Item>
							<Item name="OverrideParameters">
							<Element name="RunBookName">FaFhgRunBinb5x.xml</Element>
				</Item>
		</Category>

<!--Version 1.1 Optum Insight HIPAA Inbound Batch for Professional File-->

       <Category name="OptumInsightHIPAABinbBatchp">
				<Item name="Mail_to_ok">FacetsBatchSupport</Item>
				<Item name="Subject">Log for Optum Insight HIPAA Inbound Batch - FaFhgRunBinb5x - Professional</Item>
				<Item name="Body"></Item>
				<Item name="Mail_to_err">FacetsClaimsSupport</Item>
				<Item name="SourceDir">Config("NAS_Path")+\data\to_hipaagateway\INBOUND\OptumInsight\PROF\</Item>
				<Item name="DestDir">E:\TIBCO\Instream\PF_PostOffice\Receive_ALL\IN\</Item>
				<Item name="BadDir">E:\TIBCO\Instream\PF_PostOffice\Receive_ALL\BAD\</Item>
				<Item name="BadArchDir">E:\TIBCO\Instream\PF_PostOffice\Receive_ALL\BAD\Archive\</Item>
				<Item name="BadNasDir">Config("NAS_Path")+\archive\data\from_hipaagateway\90Days\BadEDI\</Item>
				<Item name="OnBaseDir">\\nasv0015\uho_imagerepo_tst\UHO_OnBase\EDI\837</Item>
				<Item name="ArchDir">Config("NAS_Path")+\archive\data\to_hipaagateway\90Days\INBOUND\OptumInsight\PROF\</Item>
				<Item name="KeywordNasDir">Config("NAS_Path")+\data\from_hipaagateway\OUTBOUND\OptumInsight\PROF\Keyword\</Item>
				<Item name="KeywordSourceDir">E:\Mailbox\external_system\S_FACE_2221\</Item>
				<Item name="KeywordArchiveDir">E:\Mailbox\external_system\S_FACE_2221\Keyword_Archive\</Item>
				<Item name="AckNasDir">Config("NAS_Path")+\data\from_hipaagateway\OUTBOUND\OptumInsight\PROF\ACK\</Item>
				<Item name="AckSourceDir">E:\TIBCO\Instream\PF_PostOffice\841162764\OUT\</Item>
				<Item name="AckArchiveDir">E:\TIBCO\Instream\PF_PostOffice\841162764\OUT\Ack_Archive\</Item>
				<Item name="FileName">GRF5P</Item>
				<Item name="KeywordFileName">FACE_2221</Item>
				<Item name="AckFileName">GRF5P</Item>
				<Item name="ProductAppId">BINB</Item>
				<Item name="ProductName">HG</Item>
				<Item name="Pre-Process">
							<Element name="Xml">PreProcBinb.xml</Element>
				</Item>
				<Item name="Post-Process">
							<Element name="Xml">PostProcBinb.xml</Element>
							<Element name="BypassStep">3000</Element>
				</Item>
				<Item name="OverrideParameters">
							<Element name="RunBookName">FaFhgRunBinb5x.xml</Element>
				</Item>
		</Category>



 <!--Version 1.2 Optum Insight BAIX Batch for Institutional Files-->

       <Category name="OptumInsightBAIXBatchi">
				<Item name="Mail_to_ok">FacetsBatchSupport</Item>
				<Item name="Subject">Log for Optum Insight Alternate Index Standalone Batch - FaFhgRunBaix - Institutional</Item>
				<Item name="Body"></Item>
				<Item name="Mail_to_err">FacetsClaimsSupport</Item>
				<Item name="SourceDir">Config("NAS_Path")+\data\to_hipaagateway\INBOUND\OptumInsight\INST\ALT_INDEX\</Item>
				<Item name="DestDir">E:\Mailbox\external_system\R_FACE_AIDX\</Item>
				<Item name="ArchDir">Config("NAS_Path")+\archive\data\to_hipaagateway\90Days\INBOUND\OptumInsight\INST\ALT_INDEX\</Item>
				<Item name="FileName">alt</Item>
				<Item name="ProductAppId">BINB</Item>
				<Item name="ProductName">HG</Item>
				<Item name="Pre-Process">
							<Element name="Xml">PreProcBaix.xml</Element>
				</Item>
				<Item name="Post-Process">
							<Element name="Xml">PostProcBaix.xml</Element>
							<Element name="BypassStep">3000</Element>	
				</Item>
				<Item name="OverrideParameters">
							<Element name="RunBookName">FaFhgRunBaix.xml</Element>
				</Item>
		</Category>

<!--Version 1.2 Optum Insight BAIX Batch for Professional Files-->

       <Category name="OptumInsightBAIXBatchp">
				<Item name="Mail_to_ok">FacetsBatchSupport</Item>
				<Item name="Subject">Log for Optum Insight Alternate Index Standalone Batch - FaFhgRunBaix - Professional</Item>
				<Item name="Body"></Item>
				<Item name="Mail_to_err">FacetsClaimsSupport</Item>
				<Item name="SourceDir">Config("NAS_Path")+\data\to_hipaagateway\INBOUND\OptumInsight\PROF\ALT_INDEX\</Item>
				<Item name="DestDir">E:\Mailbox\external_system\R_FACE_AIDX\</Item>
				<Item name="ArchDir">Config("NAS_Path")+\archive\data\to_hipaagateway\90Days\INBOUND\OptumInsight\PROF\ALT_INDEX\</Item>
				<Item name="FileName">alt</Item>
				<Item name="ProductAppId">BINB</Item>
				<Item name="ProductName">HG</Item>
				<Item name="Pre-Process">
							<Element name="Xml">PreProcBaix.xml</Element>
				</Item>
				<Item name="Post-Process">
							<Element name="Xml">PostProcBaix.xml</Element>
							<Element name="BypassStep">3000</Element>	
				</Item>
				<Item name="OverrideParameters">
							<Element name="RunBookName">FaFhgRunBaix.xml</Element>
				</Item>
		</Category>


<!--Version 1.1 HMS HIPAA Inbound Batch for Institutional File-->

       <Category name="HMSHIPAABinbBatchi">
				<Item name="Mail_to_ok">FacetsBatchSupport</Item>
				<Item name="Subject">Log for HMS HIPAA Inbound Batch - FaFhgRunBinb5x - Institutional</Item>
				<Item name="Body"></Item>
				<Item name="Mail_to_err">FacetsClaimsSupport</Item>
				<Item name="SourceDir">Config("NAS_Path")+\data\to_hipaagateway\INBOUND\Splitter\HMS\INST\</Item>
				<Item name="DestDir">E:\TIBCO\Instream\PF_PostOffice\Receive_ALL\IN\</Item>
				<Item name="BadDir">E:\TIBCO\Instream\PF_PostOffice\Receive_ALL\BAD\</Item>
				<Item name="BadArchDir">E:\TIBCO\Instream\PF_PostOffice\Receive_ALL\BAD\Archive\</Item>
				<Item name="BadNasDir">Config("NAS_Path")+\archive\data\from_hipaagateway\90Days\BadEDI\</Item>
				<!-- <Item name="OnBaseDir">\\nasv0015\uho_imagerepo_tst\UHO_OnBase\EDI\837</Item> -->
				<Item name="ArchDir">Config("NAS_Path")+\archive\data\to_hipaagateway\90Days\INBOUND\Splitter\HMS\INST\</Item>
				<Item name="KeywordNasDir">Config("NAS_Path")+\data\from_hipaagateway\OUTBOUND\HMS\INST\Keyword\</Item>
				<Item name="KeywordSourceDir">E:\Mailbox\external_system\S_FACE_2232\</Item>
				<Item name="KeywordArchiveDir">E:\Mailbox\external_system\S_FACE_2232\Keyword_Archive\</Item>
				<Item name="AckNasDir">Config("NAS_Path")+\data\from_hipaagateway\OUTBOUND\HMS\INST\ACK\</Item>
				<Item name="AckSourceDir">E:\TIBCO\Instream\PF_PostOffice\132770433\OUT\</Item>
				<Item name="AckArchiveDir">E:\TIBCO\Instream\PF_PostOffice\132770433\OUT\Ack_Archive\</Item>
				<Item name="FileName">.</Item>
				<Item name="KeywordFileName">FACE_2232</Item>
				<Item name="AckFileName">999</Item>
				<Item name="ProductAppId">BINB</Item>
				<Item name="ProductName">HG</Item>
				<Item name="Pre-Process">
							<Element name="Xml">PreProcBinb.xml</Element>
				</Item>
				<Item name="Post-Process">
							<Element name="Xml">PostProcBinb.xml</Element>
							<Element name="BypassStep">3000</Element>	
				</Item>
				<Item name="OverrideParameters">
							<Element name="RunBookName">FaFhgRunBinb5x.xml</Element>
				</Item>
		</Category>

<!--Version 1.1 HMS HIPAA Inbound Batch for Professional File-->

       <Category name="HMSHIPAABinbBatchp">
				<Item name="Mail_to_ok">FacetsBatchSupport</Item>
				<Item name="Subject">Log for HMS HIPAA Inbound Batch - FaFhgRunBinb5x - Professional</Item>
				<Item name="Body"></Item>
				<Item name="Mail_to_err">FacetsClaimsSupport</Item>
				<Item name="SourceDir">Config("NAS_Path")+\data\to_hipaagateway\INBOUND\Splitter\HMS\PROF\</Item>
				<Item name="DestDir">E:\TIBCO\Instream\PF_PostOffice\Receive_ALL\IN\</Item>
				<Item name="BadDir">E:\TIBCO\Instream\PF_PostOffice\Receive_ALL\BAD\</Item>
				<Item name="BadArchDir">E:\TIBCO\Instream\PF_PostOffice\Receive_ALL\BAD\Archive\</Item>
				<Item name="BadNasDir">Config("NAS_Path")+\archive\data\from_hipaagateway\90Days\BadEDI\</Item>
				<!-- <Item name="OnBaseDir">\\nasv0015\uho_imagerepo_tst\UHO_OnBase\EDI\837</Item> -->
				<Item name="ArchDir">Config("NAS_Path")+\archive\data\to_hipaagateway\90Days\INBOUND\Splitter\HMS\PROF\</Item>
				<Item name="KeywordNasDir">Config("NAS_Path")+\data\from_hipaagateway\OUTBOUND\HMS\PROF\Keyword\</Item>
				<Item name="KeywordSourceDir">E:\Mailbox\external_system\S_FACE_2221\</Item>
				<Item name="KeywordArchiveDir">E:\Mailbox\external_system\S_FACE_2221\Keyword_Archive\</Item>
				<Item name="AckNasDir">Config("NAS_Path")+\data\from_hipaagateway\OUTBOUND\HMS\PROF\ACK\</Item>
				<Item name="AckSourceDir">E:\TIBCO\Instream\PF_PostOffice\132770433\OUT\</Item>
				<Item name="AckArchiveDir">E:\TIBCO\Instream\PF_PostOffice\132770433\OUT\Ack_Archive\</Item>
				<Item name="FileName">.</Item>
				<Item name="KeywordFileName">FACE_2221</Item>
				<Item name="AckFileName">999</Item>
				<Item name="ProductAppId">BINB</Item>
				<Item name="ProductName">HG</Item>
				<Item name="Pre-Process">
							<Element name="Xml">PreProcBinb.xml</Element>
				</Item>
				<Item name="Post-Process">
							<Element name="Xml">PostProcBinb.xml</Element>
							<Element name="BypassStep">3000</Element>
				</Item>
				<Item name="OverrideParameters">
							<Element name="RunBookName">FaFhgRunBinb5x.xml</Element>
				</Item>
		</Category>

 <!--Version 1.2 HMS BAIX Batch for Institutional Files-->

       <Category name="HMSBAIXBatchi">
				<Item name="Mail_to_ok">FacetsBatchSupport</Item>
				<Item name="Subject">Log for HMS Alternate Index Standalone Batch - FaFhgRunBaix - Institutional</Item>
				<Item name="Body"></Item>
				<Item name="Mail_to_err">FacetsClaimsSupport</Item>
				<Item name="SourceDir">Config("NAS_Path")+\data\to_hipaagateway\INBOUND\HMS\INST\ALT_INDEX\</Item>
				<Item name="DestDir">E:\Mailbox\external_system\R_FACE_AIDX\</Item>
				<Item name="ArchDir">Config("NAS_Path")+\archive\data\to_hipaagateway\90Days\INBOUND\HMS\INST\ALT_INDEX\</Item>
				<Item name="FileName">alt</Item>
				<Item name="ProductAppId">BINB</Item>
				<Item name="ProductName">HG</Item>
				<Item name="Pre-Process">
							<Element name="Xml">PreProcBaix.xml</Element>
				</Item>
				<Item name="Post-Process">
							<Element name="Xml">PostProcBaix.xml</Element>
							<Element name="BypassStep">3000</Element>	
				</Item>
				<Item name="OverrideParameters">
							<Element name="RunBookName">FaFhgRunBaix.xml</Element>
				</Item>
		</Category>

<!--Version 1.2 HMS BAIX Batch for Professional Files-->

       <Category name="HMSBAIXBatchp">
				<Item name="Mail_to_ok">FacetsBatchSupport</Item>
				<Item name="Subject">Log for HMS Alternate Index Standalone Batch - FaFhgRunBaix - Professional</Item>
				<Item name="Body"></Item>
				<Item name="Mail_to_err">FacetsClaimsSupport</Item>
				<Item name="SourceDir">Config("NAS_Path")+\data\to_hipaagateway\INBOUND\HMS\PROF\ALT_INDEX\</Item>
				<Item name="DestDir">E:\Mailbox\external_system\R_FACE_AIDX\</Item>
				<Item name="ArchDir">Config("NAS_Path")+\archive\data\to_hipaagateway\90Days\INBOUND\HMS\PROF\ALT_INDEX\</Item>
				<Item name="FileName">alt</Item>
				<Item name="ProductAppId">BINB</Item>
				<Item name="ProductName">HG</Item>
				<Item name="Pre-Process">
							<Element name="Xml">PreProcBaix.xml</Element>
				</Item>
				<Item name="Post-Process">
							<Element name="Xml">PostProcBaix.xml</Element>
							<Element name="BypassStep">3000</Element>	
				</Item>
				<Item name="OverrideParameters">
							<Element name="RunBookName">FaFhgRunBaix.xml</Element>
				</Item>
		</Category>


<!--Version 1.1 COBA HIPAA Inbound Batch for Institutional File-->

       <Category name="COBAHIPAABinbBatchi">
				<Item name="Mail_to_ok">FacetsBatchSupport</Item>
				<Item name="Subject">Log for COBA HIPAA Inbound Batch - FaFhgRunBinb5x - Institutional</Item>
				<Item name="Body"></Item>
				<Item name="Mail_to_err">FacetsClaimsSupport</Item>
				<Item name="SourceDir">Config("NAS_Path")+\data\to_hipaagateway\INBOUND\Coba\INST\</Item>
				<Item name="DestDir">E:\TIBCO\Instream\PF_PostOffice\Receive_ALL\IN\</Item>
				<Item name="BadDir">E:\TIBCO\Instream\PF_PostOffice\Receive_ALL\BAD\</Item>
				<Item name="BadArchDir">E:\TIBCO\Instream\PF_PostOffice\Receive_ALL\BAD\Archive\</Item>
				<Item name="BadNasDir">Config("NAS_Path")+\archive\data\from_hipaagateway\90Days\BadEDI\</Item>
				<!-- <Item name="OnBaseDir">\\nasv0015\uho_imagerepo_tst\UHO_OnBase\EDI\837</Item> -->
				<Item name="ArchDir">Config("NAS_Path")+\archive\data\to_hipaagateway\90Days\INBOUND\Coba\INST\</Item>
				<Item name="KeywordNasDir">Config("NAS_Path")+\data\from_hipaagateway\OUTBOUND\Coba\INST\Keyword\</Item>
				<Item name="KeywordSourceDir">E:\Mailbox\external_system\S_FACE_2232\</Item>
				<Item name="KeywordArchiveDir">E:\Mailbox\external_system\S_FACE_2232\Keyword_Archive\</Item>
				<Item name="AckNasDir">Config("NAS_Path")+\data\from_hipaagateway\OUTBOUND\Coba\INST\ACK\</Item>
				<Item name="AckSourceDir">E:\TIBCO\Instream\PF_PostOffice\376028756\OUT\</Item>
				<Item name="AckArchiveDir">E:\TIBCO\Instream\PF_PostOffice\376028756\OUT\Ack_Archive\</Item>
				<Item name="FileName">.</Item>
				<Item name="KeywordFileName">FACE_2232</Item>
				<Item name="AckFileName">999</Item>
				<Item name="ProductAppId">BINB</Item>
				<Item name="ProductName">HG</Item>
				<Item name="Pre-Process">
							<Element name="Xml">PreProcBinb.xml</Element>
				</Item>
				<Item name="Post-Process">
							<Element name="Xml">PostProcBinb.xml</Element>
							<Element name="BypassStep">3000</Element>	
				</Item>
				<Item name="OverrideParameters">
							<Element name="RunBookName">FaFhgRunBinb5x.xml</Element>
				</Item>
		</Category>

<!--Version 1.1 COBA HIPAA Inbound Batch for Professional File-->

       <Category name="COBAHIPAABinbBatchp">
				<Item name="Mail_to_ok">FacetsBatchSupport</Item>
				<Item name="Subject">Log for COBA HIPAA Inbound Batch - FaFhgRunBinb5x - Professional</Item>
				<Item name="Body"></Item>
				<Item name="Mail_to_err">FacetsClaimsSupport</Item>
				<Item name="SourceDir">Config("NAS_Path")+\data\to_hipaagateway\INBOUND\Coba\PROF\</Item>
				<Item name="DestDir">E:\TIBCO\Instream\PF_PostOffice\Receive_ALL\IN\</Item>
				<Item name="BadDir">E:\TIBCO\Instream\PF_PostOffice\Receive_ALL\BAD\</Item>
				<Item name="BadArchDir">E:\TIBCO\Instream\PF_PostOffice\Receive_ALL\BAD\Archive\</Item>
				<Item name="BadNasDir">Config("NAS_Path")+\archive\data\from_hipaagateway\90Days\BadEDI\</Item>
				<!-- <Item name="OnBaseDir">\\nasv0015\uho_imagerepo_tst\UHO_OnBase\EDI\837</Item> -->
				<Item name="ArchDir">Config("NAS_Path")+\archive\data\to_hipaagateway\90Days\INBOUND\Coba\PROF\</Item>
				<Item name="KeywordNasDir">Config("NAS_Path")+\data\from_hipaagateway\OUTBOUND\Coba\PROF\Keyword\</Item>
				<Item name="KeywordSourceDir">E:\Mailbox\external_system\S_FACE_2221\</Item>
				<Item name="KeywordArchiveDir">E:\Mailbox\external_system\S_FACE_2221\Keyword_Archive\</Item>
				<Item name="AckNasDir">Config("NAS_Path")+\data\from_hipaagateway\OUTBOUND\Coba\PROF\ACK\</Item>
				<Item name="AckSourceDir">E:\TIBCO\Instream\PF_PostOffice\376028756\OUT\</Item>
				<Item name="AckArchiveDir">E:\TIBCO\Instream\PF_PostOffice\376028756\OUT\Ack_Archive\</Item>
				<Item name="FileName">.</Item>
				<Item name="KeywordFileName">FACE_2221</Item>
				<Item name="AckFileName">999</Item>
				<Item name="ProductAppId">BINB</Item>
				<Item name="ProductName">HG</Item>
				<Item name="Pre-Process">
							<Element name="Xml">PreProcBinb.xml</Element>
				</Item>
				<Item name="Post-Process">
							<Element name="Xml">PostProcBinb.xml</Element>
							<Element name="BypassStep">3000</Element>
				</Item>
				<Item name="OverrideParameters">
							<Element name="RunBookName">FaFhgRunBinb5x.xml</Element>
				</Item>
		</Category>


 <!--Version 1.2 COBA BAIX Batch for Institutional Files-->

       <Category name="COBABAIXBatchi">
				<Item name="Mail_to_ok">FacetsBatchSupport</Item>
				<Item name="Subject">Log for COBA Alternate Index Standalone Batch - FaFhgRunBaix - Institutional</Item>
				<Item name="Body"></Item>
				<Item name="Mail_to_err">FacetsClaimsSupport</Item>
				<Item name="SourceDir">Config("NAS_Path")+\data\to_hipaagateway\INBOUND\Coba\INST\ALT_INDEX\</Item>
				<Item name="DestDir">E:\Mailbox\external_system\R_FACE_AIDX\</Item>
				<Item name="ArchDir">Config("NAS_Path")+\archive\data\to_hipaagateway\90Days\INBOUND\Coba\INST\ALT_INDEX\</Item>
				<Item name="FileName">alt</Item>
				<Item name="ProductAppId">BINB</Item>
				<Item name="ProductName">HG</Item>
				<Item name="Pre-Process">
							<Element name="Xml">PreProcBaix.xml</Element>
				</Item>
				<Item name="Post-Process">
							<Element name="Xml">PostProcBaix.xml</Element>
							<Element name="BypassStep">3000</Element>	
				</Item>
				<Item name="OverrideParameters">
							<Element name="RunBookName">FaFhgRunBaix.xml</Element>
				</Item>
		</Category>

<!--Version 1.2 COBA BAIX Batch for Professional Files-->

       <Category name="COBABAIXBatchp">
				<Item name="Mail_to_ok">FacetsBatchSupport</Item>
				<Item name="Subject">Log for COBA Alternate Index Standalone Batch - FaFhgRunBaix - Professional</Item>
				<Item name="Body"></Item>
				<Item name="Mail_to_err">FacetsClaimsSupport</Item>
				<Item name="SourceDir">Config("NAS_Path")+\data\to_hipaagateway\INBOUND\Coba\PROF\ALT_INDEX\</Item>
				<Item name="DestDir">E:\Mailbox\external_system\R_FACE_AIDX\</Item>
				<Item name="ArchDir">Config("NAS_Path")+\archive\data\to_hipaagateway\90Days\INBOUND\Coba\PROF\ALT_INDEX\</Item>
				<Item name="FileName">alt</Item>
				<Item name="ProductAppId">BINB</Item>
				<Item name="ProductName">HG</Item>
				<Item name="Pre-Process">
							<Element name="Xml">PreProcBaix.xml</Element>
				</Item>
				<Item name="Post-Process">
							<Element name="Xml">PostProcBaix.xml</Element>
							<Element name="BypassStep">3000</Element>	
				</Item>
				<Item name="OverrideParameters">
							<Element name="RunBookName">FaFhgRunBaix.xml</Element>
				</Item>
		</Category>


<!--Version 1.1 Multiplan HIPAA Inbound Batch for Institutional File-->

       <Category name="MultiplanHIPAABinbBatchi">
				<Item name="Mail_to_ok">FacetsBatchSupport</Item>
				<Item name="Subject">Log for Multiplan HIPAA Inbound Batch - FaFhgRunBinb5x - Institutional</Item>
				<Item name="Body"></Item>
				<Item name="Mail_to_err">FacetsClaimsSupport</Item>
                <Item name="SourceDir">Config("NAS_Path")+\data\to_facets\MultiPlan\837\Inbound\</Item>
                <Item name="DestDir">E:\TIBCO\Instream\PF_PostOffice\Receive_ALL\IN\</Item>
				<Item name="BadDir">E:\TIBCO\Instream\PF_PostOffice\Receive_ALL\BAD\</Item>
				<Item name="BadArchDir">E:\TIBCO\Instream\PF_PostOffice\Receive_ALL\BAD\Archive\</Item>
				<Item name="BadNasDir">Config("NAS_Path")+\archive\data\from_hipaagateway\90Days\BadEDI\</Item>
				<!--Item name="OnBaseDir">\\nasv0015\uho_imagerepo_tst\UHO_OnBase\EDI\837</Item-->
                <Item name="ArchDir">Config("NAS_Path")+\archive\data\to_facets\90Days\MultiPlan\837\Inbound\</Item>
                <Item name="KeywordNasDir">Config("NAS_Path")+\data\from_hipaagateway\OUTBOUND\Multiplan\INST\Keyword\</Item>
                <Item name="KeywordSourceDir">E:\Mailbox\external_system\S_FACE_2232\</Item>
                <Item name="KeywordArchiveDir">E:\Mailbox\external_system\S_FACE_2232\Keyword_Archive\</Item>
                <Item name="AckNasDir">Config("NAS_Path")+\data\from_facets\MultiPlan\837\To_Router\</Item>
                <Item name="AckSourceDir">E:\TIBCO\Instream\PF_PostOffice\133068979\OUT\</Item>
                <Item name="AckArchiveDir">E:\TIBCO\Instream\PF_PostOffice\133068979\OUT\Ack_Archive\</Item>
                <Item name="FileName">ub</Item>
                <Item name="KeywordFileName">FACE_2232</Item>
                <Item name="AckFileName">999</Item>
                <Item name="OutputFileExt">999</Item>
                <Item name="ProductAppId">BINB</Item>
				<Item name="ProductName">HG</Item>
                <Item name="Pre-Process">
                            <Element name="Xml">PreProcBinb.xml</Element>
				</Item>
                <Item name="Post-Process">
                            <Element name="Xml">PostProcMultiplanBinb.xml</Element>
                            <Element name="BypassStep">3000</Element>             
				</Item>
				<Item name="OverrideParameters">
							<Element name="RunBookName">FaFhgRunBinb5x.xml</Element>
                </Item>
		</Category>

<!--Version 1.1 Multiplan HIPAA Inbound Batch for Professional File-->

       <Category name="MultiplanHIPAABinbBatchp">
				<Item name="Mail_to_ok">FacetsBatchSupport</Item>
				<Item name="Subject">Log for Multiplan HIPAA Inbound Batch - FaFhgRunBinb5x - Professional</Item>
				<Item name="Body"></Item>
				<Item name="Mail_to_err">FacetsClaimsSupport</Item>
                <Item name="SourceDir">Config("NAS_Path")+\data\to_facets\MultiPlan\837\Inbound\</Item>
                <Item name="DestDir">E:\TIBCO\Instream\PF_PostOffice\Receive_ALL\IN\</Item>
				<Item name="BadDir">E:\TIBCO\Instream\PF_PostOffice\Receive_ALL\BAD\</Item>
				<Item name="BadArchDir">E:\TIBCO\Instream\PF_PostOffice\Receive_ALL\BAD\Archive\</Item>
				<Item name="BadNasDir">Config("NAS_Path")+\archive\data\from_hipaagateway\90Days\BadEDI\</Item>
				<!--Item name="OnBaseDir">\\nasv0015\uho_imagerepo_tst\UHO_OnBase\EDI\837</Item-->
                <Item name="ArchDir">Config("NAS_Path")+\archive\data\to_facets\90Days\MultiPlan\837\Inbound\</Item>
                <Item name="KeywordNasDir">Config("NAS_Path")+\data\from_hipaagateway\OUTBOUND\Multiplan\PROF\Keyword\</Item>
                <Item name="KeywordSourceDir">E:\Mailbox\external_system\S_FACE_2221\</Item>
                <Item name="KeywordArchiveDir">E:\Mailbox\external_system\S_FACE_2221\Keyword_Archive\</Item>
                <Item name="AckNasDir">Config("NAS_Path")+\data\from_facets\MultiPlan\837\To_Router\</Item>
                <Item name="AckSourceDir">E:\TIBCO\Instream\PF_PostOffice\133068979\OUT\</Item>
                <Item name="AckArchiveDir">E:\TIBCO\Instream\PF_PostOffice\133068979\OUT\Ack_Archive\</Item>
                <Item name="FileName">hcfa</Item>
                <Item name="KeywordFileName">FACE_2221</Item>
                <Item name="AckFileName">999</Item>
                <Item name="OutputFileExt">999</Item>
                <Item name="ProductAppId">BINB</Item>
				<Item name="ProductName">HG</Item>
                <Item name="Pre-Process">
                            <Element name="Xml">PreProcBinb.xml</Element>
				</Item>
                <Item name="Post-Process">
							<Element name="Xml">PostProcMultiplanBinb.xml</Element>                               
							<Element name="BypassStep">3000</Element>
				</Item>
				<Item name="OverrideParameters">
							<Element name="RunBookName">FaFhgRunBinb5x.xml</Element>
                </Item>
		</Category>





 <!--Version 1.2 Multiplan BAIX Batch for Institutional Files-->

       <Category name="MultiplanBAIXBatchi">
				<Item name="Mail_to_ok">FacetsBatchSupport</Item>
				<Item name="Subject">Log for Multiplan Alternate Index Standalone Batch - FaFhgRunBaix - Institutional</Item>
				<Item name="Body"></Item>
				<Item name="Mail_to_err">FacetsClaimsSupport</Item>
				<Item name="SourceDir">Config("NAS_Path")+\data\to_hipaagateway\INBOUND\Multiplan\INST\ALT_INDEX\</Item>
				<Item name="DestDir">E:\Mailbox\external_system\R_FACE_AIDX\</Item>
				<Item name="ArchDir">Config("NAS_Path")+\archive\data\to_hipaagateway\90Days\INBOUND\Multiplan\INST\ALT_INDEX\</Item>
				<Item name="FileName">alt</Item>
				<Item name="ProductAppId">BINB</Item>
				<Item name="ProductName">HG</Item>
				<Item name="Pre-Process">
							<Element name="Xml">PreProcBaix.xml</Element>
				</Item>
				<Item name="Post-Process">
							<Element name="Xml">PostProcBaix.xml</Element>
							<Element name="BypassStep">3000</Element>	
				</Item>
				<Item name="OverrideParameters">
							<Element name="RunBookName">FaFhgRunBaix.xml</Element>
				</Item>
		</Category>

<!--Version 1.2 Multiplan BAIX Batch for Professional Files-->

       <Category name="MultiplanBAIXBatchp">
				<Item name="Mail_to_ok">FacetsBatchSupport</Item>
				<Item name="Subject">Log for Multiplan Alternate Index Standalone Batch - FaFhgRunBaix - Professional</Item>
				<Item name="Body"></Item>
				<Item name="Mail_to_err">FacetsClaimsSupport</Item>
				<Item name="SourceDir">Config("NAS_Path")+\data\to_hipaagateway\INBOUND\Multiplan\PROF\ALT_INDEX\</Item>
				<Item name="DestDir">E:\Mailbox\external_system\R_FACE_AIDX\</Item>
				<Item name="ArchDir">Config("NAS_Path")+\archive\data\to_hipaagateway\90Days\INBOUND\Multiplan\PROF\ALT_INDEX\</Item>
				<Item name="FileName">alt</Item>
				<Item name="ProductAppId">BINB</Item>
				<Item name="ProductName">HG</Item>
				<Item name="Pre-Process">
							<Element name="Xml">PreProcBaix.xml</Element>
				</Item>
				<Item name="Post-Process">
							<Element name="Xml">PostProcBaix.xml</Element>
							<Element name="BypassStep">3000</Element>	
				</Item>
				<Item name="OverrideParameters">
							<Element name="RunBookName">FaFhgRunBaix.xml</Element>
				</Item>
		</Category>




<!--Version 1.1 First Source HIPAA Inbound Batch for Institutional File-->

       <Category name="FirstSourceHIPAABinbBatchi">
				<Item name="Mail_to_ok">FacetsBatchSupport</Item>
				<Item name="Subject">Log for First Source HIPAA Inbound Batch - FaFhgRunBinb5x - Institutional</Item>
				<Item name="Body"></Item>
				<Item name="Mail_to_err">FacetsClaimsSupport</Item>
				<Item name="SourceDir">Config("NAS_Path")+\data\to_hipaagateway\INBOUND\FirstSource\INST\</Item>
				<Item name="DestDir">E:\TIBCO\Instream\PF_PostOffice\Receive_ALL\IN\</Item>
				<Item name="BadDir">E:\TIBCO\Instream\PF_PostOffice\Receive_ALL\BAD\</Item>
				<Item name="BadArchDir">E:\TIBCO\Instream\PF_PostOffice\Receive_ALL\BAD\Archive\</Item>
				<Item name="BadNasDir">Config("NAS_Path")+\archive\data\from_hipaagateway\90Days\BadEDI\</Item>
				<!--Item name="OnBaseDir">\\nasv0015\uho_imagerepo_tst\UHO_OnBase\EDI\837</Item-->
				<Item name="ClaimsDir">Config("NAS_Path")+\data\to_facets\Claims\FirstSource\</Item>
				<Item name="ArchDir">Config("NAS_Path")+\archive\data\to_hipaagateway\90Days\INBOUND\FirstSource\INST\</Item>
				<Item name="KeywordNasDir">Config("NAS_Path")+\data\from_hipaagateway\OUTBOUND\FirstSource\INST\Keyword\</Item>
				<Item name="KeywordSourceDir">E:\Mailbox\external_system\S_FACE_2232\</Item>
				<Item name="KeywordArchiveDir">E:\Mailbox\external_system\S_FACE_2232\Keyword_Archive\</Item>
				<Item name="AckNasDir">Config("NAS_Path")+\data\from_hipaagateway\OUTBOUND\FirstSource\INST\ACK\</Item>
				<Item name="AckSourceDir">E:\TIBCO\Instream\PF_PostOffice\ICICIONESOURCE\OUT\</Item>
				<Item name="AckArchiveDir">E:\TIBCO\Instream\PF_PostOffice\ICICIONESOURCE\OUT\Ack_Archive\</Item>
				<Item name="FileName">.</Item>
				<Item name="KeywordFileName">FACE_2232</Item>
				<Item name="AckFileName">999</Item>
				<Item name="ProductAppId">BINB</Item>
				<Item name="ProductName">HG</Item>
				<Item name="Pre-Process">
							<Element name="Xml">PreProcBinb.xml</Element>
				</Item>
				<Item name="Post-Process">
							<Element name="Xml">PostProcFirBinb.xml</Element>
							<Element name="BypassStep">3000</Element>	
				</Item>
				<Item name="OverrideParameters">
							<Element name="RunBookName">FaFhgRunBinb5x.xml</Element>					
				</Item>
		</Category>

<!--Version 1.1 First Source HIPAA Inbound Batch for Professional File-->

       <Category name="FirstsourceHIPAABinbBatchp">
				<Item name="Mail_to_ok">FacetsBatchSupport</Item>
				<Item name="Subject">Log for First Source HIPAA Inbound Batch - FaFhgRunBinb5x - Professional</Item>
				<Item name="Body"></Item>
				<Item name="Mail_to_err">FacetsClaimsSupport</Item>
				<Item name="SourceDir">Config("NAS_Path")+\data\to_hipaagateway\INBOUND\FirstSource\PROF\</Item>
				<Item name="DestDir">E:\TIBCO\Instream\PF_PostOffice\Receive_ALL\IN\</Item>
				<Item name="BadDir">E:\TIBCO\Instream\PF_PostOffice\Receive_ALL\BAD\</Item>
				<Item name="BadArchDir">E:\TIBCO\Instream\PF_PostOffice\Receive_ALL\BAD\Archive\</Item>
				<Item name="BadNasDir">Config("NAS_Path")+\archive\data\from_hipaagateway\90Days\BadEDI\</Item>
				<Item name="ClaimsDir">Config("NAS_Path")+\data\to_facets\Claims\FirstSource\</Item>
				<!--Item name="OnBaseDir">\\nasv0015\uho_imagerepo_tst\UHO_OnBase\EDI\837</Item-->
				<Item name="ArchDir">Config("NAS_Path")+\archive\data\to_hipaagateway\90Days\INBOUND\FirstSource\PROF\</Item>
				<Item name="KeywordNasDir">Config("NAS_Path")+\data\from_hipaagateway\OUTBOUND\FirstSource\PROF\Keyword\</Item>
				<Item name="KeywordSourceDir">E:\Mailbox\external_system\S_FACE_2221\</Item>
				<Item name="KeywordArchiveDir">E:\Mailbox\external_system\S_FACE_2221\Keyword_Archive\</Item>
				<Item name="AckNasDir">Config("NAS_Path")+\data\from_hipaagateway\OUTBOUND\FirstSource\PROF\ACK\</Item>
				<Item name="AckSourceDir">E:\TIBCO\Instream\PF_PostOffice\ICICIONESOURCE\OUT\</Item>
				<Item name="AckArchiveDir">E:\TIBCO\Instream\PF_PostOffice\ICICIONESOURCE\OUT\Ack_Archive\</Item>
				<Item name="FileName">.</Item>
				<Item name="KeywordFileName">FACE_2221</Item>
				<Item name="AckFileName">999</Item>
				<Item name="ProductAppId">BINB</Item>
				<Item name="ProductName">HG</Item>
				<Item name="Pre-Process">
							<Element name="Xml">PreProcBinb.xml</Element>
				</Item>		
				<Item name="Post-Process">
							<Element name="Xml">PostProcFirBinb.xml</Element>
							<Element name="BypassStep">3000</Element>
				</Item>
				<Item name="OverrideParameters">
							<Element name="RunBookName">FaFhgRunBinb5x.xml</Element>
				</Item>
		</Category>



 <!--Version 1.2 First Source BAIX Batch for Institutional Files-->

       <Category name="FirstsourceBAIXBatchi">
				<Item name="Mail_to_ok">FacetsBatchSupport</Item>
				<Item name="Subject">Log for First Source Alternate Index Standalone Batch - FaFhgRunBaix - Institutional</Item>
				<Item name="Body"></Item>
				<Item name="Mail_to_err">FacetsClaimsSupport</Item>
				<Item name="SourceDir">Config("NAS_Path")+\data\to_hipaagateway\INBOUND\FirstSource\INST\ALT_INDEX\</Item>
				<Item name="DestDir">E:\Mailbox\external_system\R_FACE_AIDX\</Item>
				<Item name="ArchDir">Config("NAS_Path")+\archive\data\to_hipaagateway\90Days\INBOUND\FirstSource\INST\ALT_INDEX\</Item>
				<Item name="FileName">alt</Item>
				<Item name="ProductAppId">BINB</Item>
				<Item name="ProductName">HG</Item>
				<Item name="Pre-Process">
							<Element name="Xml">PreProcBaix.xml</Element>
				</Item>
				<Item name="Post-Process">
							<Element name="Xml">PostProcBaix.xml</Element>
							<Element name="BypassStep">3000</Element>	
				</Item>
				<Item name="OverrideParameters">
							<Element name="RunBookName">FaFhgRunBaix.xml</Element>
				</Item>
				</Category>

<!--Version 1.2 First Source BAIX Batch for Professional Files-->

       <Category name="FirstsourceBAIXBatchp">
				<Item name="Mail_to_ok">FacetsBatchSupport</Item>
				<Item name="Subject">Log for First Source Alternate Index Standalone Batch - FaFhgRunBaix - Professional</Item>
				<Item name="Body"></Item>
				<Item name="Mail_to_err">FacetsClaimsSupport</Item>
				<Item name="SourceDir">Config("NAS_Path")+\data\to_hipaagateway\INBOUND\FirstSource\PROF\ALT_INDEX\</Item>
				<Item name="DestDir">E:\Mailbox\external_system\R_FACE_AIDX\</Item>
				<Item name="ArchDir">Config("NAS_Path")+\archive\data\to_hipaagateway\90Days\INBOUND\FirstSource\PROF\ALT_INDEX\</Item>
				<Item name="FileName">alt</Item>
				<Item name="ProductAppId">BINB</Item>
				<Item name="ProductName">HG</Item>
				<Item name="Pre-Process">
							<Element name="Xml">PreProcBaix.xml</Element>
				</Item>
				<Item name="Post-Process">
							<Element name="Xml">PostProcBaix.xml</Element>
							<Element name="BypassStep">3000</Element>	
				</Item>
				<Item name="OverrideParameters">
							<Element name="RunBookName">FaFhgRunBaix.xml</Element>
				</Item>
				</Category>
  
  <!--Version 1.1 Multiplan HIPAA Outbound Batch -->

       <Category name="MultiplanHIPAABotbBatch">
				<Item name="Mail_to_ok">FacetsBatchSupport</Item>
				<Item name="Subject">Log for Multiplan HIPAA Outbound Batch - FaFhgRunBotb5x </Item>
				<Item name="Body"></Item>
				<Item name="Mail_to_err">FacetsBatchSupport</Item>
                <Item name="SourceDir">Config("NAS_Path")+\data\to_hipaagateway\INBOUND\Multiplan\XML\</Item>
                <Item name="DestDir">E:\Mailbox\external_system\R_FACE_ALLX\</Item>
                <Item name="ArchDir">Config("NAS_Path")+\archive\data\to_hipaagateway\90Days\INBOUND\Multiplan\XML\</Item>
                <Item name="EDINasDir">Config("NAS_Path")+\data\from_facets\MultiPlan\837\To_Router\</Item>
                <Item name="EDISourceDir">E:\TIBCO\Instream\PF_PostOffice\133068979\OUT\</Item>
                <Item name="EDIArchiveDir">E:\TIBCO\Instream\PF_PostOffice\133068979\OUT\EDI_Archive\</Item>
                <Item name="EDIFileName">.</Item>
                <Item name="FileName">.</Item>
                <Item name="OutputFileExt">txt</Item>
                <Item name="ProductAppId">BOTB</Item>
				<Item name="ProductName">HG</Item>
                <Item name="Pre-Process">
                            <Element name="Xml">PreProcBotb.xml</Element>
							<Element name="BypassStep">1000</Element>
							<Element name="BypassStep">3000</Element>
				</Item>
                <Item name="Post-Process">
                            <Element name="Xml">PostProcBotb.xml</Element>
                            <Element name="BypassStep">3000</Element>             
				</Item>
				<Item name="OverrideParameters">
							<Element name="RunBookName">FaFhgRunBotb5x.xml</Element>
							<Element name="NumberOfEnginesJPOT">1</Element>
							<Element name="NumberOfEnginesJPOR">1</Element>
							<Element name="NumberOfEnginesJPAI">1</Element>
							<Element name="NumberOfEnginesJPOM">1</Element>
							<Element name="NumberOfEnginesJPOC">1</Element>
							<Element name="NumberOfEnginesJ4OP">1</Element>
							<Element name="NumberOfEnginesJ4OE">1</Element>
							<Element name="NumberOfEnginesJ4OS">1</Element>
                            <Element name="PersistValidationResult">Y</Element>
                            <Element name="DumpErrorXml">Y</Element>
				</Item>
		</Category>
		
		
		<!--Version 1.1 FIRSTSOURCE BOTBBatch Batch -->

       <Category name="FIRSTSOURCEBOTBBatch">
				<Item name="Mail_to_ok">FacetsBatchSupport</Item>
				<Item name="Subject">Log for FirstSource BOTB Batch - FaFhgRunBotb5x </Item>
				<Item name="Body"></Item>
				<Item name="Mail_to_err">FacetsBatchSupport</Item>
             	<Item name="EDINasDir">Config("NAS_Path")+\data\from_hipaagateway\OUTBOUND\FirstSource\834O\</Item>
                <Item name="EDISourceDir">E:\TIBCO\Instream\PF_PostOffice\ICICIONESOURCE\OUT\</Item>
                <Item name="EDIArchiveDir">E:\TIBCO\Instream\PF_PostOffice\ICICIONESOURCE\OUT\834_Archive\</Item>
                <Item name="EDIFileName">.</Item>
                <Item name="FileName">.</Item>
                <Item name="OutputFileExt">txt</Item>
                <Item name="ProductAppId">BOTB</Item>
				<Item name="ProductName">HG</Item>
                <Item name="Post-Process">
                            <Element name="Xml">PostProcFSBotb.xml</Element>
                            <Element name="BypassStep">3000</Element>             
				</Item>
				<Item name="OverrideParameters">
							  <Element name="RunBookName">FaFhgRunBotb5x.xml</Element>
				</Item>
		</Category>
		
     </BatchConfig>
</System>