<!--
################################################################
# $Header:
# Title:  commonsystemprop.xml
# Purpose: Configuration File for Running the trizetto batches
# $Log:
# Initial revision.
# Version 1.1 - Modified for Claim Adjudication process - 02/16/2018
################################################################
-->
<!--
##===========================================================================##
##   Generic Information                                                     ##
##===========================================================================##-->
<System>
    <GenericConfig>
<!--Database Connection Details -->
        <Category name="FACETSDATABASE">
            <Item name="Provider">SQL Server Native Client 11.0</Item>
            <Item name="CustDatabase">uhocustomdv02</Item>
            <Item name="Port">1433</Item>
            <Item name="DatabaseUserId">uho_fac_bat_dev</Item>
            <Item name="DatabasePassword">c8=kpFRv</Item>
            <Item name="AdditionalParameter">MARS Connection=True</Item>
<!--Integrated Security=SSPI-->
        </Category>
        <Category name="HIPAADATABASE">
            <Item name="HI_Provider">SQL Server Native Client 11.0</Item>
            <Item name="HI_DataSource"></Item>
            <Item name="HI_DatabaseServer"></Item>
            <Item name="HI_Port"></Item>
            <Item name="HI_DatabaseUserId"></Item>
            <Item name="HI_DatabasePassword"></Item>
        </Category>
        <Category name ="FILELOCATION">
            <Item name="ScriptsPath">E:\Batch_Framework\Scripts</Item>
            <Item name="WorkfilePath">E:\Batch_Framework\WorkFiles</Item>
            <Item name="RunBookPath">E:\TriZetto\Facets\Customer\Runbook</Item>
            <Item name="ConfigFilesPath">E:\Batch_Framework\ConfigFiles</Item>
            <Item name="LogDir">E:\Batch_Framework\Log</Item>
<!--        <Item name="BatchOutputDirectory">E:\TriZetto\Facets\Regions</Item>-->
            <Item name="BatchOutputDirectory">E:\TriZetto\Facets\Output</Item>
        </Category>
        <Category name="MAIL">
            <Item name="Mail Path">E:\Batch_Framework\Mail</Item>
            <Item name="Mail_ServerName">mailo2.uhc.com</Item>
            <Item name="Mail_Port">25</Item>
            <Item name="Sender">uho_sftp_tst@optum.com</Item>
        </Category>
<!--FTP Server Details -->
        <Category name="FTPUNIXBOX">
            <Item name="UN_ServerName"></Item>
            <Item name="UN_UserId"></Item>
            <Item name="UN_Password"></Item>
        </Category>
        <Category name="FTPWDRIVE">
            <Item name="WD_ServerName"></Item>
            <Item name="WD_UserId"></Item>
            <Item name="WD_Password"></Item>
        </Category>
        <Category name="NASDRIVE">
            <Item name="NAS_Path">\\nasv0013\uhof_facets_app_dev\dev02\uhone</Item>
        </Category>
    </GenericConfig>
<!--
##===========================================================================##
##   Batch Specific Information                                              ##
##===========================================================================##-->
    <BatchConfig>
 <!--Member Eligibility run -->
       <Category name="CMCBTCH_RUNDATE">
            <Item name="Pre-Process">
                <Element name="Xml">PreProc_Batch.xml</Element>
            </Item>
        </Category>
        <Category name="CMCBRCP_BILL_RECEIPTS_5TH3RD">
            <Item name="Mail_to_ok">FacetsBatchSupport</Item>
            <Item name="Subject">Log for Billing Receipts batch : 5TH3RD</Item>
            <Item name="Body"></Item>
            <Item name="Mail_to_err">FacetsBatchSupport</Item>
            <Item name="InputDir">E:\Batch_Framework\FTP\BL_IN\</Item>
            <Item name="OutputDir">E:\Batch_Framework\FTP\BL_OUT\</Item>
            <Item name="ProductAppId">BRCP</Item>
            <Item name="ProductName">FA</Item>
            <!--
            Pre-Process - 1.Check if the Request file is present
            Pre-Process - 2.Check if the Input file is present and not empty
            Pre-Process - 3.Update the RunDate in the dictionary object
            -->
            <Item name="Pre-Process">
                <Element name="Xml">Brcp_PreProc_5th3rd.xml</Element>
                <Element name="BypassStep">1000</Element>
                <Element name="BypassStep">3000</Element>
            </Item>
            <!--
            Post-Process - 1.Remove the Input file
            Post-Process - 2.Identify the log file name for the batch
            Post-Process - 3.Mail the log file
            -->
            <Item name="Post-Process">
                <Element name="Xml">Brcp_PostProc_5th3rd.xml</Element>
                <Element name="BypassStep">3000</Element>
            </Item> 

            <Item name="OverrideParameters">
                <Element name="RunBookName">ercmcrunbrcp.xml</Element>
                <Element name="InputFile">Config("InputDir") + Config("Database") +.billing.receipt.payment.5th3rd</Element>
                <Element name="InputFileExtension">txt</Element>
                <Element name="OutputFile">Config("OutputDir") + Config("Database") + .billing.receipt.payment.5th3rd</Element>
                <Element name="OutputFileExtension">txt</Element>
<!--            <Element name="RunDate">Config("InputDate") + 00:00:00.000</Element>-->
                <Element name="RunDate">mm/dd/yyyy 00:00:00.000</Element>
                <Element name="BatchId"></Element>
                <Element name="HipaaIndicator">N</Element>
                <Element name="HipaaAltIndexFile"></Element>
                <Element name="HipaaBaseSystemInstance"></Element>
                <Element name="HipaaRepositoryInstance"></Element>
            </Item>
        </Category>
        
        <Category name="CMCBRCP_BILL_RECEIPTS_FISERV">
            <Item name="Mail_to_ok">FacetsBatchSupport</Item>
            <Item name="Subject">Log for Billing Receipts batch : FISERV</Item>
            <Item name="Body"></Item>
            <Item name="Mail_to_err">FacetsBatchSupport</Item>
            <Item name="InputDir">E:\Batch_Framework\FTP\BL_IN\</Item>
            <Item name="OutputDir">E:\Batch_Framework\FTP\BL_OUT\</Item>
            <Item name="ProductAppId">BRCP</Item>
            <Item name="ProductName">FA</Item>
            <!--
            Pre-Process - 1.Check if the Request file is present
            Pre-Process - 2.Check if the Input file is present and not empty
            Pre-Process - 3.Update the RunDate in the dictionary object
            -->
            <Item name="Pre-Process">
                <Element name="Xml">Brcp_PreProc_Fiserv1.xml</Element>
                <Element name="BypassStep">1000</Element>
                <Element name="BypassStep">3000</Element>
            </Item>
            <!--
            Post-Process - 1.Remove the Input file
            Post-Process - 2.Identify the log file name for the batch
            Post-Process - 3.Mail the log file
            -->
            <Item name="Post-Process">
                <Element name="Xml">Brcp_PostProc_Fiserv.xml</Element>
                <Element name="BypassStep">3000</Element>
            </Item> 

            <Item name="OverrideParameters">
                <Element name="RunBookName">ercmcrunbrcp.xml</Element>
                <Element name="InputFile">Config("InputDir") + Config("Database") +.billing.receipt.payment.fiserv</Element>
                <Element name="InputFileExtension">txt</Element>
                <Element name="OutputFile">Config("OutputDir") + Config("Database") + .billing.receipt.payment.fiserv</Element>
                <Element name="OutputFileExtension">txt</Element>
<!--            <Element name="RunDate">Config("InputDate") + 00:00:00.000</Element>-->
                <Element name="RunDate">mm/dd/yyyy 00:00:00.000</Element>
                <Element name="BatchId"></Element>
                <Element name="HipaaIndicator">N</Element>
                <Element name="HipaaAltIndexFile"></Element>
                <Element name="HipaaBaseSystemInstance"></Element>
                <Element name="HipaaRepositoryInstance"></Element>
            </Item>
        </Category>
        
        <Category name="CMCBRCP_BILL_RECEIPTS_FIS">
            <Item name="Mail_to_ok">FacetsBatchSupport</Item>
            <Item name="Subject">Log for Billing Receipts batch : FIS</Item>
            <Item name="Body"></Item>
            <Item name="Mail_to_err">FacetsBatchSupport</Item>
            <Item name="InputDir">E:\Batch_Framework\FTP\BL_IN\</Item>
            <Item name="OutputDir">E:\Batch_Framework\FTP\BL_OUT\</Item>
            <Item name="ProductAppId">BRCP</Item>
            <Item name="ProductName">FA</Item>
            <!--
            Pre-Process - 1.Check if the Request file is present
            Pre-Process - 2.Check if the Input file is present and not empty
            Pre-Process - 3.Update the RunDate in the dictionary object
            -->
            <Item name="Pre-Process">
                <Element name="Xml">Brcp_PreProc_Fis.xml</Element>
                <Element name="BypassStep">1000</Element>
                <Element name="BypassStep">3000</Element>
            </Item>
            <!--
            Post-Process - 1.Remove the Input file
            Post-Process - 2.Identify the log file name for the batch
            Post-Process - 3.Mail the log file
            -->
            <Item name="Post-Process">
                <Element name="Xml">Brcp_PostProc_Fis.xml</Element>
                <Element name="BypassStep">3000</Element>
            </Item> 

            <Item name="OverrideParameters">
                <Element name="RunBookName">ercmcrunbrcp.xml</Element>
                <Element name="InputFile">Config("InputDir") + Config("Database") +.billing.receipt.payment.fis</Element>
                <Element name="InputFileExtension">txt</Element>
                <Element name="OutputFile">Config("OutputDir") + Config("Database") + .billing.receipt.payment.fis</Element>
                <Element name="OutputFileExtension">txt</Element>
<!--            <Element name="RunDate">Config("InputDate") + 00:00:00.000</Element>-->
                <Element name="RunDate">mm/dd/yyyy 00:00:00.000</Element>
                <Element name="BatchId"></Element>
                <Element name="HipaaIndicator">N</Element>
                <Element name="HipaaAltIndexFile"></Element>
                <Element name="HipaaBaseSystemInstance"></Element>
                <Element name="HipaaRepositoryInstance"></Element>
            </Item>
        </Category>
        
        <Category name="CMCBRCP_BILL_RECEIPTS_CREDITCARD">
            <Item name="Mail_to_ok">FacetsBatchSupport</Item>
            <Item name="Subject">Log for Billing Receipts batch : CreditCard</Item>
            <Item name="Body"></Item>
            <Item name="Mail_to_err">FacetsBatchSupport</Item>
            <Item name="InputDir">E:\Batch_Framework\FTP\BL_IN\</Item>
            <Item name="OutputDir">E:\Batch_Framework\FTP\BL_OUT\</Item>
            <Item name="ProductAppId">BRCP</Item>
            <Item name="ProductName">FA</Item>
            <!--
            Pre-Process - 1.Check if the Request file is present
            Pre-Process - 2.Check if the Input file is present and not empty
            Pre-Process - 3.Update the RunDate in the dictionary object
            -->
            <Item name="Pre-Process">
                <Element name="Xml">Brcp_PreProc_CC.xml</Element>
                <Element name="BypassStep">1000</Element>
                <Element name="BypassStep">3000</Element>
            </Item>

            
            <!--
            Post-Process - 1.Remove the Request file
            Post-Process - 2.Identify the log file name for the batch
            Post-Process - 3.Mail the log file
            -->

           <Item name="Post-Process">
                <Element name="Xml">Brcp_PostProc_CC.xml</Element>
                <Element name="BypassStep">3000</Element>
           </Item>

            <Item name="OverrideParameters">
                <Element name="RunBookName">ercmcrunbrcp.xml</Element>
                <Element name="InputFile">Config("InputDir") + Config("Database") +.billing.receipt.payment.creditcard</Element>
                <Element name="InputFileExtension">txt</Element>
                <Element name="OutputFileExtension">txt</Element>
                <Element name="OutputFile">Config("OutputDir") + Config("Database") + .billing.receipt.payment.creditcard</Element>
<!--            <Element name="RunDate">Config("InputDate") + 00:00:00.000</Element>-->
                <Element name="RunDate">mm/dd/yyyy 00:00:00.000</Element>
                <Element name="BatchId"></Element>
                <Element name="HipaaIndicator">N</Element>
                <Element name="HipaaAltIndexFile"></Element>
                <Element name="HipaaBaseSystemInstance"></Element>
                <Element name="HipaaRepositoryInstance"></Element>
            </Item>
        </Category>

        <Category name="CMCBRCP_BILL_RECEIPTS_ACH">
            <Item name="Mail_to_ok">FacetsBatchSupport</Item>
            <Item name="Subject">Log for Billing Receipts batch : ACH</Item>
            <Item name="Body"></Item>
            <Item name="Mail_to_err">FacetsBatchSupport</Item>
            <Item name="InputDir">E:\Batch_Framework\FTP\BL_IN\</Item>
            <Item name="OutputDir">E:\Batch_Framework\FTP\BL_OUT\</Item>
            <Item name="ProductAppId">BRCP</Item>
            <Item name="ProductName">FA</Item>
            <!--
            Pre-Process - 1.Check if the Request file is present
            Pre-Process - 2.Check if the Input file is present and not empty
            Pre-Process - 3.Update the RunDate in the dictionary object
            -->
            <Item name="Pre-Process">
                <Element name="Xml">Brcp_PreProc_Ach.xml</Element>
                <Element name="BypassStep">1000</Element>
                <Element name="BypassStep">3000</Element>
               <!-- <Element name="BypassStep">4000</Element>-->
            </Item>
                        
            <!--
            Post-Process - 1.Remove the Request file
            Post-Process - 2.Identify the log file name for the batch
            Post-Process - 3.Mail the log file
            -->

            <Item name="Post-Process">
                <Element name="Xml">Brcp_PostProc_Ach.xml</Element>
<!--                <Element name="BypassStep">2000</Element> -->
                <Element name="BypassStep">3000</Element>
            </Item> 

            <Item name="OverrideParameters">
                <Element name="RunBookName">ercmcrunbrcp.xml</Element>
                <Element name="InputFile">Config("InputDir") + Config("Database") +.billing.receipt.payment.ach</Element>
                <Element name="InputFileExtension">txt</Element>
                <Element name="OutputFileExtension">txt</Element>
                <Element name="OutputFile">Config("OutputDir") + Config("Database") + .billing.receipt.payment.ach</Element>
<!--            <Element name="RunDate">Config("InputDate") + 00:00:00.000</Element> -->
                <Element name="RunDate">mm/dd/yyyy 00:00:00.000</Element>
                <Element name="BatchId"></Element>
                <Element name="HipaaIndicator">N</Element>
                <Element name="HipaaAltIndexFile"></Element>
                <Element name="HipaaBaseSystemInstance"></Element>
                <Element name="HipaaRepositoryInstance"></Element>
            </Item>
        </Category>

        <!--Eligible Member Count Batch (ErCdsRunMct0) -->
        <Category name="CDSMCT0">
            <Item name="Mail_to_ok">FacetsBatchSupport</Item>
            <Item name="Subject">Log for Eligible Member Count Batch - ErCdsRunMct0</Item>
            <Item name="Body"></Item>
            <Item name="Mail_to_err">FacetsBatchSupport</Item>
            <Item name="ProductAppId">MCT0</Item>
            <Item name="ProductName">FA</Item>
            <Item name="OverrideParameters">
                <Element name="RunBookName">ErCdsRunMct0.xml</Element>
<!--            <Element name="StartDate">Config("InputDate")</Element>-->
                <Element name="StartDate">mm/dd/yyyy</Element>
            </Item>
            <!--            
            Pre-Process - 1.Update the StartDate in the dictionary object
            -->
            <Item name="Pre-Process">
                <Element name="Xml">PreProc_MCT0.xml</Element>
            </Item>
            <!--
            Post-Process - 1.Identify the log file name for the batch
            Post-Process - 2.Mail the log file
            -->
            <Item name="Post-Process">
                <Element name="Xml">PostProc_MCT0.xml</Element>
                <Element name="BypassStep">1000</Element>
<!--            <Element name="BypassStep">2000</Element>-->
                <Element name="BypassStep">3000</Element>
            </Item> 
        </Category>

        <!--Billing Processing - ErCmcRunBil0 -->
        <Category name="CMCBIL0">
            <Item name="Mail_to_ok">FacetsBatchSupport</Item>
            <Item name="Subject">Log for Billing batch - ErCmcRunBil0</Item>
            <Item name="Body"></Item>
            <Item name="Mail_to_err">FacetsBatchSupport</Item>
            <Item name="ProductAppId">BIL0</Item>
            <Item name="ProductName">FA</Item>
            <Item name="OverrideParameters">
                <Element name="RunBookName">ErCmcRunBil0.xml</Element>
                <Element name="BillDate">mm/dd/yyyy 23:59:59.000</Element>
            </Item>
          <!--
          Pre-Process - 1.Update the BillDateDate in the dictionary object
            -->
            <Item name="Pre-Process">
                <Element name="Xml">PreProc_CmcBil0.xml</Element>
            </Item>
            <!--
            Post-Process - 1.Identify the log file name for the batch
            Post-Process - 2.Mail the log file
            -->
            <Item name="Post-Process">
                <Element name="Xml">PostProc_CmcBil0.xml</Element>
                <Element name="BypassStep">1000</Element>
<!--            <Element name="BypassStep">2000</Element>-->
                <Element name="BypassStep">3000</Element>
            </Item> 
        </Category>

        <!--Billing Processing Decision Support - ErCdsRunBil0 -->
        <Category name="CDSBIL0">
            <Item name="Mail_to_ok">FacetsBatchSupport</Item>
            <Item name="Subject">Log for Bill Decision Support Batch - ErCdsRunBil0</Item>
            <Item name="Body"></Item>
            <Item name="Mail_to_err">FacetsBatchSupport</Item>
            <Item name="ProductAppId">!BIL</Item>
            <Item name="ProductName">FA</Item>
            <Item name="OverrideParameters">
                <Element name="RunBookName">ErCdsRunBil0.xml</Element>
                <!--<Element name="BillDate">Config("InputDate") + 23:59:59.000</Element>-->
               <Element name="BillDate">mm/dd/yyyy 23:59:59.000</Element>
            </Item>
          <!--
          Pre-Process - 1.Update the BillDateDate in the dictionary object
            -->
            <Item name="Pre-Process">
                <Element name="Xml">PreProc_CdsBil0.xml</Element>
            </Item>
            <!--
            Post-Process - 1.Identify the log file name for the batch
            Post-Process - 2.Mail the log file
            -->
            <Item name="Post-Process">
                <Element name="Xml">PostProc_CdsBil0.xml</Element>
                <Element name="BypassStep">1000</Element>
<!--            <Element name="BypassStep">2000</Element>-->
                <Element name="BypassStep">3000</Element>
            </Item> 

       </Category>

        <!--Delinquency Letter Creation - ErCmcRunDlq0-->
        <Category name="CMCRUN_DLQ0">
            <Item name="Mail_to_ok">FacetsBatchSupport</Item>
            <Item name="Subject">Log for Delinquency Letter Creation - ErCmcRunDlq0</Item>
            <Item name="Body"></Item>
            <Item name="Mail_to_err">FacetsBatchSupport</Item>
            <Item name="ProductAppId">DLQ0</Item>
            <Item name="ProductName">FA</Item>
            <Item name="OverrideParameters">
               <Element name="RunBookName">ercmcrundlq0.xml</Element>
               <Element name="RunThruDate">mm/dd/yyyy 23:59:59.000</Element>
            </Item>

        <!--
          Pre-Process - 1.Update the RunThruDate in the dictionary object
            -->
            <Item name="Pre-Process">
                <Element name="Xml">PreProc_DLQ0.xml</Element>
            </Item>
            <!--
            Post-Process - 1.Identify the log file name for the batch
            Post-Process - 2.Mail the log file
            -->
            <Item name="Post-Process">
                <Element name="Xml">PostProc_DLQ0.xml</Element>
                <Element name="BypassStep">1000</Element>
       <!--    <Element name="BypassStep">2000</Element>-->
                <Element name="BypassStep">3000</Element>
            </Item> 

        </Category>

        <!--Financial Billing Analysis - ErCdsRunFba0-->
        <Category name="CMCFBA0">
            <Item name="Mail_to_ok">FacetsBatchSupport</Item>
            <Item name="Subject">Log for Financial Bill Analysis Batch - ErCdsRunFba0</Item>
            <Item name="Body"></Item>
            <Item name="Mail_to_err">FacetsBatchSupport</Item>
            <Item name="ProductAppId">FBA0</Item>
            <Item name="ProductName">FA</Item>
            <Item name="OverrideParameters">
                <Element name="RunBookName">ErCdsRunFba0.xml</Element>
                <Element name="RunDate">mm/dd/yyyy 00:00:00.000</Element>
            </Item>
        <!--
          Pre-Process - 1.Update the RunThruDate in the dictionary object
            -->
            <Item name="Pre-Process">
                <Element name="Xml">PreProc_FBA0.xml</Element>
            </Item>
            <!--
            Post-Process - 1.Identify the log file name for the batch
            Post-Process - 2.Mail the log file
            -->
            <Item name="Post-Process">
                <Element name="Xml">PostProc_FBA0.xml</Element>
                <Element name="BypassStep">1000</Element>
<!--            <Element name="BypassStep">2000</Element>-->
                <Element name="BypassStep">3000</Element>
            </Item> 
        </Category>

<!--ZipCode Load Batch (Test) -->

       <Category name="CMCXSDU_ZIPC_TEST">
            <Item name="Mail_to_ok">FacetsBatchSupport</Item>
            <Item name="Subject">Log for XSDU ZIP Code Test batch - ErCmcRunXsdu</Item>
            <Item name="Body"></Item>
            <Item name="Mail_to_err">FacetsBatchSupport</Item>
            <Item name="InputDir">E:\Batch_Framework\FTP\USPS_IN\</Item>
            <Item name="ProductAppId">XSDU</Item>
            <Item name="ProductName">FA</Item>
         <!--
            Pre-Process - 1. Transfer File from NAS Drive to Server FTP Location
            -->
            <Item name="Pre-Process">
                <Element name="Xml">PreProc_XSDU_Test.xml</Element>
                <Element name="BypassStep">1000</Element>
                <Element name="BypassStep">3000</Element>
                <Element name="BypassStep">4000</Element>
            </Item>
                        <!--
            Post-Process - 1.Identify the log file name for the batch
            Post-Process - 2.Mail the log file
            -->
            <Item name="Post-Process">
                <Element name="Xml">PostProc_XSDU_Test.xml</Element>
                <Element name="BypassStep">1000</Element>
<!--            <Element name="BypassStep">2000</Element>-->
                <Element name="BypassStep">3000</Element>
            </Item> 
            <Item name="OverrideParameters">
                <Element name="RunBookName">ErCmcRunXsdu.xml</Element>
                <Element name="InputFilePath">Config("InputDir") +ctystate.txt</Element>
                <Element name="Type">ZIPC</Element>
                <Element name="Mode">TEST</Element>
            </Item>
        </Category>

<!--ZipCode Load Batch (Apply) -->
       <Category name="CMCXSDU_ZIPC_APPLY">
            <Item name="Mail_to_ok">XSDU</Item>
            <Item name="Subject">Log for XSDU ZIP Code Apply batch - ErCmcRunXsdu</Item>
            <Item name="Body"></Item>
            <Item name="Mail_to_err">FacetsBatchSupport</Item>
            <Item name="InputDir">E:\Batch_Framework\FTP\USPS_IN\</Item>
            <Item name="ProductAppId">XSDU</Item>
            <Item name="ProductName">FA</Item>

            <Item name="OverrideParameters">
                <Element name="RunBookName">ErCmcRunXsdu.xml</Element>
                <Element name="InputFilePath">Config("InputDir") +ctystate.txt</Element>
                <Element name="Type">ZIPC</Element>
                <Element name="Mode">APPLY</Element>
              </Item> 
           <!--
            Post-Process - 1.Identify the log file name for the batch
            Post-Process - 2.Mail the log file
            -->

            <Item name="Post-Process">
                <Element name="Xml">PostProc_XSDU_Apply.xml</Element>              
            <!--<Element name="BypassStep">2000</Element> -->
                <Element name="BypassStep">3000</Element>
            </Item>
        </Category>

 <!--Member Eligibility run -->
       <Category name="CMCRUN_ELIG">
            <Item name="Mail_to_ok">FacetsBatchSupport</Item>
            <Item name="Subject">Log for Member Eligibility ErCmcRunElig</Item>
            <Item name="Body"></Item>
            <Item name="Mail_to_err">FacetsBatchSupport</Item>
            <Item name="ProductAppId">ELIG</Item>
            <Item name="ProductName">FA</Item>
            <!--
            Pre-Process - 1.Update the StartDate in the dictionary object
            -->
            <Item name="Pre-Process">
                <Element name="Xml">PreProc_Elig.xml</Element>
            </Item>
           <!--
            Post-Process - 1.Identify the log file name for the batch
            Post-Process - 2.Mail the log file
            -->
            <Item name="Post-Process">
                <Element name="Xml">PostProc_Elig.xml</Element>
                <Element name="BypassStep">1000</Element>
<!--            <Element name="BypassStep">2000</Element>-->
                <Element name="BypassStep">3000</Element>
            </Item> 
            <Item name="OverrideParameters">
                <Element name="RunBookName">ercmcrunelig.xml</Element>
                <Element name="BypassStep">8500</Element>
                <Element name="RunThruDate">mm/dd/yyyy 23:59:59.000</Element>
            </Item>
        </Category>
 <!--Version 1.1 Claim Adjudication process -->  
 
      <Category name="CMCRUN_CLMU">
            <Item name="Mail_to_ok">FacetsClaimsSupport</Item>
            <Item name="Subject">Log for Medical Electronic Adjudication - ErCmcRunClmu</Item>
            <Item name="Body">NOTIFICATION_CLMU.txt</Item>
            <Item name="PreMail_Subject">Notification for Medical Electronic Adjudication - ErCmcRunClmu</Item>
            <Item name="Mail_to_err">FacetsClaimsSupport</Item>
            <Item name="ProductAppId">CLMU</Item>
            <Item name="ProductName">FA</Item>
            <!--
            Pre-Process - 1.Update the StartDate in the dictionary object
            -->      
            <Item name="Pre-Process">
                <Element name="Xml">PreProc_Clmu.xml</Element>
            </Item>
           <!--
            Post-Process - 1.Identify the log file name for the batch
            Post-Process - 2.Mail the log file
            -->
             <Item name="Post-Process">
                <Element name="Xml">PostProc_Clmu.xml</Element>
            </Item> 
            <Item name="OverrideParameters">
                <Element name="RunBookName">ercmcrunclmu_test.xml</Element>
                <Element name="DeleteXcClaims">N</Element>
                <Element name="NumberOfEnginesClmu">2</Element>
                <Element name="NumberOfQuesClmu">6</Element>
                <Element name="WorkflowReprocess">Y</Element>
            </Item>
   </Category>
   
 <!--Version 1.1 837I Claims Load Batch-->

       <Category name="CCS837I">
    <Item name="Mail_to_ok">FacetsBatchSupport</Item>
    <Item name="Subject">Log for 837I Claims Load Batch - ErCcsRun837i</Item>
    <Item name="Body"></Item>
    <Item name="Mail_to_err">FacetsBatchSupport</Item>
	<Item name="InputDir">E:\Batch_Framework\FTP\CL_INPUT\</Item>
	<Item name="OutputDir">E:\Batch_Framework\FTP\CL_OUTPUT\</Item>
	<Item name="HistoryDir">E:\Batch_Framework\FTP\CL_HISTORY\</Item>
	<Item name="DeleteDir">E:\Batch_Framework\FTP\CL_DELETE\</Item>
	<Item name="AltIndexDir">E:\Batch_Framework\FTP\CL_ALT_INDEX\</Item>
	<Item name="SourceDir">Config("NAS_Path")+\data\from_hipaagateway\OUTBOUND\</Item>
	<Item name="ArchDir">Config("NAS_Path")+\archive\data\from_hipaagateway\OUTBOUND\</Item>
	<Item name="DestDir">E:\Batch_Framework\FTP\CL_INPUT</Item>
	<Item name="FileName">FACE_2232</Item>
    <Item name="ProductAppId">837I</Item>
    <Item name="ProductName">FA</Item>
    <Item name="Pre-Process">
				<Element name="Xml">PreProc837i.xml</Element>
                <Element name="BypassStep">1000</Element>
                <Element name="BypassStep">3000</Element>
    </Item>
	<Item name="Post-Process">
				<Element name="Xml">PostProc837i.xml</Element>
				<Element name="BypassStep">3000</Element>
    </Item>
    <Item name="OverrideParameters">
      <Element name="RunBookName">erccsrun837i_new.xml</Element>
      <Element name="HistoryDir">Config("HistoryDir") </Element>
      <Element name="InputDir">Config("InputDir")</Element>
      <Element name="OutputDir">Config("OutputDir")  </Element>
      <Element name="DeleteDir">Config("DeleteDir")  </Element>
      <Element name="AltIndexDir">Config("AltIndexDir") </Element>
      <Element name="InputFileExtension">kwd</Element>
      <Element name="MultipleInputFiles">N</Element>
      <Element name="InputFile"></Element>
      <Element name="RunDate">mm/dd/yyyy 00:00:00.000</Element>
      <Element name="CreateAcknowledgementFile">B</Element>
      <Element name="HipaaRepositoryInstance">FACETS</Element>
      <Element name="HipaaBaseSystemInstance">FACETS</Element>
      <Element name="DeadlockRetryAttempts">5</Element>
      <Element name="DeadlockRetryWaitSeconds">3</Element>
      <!--<Element name="Region">Config("HI_DataSource")</Element>-->
      <!--<Element name="Appserver">apsed4499</Element>-->
    </Item>
   
  </Category>
  
  <!--Version 1.1 837P Claims Load Batch-->

       <Category name="CCS837P">
    <Item name="Mail_to_ok">FacetsBatchSupport</Item>
    <Item name="Subject">Log for 837P Claims Load Batch - ErCcsRun837p</Item>
    <Item name="Body"></Item>
    <Item name="Mail_to_err">FacetsBatchSupport</Item>
	<Item name="InputDir">E:\Batch_Framework\FTP\CL_INPUT\</Item>
	<Item name="OutputDir">E:\Batch_Framework\FTP\CL_OUTPUT\</Item>
	<Item name="HistoryDir">E:\Batch_Framework\FTP\CL_HISTORY\</Item>
	<Item name="DeleteDir">E:\Batch_Framework\FTP\CL_DELETE\</Item>
	<Item name="AltIndexDir">E:\Batch_Framework\FTP\CL_ALT_INDEX\</Item>
	<Item name="SourceDir">Config("NAS_Path")+\data\from_hipaagateway\OUTBOUND\</Item>
	<Item name="ArchDir">Config("NAS_Path")+\archive\data\from_hipaagateway\OUTBOUND\</Item>
	<Item name="DestDir">E:\Batch_Framework\FTP\CL_INPUT</Item>
	<Item name="FileName">FACE_2221</Item>
    <Item name="ProductAppId">837I</Item>
    <Item name="ProductName">FA</Item>
    <Item name="Pre-Process">
				<Element name="Xml">PreProc837p.xml</Element>
                <Element name="BypassStep">1000</Element>
                <Element name="BypassStep">3000</Element>
    </Item>
	<Item name="Post-Process">
				<Element name="Xml">PostProc837p.xml</Element>
				<Element name="BypassStep">3000</Element>
    </Item>
    <Item name="OverrideParameters">
      <Element name="RunBookName">erccsrun837i_new.xml</Element>
      <Element name="HistoryDir">Config("HistoryDir") </Element>
      <Element name="InputDir">Config("InputDir")</Element>
      <Element name="OutputDir">Config("OutputDir")  </Element>
      <Element name="DeleteDir">Config("DeleteDir")  </Element>
      <Element name="AltIndexDir">Config("AltIndexDir") </Element>
      <Element name="InputFileExtension">kwd</Element>
      <Element name="MultipleInputFiles">N</Element>
      <Element name="InputFile"></Element>
      <Element name="RunDate">mm/dd/yyyy 00:00:00.000</Element>
      <Element name="CreateAcknowledgementFile">B</Element>
      <Element name="HipaaRepositoryInstance">FACETS</Element>
      <Element name="HipaaBaseSystemInstance">FACETS</Element>
      <Element name="DeadlockRetryAttempts">5</Element>
      <Element name="DeadlockRetryWaitSeconds">3</Element>
      <!--<Element name="Region">Config("HI_DataSource")</Element>-->
      <!--<Element name="Appserver">apsed4499</Element>-->
    </Item>
   
    <!--Version 1.1 837Out - create 837 outbound EDI transactions--> 
   
  </Category>
  
        <Category name="CCS837OUT">
            <Item name="Mail_to_ok">FacetsClaimsSupport</Item>
            <Item name="Subject">Log for 837 outbound EDI batch - ErCcsRun837Out</Item>
            <Item name="Body"></Item>
            <Item name="Mail_to_err">FacetsClaimsSupport</Item>
            <Item name="ProductAppId">J37O</Item>
            <Item name="ProductName">FA</Item>
            <!--
            Pre-Process - 1.Update the StartDate in the dictionary object
            -->      

           <!--
            Post-Process - 1.Identify the log file name for the batch
            Post-Process - 2.Mail the log file
            -->
             <Item name="Post-Process">
                <Element name="Xml">PostProc_837O.xml</Element>
            </Item> 
            <Item name="OverrideParameters">
                <Element name="RunBookName">ErCcsRun837Out.xml</Element>
                <Element name="RestartStep">J37O_040</Element>
                <Element name="TradingPartnerId">841162764</Element>
                <Element name="UseGatewayFunctionality">Y</Element>
                <Element name="GatewayAppServer">apsed4491</Element>
                <Element name="GatewayRegion">uhohdv02</Element>
                <Element name="OutputMethod">FILE</Element>
                <Element name="PayerType">P</Element>
                <Element name="ClaimStatusListType">INCLUDE</Element>
                <Element name="ClaimStatus">11</Element>
                <Element name="ClaimType">M</Element>
                <Element name="ClaimSubType">M,H</Element>
                <Element name="NumberOfEngines">3</Element>
                <Element name="MergeIndicator">N</Element>
                <Element name="OutputDirectory">E:\Batch_Framework\FTP\837O_OUT</Element>
                <Element name="DebugDirectory">E:\Batch_Framework\FTP\837O_DEBUG</Element>
                <Element name="PatientLiabInd">M</Element>
            </Item>
   </Category>
   </BatchConfig>
</System>