<?xml version="1.0" encoding="utf-8"?>
<!--
###############################################################################
# Begin Copyright
#
# (c) 2017 Cognizant TriZetto Software Group, Inc. All rights reserved. Confidential and Trade Secret Material.
#
# End Copyright 
###############################################################################
-->
<!--
############################################################
#
# $Header:
#
# Title:   Annual Tax Batch Run Book
#
# Purpose: Runs procedure ErCdsProcTax0.xml to update:
#			    CDS_TXPD_PAY_DTL
#               CDS_TXOP_OVP_DTL
#           	CDS_TXRC_RECIPIENT
#           	CDS_TXPY_PAYOR
#				CDS_TXER_EMPLOYER
#           	CDS_TXSU_SUMMARY
#          and creates the 1099-MISC and/or W2 Disability Payment ASCII output file 
#          for submission to the IRS and/or SSA. 
#          Supporting reports and 1099-MISC Forms may be produced through RUBI in MS Access.
#
# This file was generated from cdsrtax0.ksh
#
# $Log:
################################################################
-->
<Job>
	<ProcFile name="ErCdsProcTax0"/>
	<Category name="Indicative">
		<Item name="RunbookFacetsVersion">540.21707.12702.1004</Item>
		<Item name="RunbookFacetsRelease">540</Item>
	</Category>
	<Category name="Parameters">
		<!--
###############################################################################
# Job Level Overrides
#
# Job Override Examples:
# To bypass execution of a specific job step:
#   <Item name="BypassStep">5500</Item>
# Restart Step override, will start procedure in a particular step:
#   <Item name="RestartStep">6000</Item>
# To bypass creation of the ASCII output file enter NONE:
#   <Item name="AsciiFileName">NONE</Item>
# Other required parameter formats are given below
################################################################################
-->
		<!--###################################################
	#	Job Level Overrides
	###################################################-->
		<!--<Item name="BypassStep">1000</Item>-->
		<!--<Item name="RestartStep">6000</Item>-->
		<!--<Item name="StopStep">1000</Item>-->
		<!--<Item name="RunDate">mm/dd/yyyy 00:00:00.000</Item>-->
		<!--<Item name="OutputDir"></Item>-->
		<!--Optional (default is to batch output)-->
		<!--<Item name="IncludeProcess1099ProcessW2DisabilityPayments"></Item>-->
		<!--Optional Enter '9' for 1099, 'W' for W2, or 'B' for Both 1099 and W2 (Default = '9' 1099 processing)-->
		<Item name="TaxYear">2018</Item>
		<!--Optional Format = YYYY-->
		<!--Default Logic:If the month of the current date is less than 7 (Jan - June)-->
		<!--Tax Year is previous year, otherwise (July - Dec)-->
		<!--Tax Year is current year-->
		<!--###################################################
	#	1099-MISC Process Overrides
	###################################################-->
		<!--<Item name="AsciiFileName">ErCdsRunTax0.txt</Item>-->
		<!--Optional (default creates outputfile named ErCdsRunTax0.txt, enter NONE to bypass)-->
		<!--<Item name="TransmitterCntlCode"></Item>-->
		<!--Required Alphanumeric - 5 character maximum-->
		<!--<Item name="TransmitterName"></Item>-->
		<!--Required 80 characters maximum-->
		<!--<Item name="CompanyName"></Item>-->
		<!--Required 80 characters maximum-->
		<!--<Item name="TransmitterAddr"></Item>-->
		<!--Required 40 characters maximum-->
		<!--<Item name="TransmitterCity"></Item>-->
		<!--Required 40 characters maximum-->
		<!--<Item name="TransmitterState"></Item>-->
		<!--Required 2 characters maximum-->
		<!--<Item name="TransmitterZip"></Item>-->
		<!--Required 9 digits maximum-->
		<!--<Item name="TransmitterTIN"></Item>-->
		<!--Required 9 digits-->
		<!--<Item name="ContactName"></Item>-->
		<!--Required 40 characters maximum-->
		<!--<Item name="ContactPhoneAndExt"></Item>-->
		<!--Required 15 characters maximum-->
		<!--<Item name="ContactEmail"></Item>-->
		<!--Optional  50 characters maximum  Default = space-->
		<!--<Item name="CreationLimit"></Item>-->
		<!--Optional Format = '999.99' Default = '600.00'-->
		<!--<Item name="TestInd"></Item>-->
		<!--Optional  'T' or space Default = space-->
		<!--<Item name="VendorInd"></Item>-->
		<!--Optional 'Y' or 'N' Default = 'N'-->
		<!--<Item name="MRRefundIncludeInd"></Item>-->
		<!--Optional 'Y' or 'N' Default = 'Y' (Include Manual Reduction overpayment rows)-->
		<!--<Item name="IncludeExternalPYMTS"></Item>-->
		<!--Optional 'Y' or 'N' Default = 'Y' (Include External Checks)-->
		<!--###################################################
	#	W2 Disability Process Overrides
	###################################################-->
		<!--<Item name="InputFileW2"></Item>-->
		<!--Required parameter - Enter the input file directory, file name with extension (example c:\Facets\Input\KindOfEmployer.txt). Kind of Employer by Group EIN (GRGR_EIN). 9 character EIN followed by Kind of Employer (F, S, T, Y, or N) and carriage return.)-->
		<!--<Item name="AsciiFileNameW2">ErCdsRunTax0W2.txt</Item>-->
		<!--Optional (default creates output file named ErCdsRunTax0W2.txt, enter NONE to bypass)-->
		<!--<Item name="UserIdentificationW2"></Item>-->
		<!--Required 8 characters maximum-->
		<!--<Item name="SubmitterNameW2"></Item>-->
		<!--Required 57 characters maximum-->
		<!--<Item name="SubmitterAddrW2"></Item>-->
		<!--Required 22 characters maximum-->
		<!--<Item name="SubmitterCityW2"></Item>-->
		<!--Required 22 characters maximum-->
		<!--<Item name="SubmitterStateW2"></Item>-->
		<!--Required 2 characters maximum-->
		<!--<Item name="SubmitterZipW2"></Item>-->
		<!--Required 9 digits maximum-->
		<!--<Item name="SubmitterEINW2"></Item>-->
		<!--Required 9 digits-->
		<!--<Item name="ContactNameW2"></Item>-->
		<!--Required 27 characters maximum-->
		<!--<Item name="ContactAddrW2"></Item>-->
		<!--Optional 22 characters maximum.-->
		<!--<Item name="ContactCityW2"></Item>-->
		<!--Optional 22 characters maximum.-->
		<!--<Item name="ContactStateW2"></Item>-->
		<!--Optional 2 characters maximum.-->
		<!--<Item name="ContactZipW2"></Item>-->
		<!--Optional 9 characters maximum.-->
		<!--<Item name="ContactPhoneAndExtW2"></Item>-->
		<!--Required 20 characters maximum-->
		<!--<Item name="ContactEmailW2"></Item>-->
		<!--Required 40 characters maximum.-->
		<!--<Item name="ContactFaxW2"></Item>-->
		<!--Optional 10 characters maximum  Default = space-->
		<!--<Item name="ResubIndicatorW2"></Item>-->
		<!--Optional  Enter '1' if file being resubmitted, Default = '0'-->
		<!--<Item name="ResubWFIDW2"></Item>-->
		<!--Conditional 6 characters maximum. Required when ResubIndicatorW2 = '1'. Enter the WFID displayed on the notice SSA sent you. Default = space-->
		<!--<Item name="PreparerCodeW2"></Item>-->
		<!--Required 1 characters maximum. Enter 'A', 'L', 'S', 'P', or 'O' (A=Accounting Firm, L=Self-Prepared, S=Service Bureau, P=Parent Company, O=Other)-->
		<!--<Item name="AnnualMaximumSSAWageW2"></Item>-->
		<!--Optional Format = '999999.99' Default = 106800.00-->
	</Category>
	<!--
###############################################################################################
# Step Level Overrides
# There are no step level overrides for this job - they are all handled at the job level
# To Bypass a specific job step, use instructions above for Job Level Overrides
#	Step Descriptions:
# 3000: CDSSP_TXPD_FILL_PYMT_INFO - Partially fills TXPD with data from CKCK and CKPY
# 3100: CDSSP_TXPD_FILL_TAX_ID - Fills in Tax ID data
# 3500: CDSSP_TXOP_FILL_OVP_INFO - Partially fills TXOP with ACRH data
# 3600: CDSSP_TXOP_FILL_TAX_ID - Fills in Tax ID data 
# 4000: CDSSP_TXRC_FILL_RECIPIENT- Truncate and fill TXRC
# 4500: CDSSP_TXPY_FILL_PAYOR_INFO - Truncate and fill TXPY                 
# 4550: CDSSP_TXER_FILL_EMPLOYER_INFO - Truncate and fill TXER                 
# 5000: TXS1: - Summarize Payments into TXSU table
# 5500: TXS2: - Summarize Overpayments and/or complete update to TXSU
# 6000: TXX1: - Create 1099-MISC and/or W2 Disability Payment ASCII Output File
###############################################################################################
-->
</Job>
