﻿<?xml version="1.0" encoding="utf-8"?>
<!--
###############################################################################
# Begin Copyright
#
# Copyright (c) 1997-2009 The TriZetto Group, Inc. All rights reserved.
# This material may be reproduced by or for the US Government to the 
# extent permitted by the copyright license under DFARS 42:227-7013(e).
#
# End Copyright 
###############################################################################
-->
<!--
############################################################
#
# $Header:   //un-pvcs/datapvcs/archives/3x/300/dev/cds/src/job/ErCdsRunTax0.xml-arc   1.17   04 Oct 2009 18:12:04   mvanvlie  $
#
# Title:   Annual Tax Batch Run Book
#
# Purpose: Runs procedure ErCdsProcTax0.xml to update:
#			    CDS_TXPD_PAY_DTL
#               CDS_TXOP_OVP_DTL
#           	CDS_TXRC_RECIPIENT
#           	CDS_TXPY_PAYOR
#           	CDS_TXSU_SUMMARY
#          and creates the 1099-MISC ASCII output file for submission to the IRS. 
#          Supporting reports and 1099-MISC Forms may be produced through RUBI in MS Access.
#
# This file was generated from cdsrtax0.ksh
#
# $Log:   //un-pvcs/datapvcs/archives/3x/300/dev/cds/src/job/ErCdsRunTax0.xml-arc  $
  
     Rev 1.17   04 Oct 2009 18:12:04   mvanvlie
  1. Updated TriZetto copyright block.
  
     Rev 1.16   Sep 21 2009 11:14:20   mvanvlie
  1. Injected TriZetto copyright block.
  
     Rev 1.14   Oct 24 2008 15:58:44   jlamicel
  1. Rel 4.609a - 2008 IRS updates, TT# PDR000108030, spec TX08TAXES.DOC - Removed TransmitterMediaNum and TapeInd from batch.
  
     Rev 1.12   Nov 21 2006 10:25:18   jlamicel
  1. Rel 4.409b - 2006, stars 46161, TX06TAXES - Removed unused parm "NumberOfEngines"
  
     Rev 1.11   Nov 07 2006 16:28:32   jlamicel
  1. Rel 4.409a - 2006, stars 46161, TX06TAXES - Parameter "ContactEmail" increased to 50 bytes, the informational comment was updated, no processing changes to runbook.
  
     Rev 1.10   May 03 2006 14:22:54   jlamicel
  1. Rel 4.39e - Stars 44490 - Remove unused parmameter "RunbookBaseName" from runbook and Tax doc in the ORM
  
     Rev 1.9   Aug 10 2005 16:27:50   mpearce
  1. Removed unused parameters.
  
     Rev 1.8   03 Sep 2004 15:04:10   jlamicel
  1. Rel 4.19n - Added new parameter IncludeExternalPMYTS, spec TAX04BAT1A
  
     Rev 1.7   22 Jan 2004 20:38:00   jlamicel
  1. Rel 4.109b - 2003, stars 33605 - Manual reduction refund option
  
     Rev 1.6   13 Nov 2002 20:04:50   jlamicel
  1. Rel 3.1099b - Stars 28233, Added optional parameters "TranMediaNum" and "ContactEmail"
  
     Rev 1.5   25 Sep 2002 17:24:20   lmazzari
  1. STARS # 25521 - Added Step Descriptions and made changes to allow tax year to default if not entered.
  
     Rev 1.4   07 Aug 2002 17:26:10   mpearce
  1. Added commarea attribute.
  
     Rev 1.3   06 Feb 2002 16:19:44   lmazzari
  1. 300RC2 - Further revisions for kornshell to XML conversion
  
     Rev 1.2   30 Jan 2002 16:46:28   lmazzari
  2999RC1 - Kornshell to XML updates
  
     Rev 1.1   29 Nov 2001 11:48:20   jlamicel
  Test Build
  
     Rev 1.0   25 Oct 2001 16:33:10   mpearce
  Initial revision.
################################################################
-->
<Job>
  <ProcFile name="ErCdsProcTax0" />
  <Category name="Parameters">
    <!--#############################################################
# Job Level Overrides
#
# Job Override Examples:
# To bypass execution of a specific job step:
#   <Item name="BypassStep">5500</Item>
# Restart Step override, will start procedure in a particular step:
#   <Item name="RestartStep">6000</Item>
# To bypass creation of the ASCII output file enter NONE:
#   <Item name="AsciiFileName">NONE</Item>
# Other required parameter formats are given below
##############################################################-->
    <!--<Item name="BypassStep">1000</Item>-->
    <!--<Item name="RestartStep">6000</Item>-->
    <!--<Item name="StopStep">1000</Item>-->
    <!--<Item name="RunDate">mm/dd/yyyy 00:00:00.000</Item>-->
    <!--<Item name="OutputDir"></Item>-->
    <!--Optional (default is to batch output)-->
    <!--<Item name="AsciiFileName">ErCdsRunTax0.txt</Item>-->
    <!--Optional (default creates outputfile named ErCdsRunTax0.txt, enter NONE to bypass)-->
    <Item name="TransmitterCntlCode">TV19</Item>
    <!--Required Alphanumeric - 5 character maximum-->
    <Item name="TransmitterName">VENKAT T</Item>
    <!--Required 80 characters maximum-->
    <Item name="CompanyName">CTSUSCORP</Item>
    <!--Required 80 characters maximum-->
    <Item name="TransmitterAddr">500 GLENPOINTE CTR W</Item>
    <!--Required 40 characters maximum-->
    <Item name="TransmitterCity">TEANECK</Item>
    <!--Required 40 characters maximum-->
    <Item name="TransmitterState">NJ</Item>
    <!--Required 2 characters maximum-->
    <Item name="TransmitterZip">07666</Item>
    <!--Required 9 digits maximum-->
    <Item name="TransmitterTIN">987654321</Item>
    <!--Required 9 digits-->
    <Item name="ContactName">KANNAN B</Item>
    <!--Required 40 characters maximum-->
    <Item name="ContactPhoneAndExt">7637326000</Item>
    <!--Required 15 characters maximum-->
    <!--<Item name="ContactEmail"></Item>-->
    <!--Optional  50 characters maximum  Default = space-->
    <Item name="TaxYear">2006</Item>
    <!--Optional Format = YYYY-->
    <!--Default Logic:If the month of the current date is less than 7 (Jan - June)-->
    <!--Tax Year is previous year, otherwise (July - Dec)-->
    <!--Tax Year is current year-->
    <!--<Item name="CreationLimit"></Item>-->
    <!--Optional Format = '999.99' Default = '600.00'-->
    <!--<Item name="TestInd"></Item>-->
    <!--Optional  "T" or space Default = space-->
    <!--<Item name="VendorInd"></Item>-->
    <!--Optional "Y" or "N" Default = "N"-->
    <!--<Item name="MRRefundIncludeInd"></Item>-->
    <!--Optional "Y" or "N" Default = "Y" (Include Manual Reduction overpayment rows)-->
    <!--<Item name="IncludeExternalPYMTS">N</Item>-->
    <!--Optional "Y" or "N" Default = "Y" (Include External Checks)-->
  </Category>
  <!--
#########################################################################
# Step Level Overrides
# There are no step level overrides for this job - they are all handled at the job level
# To Bypass a specific job step, use instructions above for Job Level Overrides
#	Step Descriptions:
# 3000: CDSSP_TXPD_FILL_PYMT_INFO - partially fills TXPD with data from CKCK and CKPY
# 3100: CDSSP_TXPD_FILL_TAX_ID - fills in Tax ID data
# 3500: CDSSP_TXOP_FILL_OVP_INFO - partially fills TXOP with ACRH data
# 3600: CDSSP_TXOP_FILL_TAX_ID - fills in Tax ID data 
# 4000: CDSSP_TXRC_FILL_RECIPIENT- TRUNCATE/FILL TXRC
# 4500: CDSSP_TXPY_FILL_PAYOR_INFO - TRUNCATE/FILL TXPY                 
# 5000: TXS1: - Summarize Payments into TXSU table
# 5500: TXS2: - Summarize Overpayments and/or complete update to TXSU
# 6000: TXX1: - Create 1099-MISC ASCII Output File
#######################################################################-->
</Job>