<!--
#################################################################
# Title  : PreProc_Clmu.xml
# Purpose: Pre-Process Steps for Medical Electronic Adjudication Batch
# Log    : 
# Initial revision.
#################################################################
-->
<Job>
    <Category name="Indicative">
        <Item name="JobName">PreProc_Clmu</Item>
        <Item name="JobDescription">Pre-Process Electronic Adjudication Procedure Book</Item>
    </Category>
<!--
#################################################################
# Step   1000
#################################################################
-->
    <Step number="1000">
        <Category name="Indicative">
            <Item name="StepName">PreProc_Clmu_1000</Item>
            <Item name="StepDescription">Update the run date in the Override Dictionary Object</Item>
            <Item name="StepNumber">1000</Item>
        </Category>
<!--
#################################################################
# Action   1000_1000
#################################################################
-->
        <Action number="1000_1000">
            <Category name="Indicative">
                <Item name="ActionNumber">1000_1000</Item>
                <Item name="ProgramName">DLL</Item>
            </Category>
            <FunctionInfo>
                <Function>UpdateDicOverride</Function>
                <Parameter>
                    <Item>
                        <Name>Item</Name>
                        <Value>RunDate</Value>
                    </Item>
                </Parameter>
            </FunctionInfo>
        </Action>
<!--
##################################################################
# Action   1000_2000
##################################################################
-->
        <Action number="1000_2000">
            <Category name="Indicative">
                <Item name="ActionNumber">1000_2000</Item>
                <Item name="ProgramName">VBscript</Item>
            </Category>
            <ScriptInfo>
                <Script>FA_NTBTCHFRMWK_SendEmail.vbs</Script>
                <Parameter>
                    <Item>
                        <Name>l_strMailPath</Name>
                        <Value>Config("Mail Path")</Value>
                    </Item>
                    <Item>
                        <Name>l_strBody</Name>
                        <Value>Config("Body")</Value>
                    </Item>
                    <Item>
                        <Name>l_strReceiver</Name>
                        <Value>Config("Mail_to_ok")</Value>
                    </Item>
                    <Item>
                        <Name>l_strMailSender</Name>
                        <Value>Config("Sender")</Value>
                    </Item>
                    <Item>
                        <Name>l_strSubject</Name>
                        <Value>" + Config("PreMail_Subject") + "</Value>
                    </Item>
                    <Item>
                        <Name>l_strMailServerName</Name>
                        <Value>Config("Mail_ServerName")</Value>
                    </Item>
                    <Item>
                        <Name>l_strMailPortNumber</Name>
                        <Value>Config("Mail_Port")</Value>
                    </Item>
                </Parameter>
            </ScriptInfo>
        </Action>
        
    </Step>
</Job>
