<!--
#################################################################
# Title  : PreProc837i.xml
# Purpose: Pre-Process Steps for HIPAA Inbound EDI 837 batch
# Log    : 
# Initial revision.
#################################################################
-->
<Job>
    <Category name="Indicative">
        <Item name="JobName">PreProc837i</Item>
        <Item name="JobDescription">Pre-Process HIPAA Inbound EDI 837 Procedure Book</Item>
    </Category>
<!--
#################################################################
# Step   1000
#################################################################
-->
    <Step number="1000">
        <Category name="Indicative">
            <Item name="StepName">PreProc837i_1000</Item>
            <Item name="StepDescription">Check if the Request file is present</Item>
            <Item name="StepNumber">1000</Item>
        </Category>
<!--
#################################################################
# Action   1000_1000
#################################################################
-->
        <Action number="1000_1000">
            <Category name="Indicative">
                <Item name="ActionNumber">1000_1000</Item>
                <Item name="ProgramName">DLL</Item>
            </Category>
            <FunctionInfo>
                <Function>CheckInputFile</Function>
                <Parameter>
                    <Item>
                        <Name>SourceFile</Name>
                        <Value>Config("InputFile") +.txt</Value>
                    </Item>
                </Parameter>
            </FunctionInfo>
        </Action>
    </Step>
<!--
##################################################################
# Step   2000
##################################################################
-->
    <Step number="2000">
        <Category name="Indicative">
            <Item name="StepName">PreProc837i_2000</Item>
            <Item name="StepDescription">Ftp the input file from NAS</Item>
            <Item name="StepNumber">2000</Item>
        </Category>
<!--
##################################################################
# Action   2000_1000
##################################################################
-->
        <Action number="2000_1000">
            <Category name="Indicative">
                <Item name="ActionNumber">2000_1000</Item>
                <Item name="ProgramName">VBscript</Item>
            </Category>
            <ScriptInfo>
                <Script>FA_CopyDelArch_SourceToDest.vbs</Script>
                <Parameter>
                    <Item>
                        <Name>l_strSrcFileDir</Name>
                        <Value>Config("SourceDir")</Value>
                    </Item>
                    <Item>
                        <Name>l_strDestFileDir</Name>
                        <Value>Config("DestDir")</Value>
                    </Item>
                    <Item>
                        <Name>l_strFileName</Name>
                        <Value>Config("FileName")</Value>
                    </Item>
					 <Item>
                        <Name>l_function</Name>
                        <Value>COPY</Value>
                    </Item>
                </Parameter>
            </ScriptInfo>
        </Action>
		
		<!--
##################################################################
# Action   2000_2000
##################################################################
-->
        <Action number="2000_2000">
            <Category name="Indicative">
                <Item name="ActionNumber">2000_2000</Item>
                <Item name="ProgramName">VBscript</Item>
            </Category>
            <ScriptInfo>
                <Script>FA_CopyDelArch_SourceToDest.vbs</Script>
                <Parameter>
                    <Item>
                        <Name>l_strSrcFileDir</Name>
                        <Value>Config("SourceDir")</Value>
                    </Item>
                    <Item>
                        <Name>l_strDestFileDir</Name>
                        <Value>Config("ArchDir")</Value>
                    </Item>
                    <Item>
                        <Name>l_strFileName</Name>
                        <Value>Config("FileName")</Value>
                    </Item>
					 <Item>
                        <Name>l_function</Name>
                        <Value>ARCHIVE</Value>
                    </Item>
                </Parameter>
            </ScriptInfo>
        </Action>
    </Step>    
<!--
#################################################################
# Step   3000
#################################################################
-->
    <Step number="3000">
        <Category name="Indicative">
            <Item name="StepName">PreProc837i_3000</Item>
            <Item name="StepDescription">Check if the input file is present and is not empty</Item>
            <Item name="StepNumber">3000</Item>
        </Category>
<!--
#################################################################
# Action   3000_1000
#################################################################
-->
        <Action number="3000_1000">
            <Category name="Indicative">
                <Item name="ActionNumber">3000_1000</Item>
                <Item name="ProgramName">DLL</Item>
            </Category>
            <FunctionInfo>
                <Function>CheckInputFile</Function>
                <Parameter>
                    <Item>
                        <Name>SourceFile</Name>
                        <Value>Config("InputFile") + .txt</Value>
                    </Item>
                </Parameter>
            </FunctionInfo>
        </Action>

#################################################################
# Action   3000_2000
#################################################################
        <Action number="3000_2000">
            <Category name="Indicative">
                <Item name="ActionNumber">3000_2000</Item>
                <Item name="ProgramName">DLL</Item>
            </Category>
            <FunctionInfo>
                <Function>FileRename</Function>
                <Parameter>
                    <Item>
                        <Name>SourceFile</Name>
                        <Value>Config("InputFile") + .txt</Value>
                    </Item>
                    <Item>
                        <Name>DestinationFile</Name>
                        <Value>Config("InputFile") + .txt</Value>
                    </Item>
                </Parameter>
            </FunctionInfo>
        </Action>
    </Step>
<!--
#################################################################
# Step   4000
#################################################################
-->
    <Step number="4000">
        <Category name="Indicative">
            <Item name="StepName">PreProc837i_4000</Item>
            <Item name="StepDescription">Update the run date in the config.xml</Item>
            <Item name="StepNumber">4000</Item>
        </Category>
<!--
#################################################################
# Action   4000_1000
#################################################################
-->
        <Action number="4000_1000">
            <Category name="Indicative">
                <Item name="ActionNumber">4000_1000</Item>
                <Item name="ProgramName">DLL</Item>
            </Category>
            <FunctionInfo>
                <Function>UpdateDicOverride</Function>
                <Parameter>
                    <Item>
                        <Name>Item</Name>
                        <Value>RunDate</Value>
                    </Item>
                </Parameter>
            </FunctionInfo>
        </Action>
    </Step>    
</Job>

