<?xml version="1.0" encoding="utf-8"?>
<!--
###############################################################################
# Begin Copyright
#
# Copyright (c) 1997-2016 TriZetto Corporation. All rights reserved.
# This material may be reproduced by or for the US Government to the 
# extent permitted by the copyright license under DFARS 42:227-7013(e).
#
# End Copyright 
###############################################################################
-->
<!--
############################################################
#
# $Header:
#
# Title:  Trizetto HIPAA Inbound EDI 837 Import Run Book
#
# Purpose:
#
# This file was generated from ccsr837i.ksh
#
# $Log:
################################################################
-->
<Job>
	<ProcFile name="ErCcsProc837i"/>
	<Category name="Indicative">
		<Item name="RunbookFacetsVersion">540.21610.12501.1001</Item>
		<Item name="RunbookFacetsRelease">540</Item>
	</Category>
	<Category name="Parameters">
		<!--#################################################################################
        # Job Level Overrides  (Optional)
        #################################################################################-->
		<!--<Item name="RunDate">mm/dd/yyyy 00:00:00.000</Item>-->
		<!--
		##=====================================================##
		##   Use these overrides for multi-engine processing   ##
		##=====================================================##-->
		<!--<Item name="NumberOfEnginesClaim" commarea="Y">1</Item>-->
		<!--<Item name="NumberOfEnginesFiles" commarea="Y">1</Item>-->
		<!--
		##===================================================================##
		##   Indicate the number of claims that should be processed by an    ##
		##   engine before proceeding to the next set of claims              ##
		##   This runbook option is not used for single engine runs          ##
		##===================================================================##-->
		<!--<Item name="ClaimsPerEngine">1000</Item>-->
		<!--
		##===============================================================================
		##
		## Received Date override requires the following format: mm/dd/yyyy
		##             For example... ReceivedDate = 10/24/2002
		##
		##===============================================================================-->
		<!--<Item name="ReceivedDate">mm/dd/yyyy</Item>-->
		<!--
		##===============================================================================
		##
		##   Enter input/output/history/delete/altindex directories(Required)  
		##
		## Entered Directory information for the folowing paraters: -Angel R. (UHOne BC)
		##==============================================================================-->
		<Item name="InputDir">E:\Batch_Framework\FTP\CL_INPUT\</Item>
		<Item name="OutputDir">E:\Batch_Framework\FTP\CL_OUTPUT\</Item>
		<Item name="HistoryDir">E:\Batch_Framework\FTP\CL_HISTORY\</Item>
		<Item name="DeleteDir">E:\Batch_Framework\FTP\CL_DELETE\</Item>
		<Item name="AltIndexDir">E:\Batch_Framework\FTP\CL_ALT_INDEX\</Item>
		<!--
		##===============================================================================
		##
		##  Enter input file extension. Required for both single and 
		##  multiple file processing. Default is "txt". 
		##
		## Uncommented and added >kwd< as the file extension -Angel R. (UHOne BC)
		##===============================================================================-->
		<Item name="InputFileExtension">kwd</Item>
		<!--
		##===============================================================================
		##
		##   Enter "N" To process a single input file. 
		##   Enter "Y" To process multiple input files. Default is "Y".           
		##
		##===============================================================================-->
		<!--<Item name="MultipleInputFiles">N</Item>-->
		<!--
		##===============================================================================
		##
		##   Uncomment, or set the "NoInputFilesError" switch to "Y" to force a      
		##   return code of 8 when processing multiple input files and no input     
		##   files exist for the specified input file extension.                    
		##                                                                          
		##   Default is set to "N" which returns a 0 return code.                   
		##
		##===============================================================================-->
		<!--<Item name="NoInputFilesError">Y</Item>-->
		<!--
		##===============================================================================
		##
		##	To process a single file, enter name of file with no extension.      
		##	To process multiple files, leave commented.                          
		##
		##===============================================================================-->
		<!--<Item name="InputFile">INPUT_FILE</Item>-->
		<!--
		##===============================================================================
		##   Uncomment to prevent copy and delete messages from generating in logs
		##===============================================================================-->
		<!--<Item name="DisplayFileMessages">N</Item>-->
		<!--
		##===========================================================================
		##   Deadlock Retry Overrides                                                      
		##
		##   The following overrides allow custom configuration of deadlock retry logic.   
		##   DeadlockRetryAttempts - the number of times a deadlocked transaction          
		##                           will attempt database update before being bypassed.   
		##   DeadlockRetryWaitSeconds - the number of seconds between a deadlocked         
		##                              transaction's database update retry attempts.      
		##
		##===========================================================================-->
		<!--<Item name="DeadlockRetryAttempts">3</Item>-->
		<!--<Item name="DeadlockRetryWaitSeconds">3</Item>-->
		<!--
		##===========================================================================
		##
		##   Enter the number of deadlocks that will cause the job to terminate.
		##   By default the job will not terminate after a deadlock error.
		##
		##===========================================================================-->
		<!--<Item name="MaxClaimDeadlocks">1</Item>-->
		<!--
		##===========================================================================
		##
		##   Enter the USUS_ID to be used for generating the CLCL_ID.
		##   The engine number is appended to the USUS_ID provided
		##   when running more than one engine.
		##
		##===========================================================================-->
		<!--<Item name="ClclUserId"></Item>-->
		<!--
		##===========================================================================
		##
		##   Enter the conversion rules for the auto generated CLCL_ID.
		##   0 - Leave the CLCL_ID as generated from the KEYG row
		##   1 - Convert the CLCL_ID to base 34 (0-9,A-Z excluding capital letters I,O)
		##   2 - Convert the CLCL_ID to base 24 (A-Z excluding capital letters I,O)
		##
		##===========================================================================-->
		<!--<Item name="CompressClclId">0</Item>-->
		<!--
		##===========================================================================
		##
		##   Uncomment ExcludeVowels below when CompressClclId needs to behave exactly 
		##   as described above.
		##
		##   ExcludeVowels can be used when CompressClclId is either 1 or 2.
		##   When set to "Y", additional letters A,E,U,Y will be excluded in auto
		##   generating the CLCL_ID.  Default is "Y".
		##
		##===========================================================================-->
		<!--<Item name="ExcludeVowels">N</Item>-->
		<!--
		##===========================================================================
		##
		##   Enter a "Y" to insert records to database rather than apply. Default is "N".
		##
		##===========================================================================-->
		<!--<Item name="InsertOption">Y</Item>-->
		<!--
		##===========================================================================
		##
		##   To create acknowledgement records file. Valid values are:      
		##   " " [don't create file - Default]                              
		##   "M" [only create acknowledgement records for medical claims]   
		##   "D" [only create acknowledgement records for dental claims]    
		##   "B" [Create acknowledgement records for all claims]            
		##
		##===========================================================================-->
		<!--<Item name="CreateAcknowledgementFile">B</Item>-->
		<!--
		##===========================================================================
		##
		##   Enter a "Y" to assign Ambulance Mileage units as an override. Default is "N".
		##
		##===========================================================================-->
		<!--<Item name="AmbulanceMileage">Y</Item>-->
		<!--
		##===========================================================================
		##
		##   Enter a "Y" to convert the Obstetric Anesthesia Units into minutes. Default is "N".
		##
		##===========================================================================-->
		<!--<Item name="MapObstetricAnesthesiaUnits">Y</Item>-->
		<!--
		##===========================================================================
		##
		## Indicate Name of Repository Instance. Default is "FACETS"
		##
		##===========================================================================-->
		<!--<Item name="HipaaRepositoryInstance">HIPAA_REPOSITORY_INSTANCE</Item>-->
		<!--
		##===========================================================================
		##
		## Indicate Name of Base System Instance. Default is "FACETS"
		##
		##===========================================================================-->
		<!--<Item name="HipaaBaseSystemInstance">HIPPA_BASE_SYSTEM_INSTANCE</Item>-->
		<!--
		##===========================================================================
		##
		##  Mapping Profile Parameters:
		##
		##     GwAppserver is the server name where the gateway is installed.
		##     GwRegion is the region name on the server where the gateway is installed.
		##
		##  If one parameter is entered then all must be entered.
		##
		## Enabled "GwAppserver" and "GwRegion"  -Angel R. (UHOne BC)
		##===========================================================================-->
		<Item name="GwAppserver">APSED4491</Item>
		<Item name="GwRegion">uhohdv02</Item>
		<!--
		##===========================================================================
		##
		## Fractional Units Rounding Options
		##
		##	Option #1 - Round number down to nearest whole number
		##			2.1 = 2    2.9 = 2
		##	       #2 - Round number up to nearest whole number
		##			2.1 = 3    2.9 = 3
		##	       #3 - Round number mathematically to nearest whole number
		##			2.1 = 2    2.9 = 3
		##
		##===========================================================================-->
		<!--<Item name="Rounding">1</Item>-->
		<!--
		##===========================================================================
		##
		##   Enter the action that should be taken by the job when a user exit calls  
    ##   the SetData command and the SetData command fails.
		##   1 - Generate an error message and stop the job
		##   2 - Generate an error message and let the job continue
		##   3 - Do not generate an error message and let the job continue
		##
		##===========================================================================-->
		<!--<Item name="SetDataErrorOpt">1</Item>-->
		<!--
		##===========================================================================
		##
		##   Uncomment below to prevent this job from failing when other claims jobs      
		##   are running concurrently
		##   
		##   NOTE: The following restrictions are in effect when EnableConcurrentExecution=Y
		##         This job must be a single engine job
		##         This job cannot be restarted after fatal errors occur
		##
		##===========================================================================-->
		<!--<Item name="EnableConcurrentExecution">Y</Item>-->
		<!--
		##===========================================================================
		##
		## 	Member Search Configuration File
		##
		##      To activate the Member Search, enter the full path and file name 
		## 	 	of the Member Search Configuration file.
		##
		##===========================================================================-->
		<!--<Item name="MemberSearchConfigFile">MEMBER_SEARCH_CONFIG_FILE</Item>-->
		<!--
		##===========================================================================
		##
		## 	Provider Search Configuration File
		##
		##      To activate the Provider Search, enter the full path and file name 
		## 	 	of the Provider Search Configuration file.
		##
		##===========================================================================-->
		<!--<Item name="ProviderSearchConfigFile">PROVIDER_SEARCH_CONFIG_FILE</Item>-->
		<!--
		##===========================================================================
		##
		## 	Referring (RFOtherProvEdit), 
		##  Facility (FAOtherProvEdit),  
		##  Other Provider Edit (OtherProvEdit) 
		##
		##  Options:
		##
		## 	 	"Y" - Yes, Edit this Provider ID
		##		"N" - No, do not edit this Provider ID (Default is "N")
		##
		##  Note: The Other Provider Edit Option includes edits for the 
		##        Admitting Provider (AD), Operating Provider (OP), 
		##        Other Provider 1 (O1), and Other Provider 2 (O2).
		##
		##===========================================================================-->
		<!--<Item name="RFOtherProvEdit">Y</Item>-->
		<!--<Item name="FAOtherProvEdit">Y</Item>-->
		<!--<Item name="OtherProvEdit">Y</Item>-->
		<!--
    ##===========================================================================
    ##
    ##  The following values available for the RendProvEdit:
    ##
    ##  	001-Do Not Validate Rendering Provider IDs 
    ##  	002-Validate All Rendering Provider IDs
    ##  	003-Validate Line Level Rendering Provider IDs 
    ##  	004-Validate Claim Level Rendering Provider IDs 
    ##  	    (Default is "001") 
    ##
    ##===========================================================================-->
		<!--<Item name="RendProvEdit">002</Item>-->
		<!--
		##===========================================================================
		##
		## 	Suppress Search Errors Option: 
		##
		## 	 	"Y" - Yes, do not write search errors to log file
		##		"N" - No, do write search errors to log file (Default is "N")
		##
		##===========================================================================-->
		<!--<Item name="SuppressSearchErrors">Y</Item>-->
		<!--
		##===========================================================================
		##
		## 	Search Debug Option: 
		##
		## 	 	"Y" - Yes, write search debug information to log file
		##		"N" - No, do not write search debug information to log file (Default is "N")
		##
		##===========================================================================-->
		<!--<Item name="SearchDebug">Y</Item>-->
		<!--
		##===========================================================================
		##
		## 	WorkFlow Option: 
		##
		## 	 	"Y" - Yes, execute WorkFlow functionality  
		##		"N" - No, do not execute WorkFlow functionality (Default is "N")
		##
		##===========================================================================-->
		<!--<Item name="WorkFlow">Y</Item>-->
		<!--
    ##===========================================================================
    ## Subrogation Switch
    ##    "Y" to bypass subrogation claims. Default
    ##    "N" to process subrogation claims.
    ##===========================================================================-->
		<!--<Item name="AllowSubrogation">N</Item>-->
		<!--
		##===============================================================================================##
		##   Uncomment below when only essential run controls should be displayed for individual files   ##
		##===============================================================================================##-->
		<!--<Item name="DisplayAllRunControls">N</Item>-->
	</Category>
</Job>
