<?xml version="1.0" encoding="utf-8"?>
<!--
###############################################################################
# Begin Copyright
#
# (c) 2019 Cognizant TriZetto Software Group, Inc. All rights reserved. Confidential and Trade Secret Material.
#
# End Copyright 
###############################################################################
-->
<!--
############################################################
#
# $Header:
#
# Title:  Run Script For Electronic Receipts Procedure
#
# Purpose:
#
# This file was generated from CMCrBRCP.KSH
#
# $Log:
################################################################
-->
<Job>
	<ProcFile name="ErCmcProcBrcp"/>
	<Category name="Indicative">
		<Item name="RunbookFacetsVersion">560.21907.12601.1004</Item>
		<Item name="RunbookFacetsRelease">560</Item>
	</Category>
	<Category name="Parameters">
		<!--##############################################################
            # Job Level Overrides
            ##############################################################-->
		<!--<Item name="BypassStep">1000</Item>-->
		<!--<Item name="RestartStep">1000</Item>-->
		<!--<Item name="StopStep">1000</Item>-->
	</Category>
	<Step number="3000">
		<Category name="Parameters">
			<!--################################>
                # Step Level Overrides
                ################################-->
			<Item name="InputFile">E:\Batch_Framework\FTP\BL_IN\uhofts02.billing.receipt.payment.ach</Item>
			<Item name="InputFileExtension">txt</Item>
			<Item name="OutputFile">E:\Batch_Framework\FTP\BL_OUT\uhofts02.billing.receipt.payment.ach</Item>
			<Item name="OutputFileExtension">txt</Item>
			<!--##==========================================================================##
      ##   Start of payment-only parameters:the below parameters will only        ##
      ##   apply for processing payment type input records - will be ignored      ##
      ##   for reversal type input records                                        ##
      ##==========================================================================##-->
			<Item name="BatchId">uho_facbat</Item>
			<!--<Item name="BankId">Bank Id</Item>-->
			<!--<Item name="BatchType">PAB or NPAB</Item>-->
			<!--<Item name="HoldId">Holding Account</Item>-->
			<!--<Item name="ProcessOrder">O (apply to Oldest Billed) or L (apply to Last Billed) for subscribers w/o entry of billing period in input</Item>-->
			<Item name="HipaaIndicator">N</Item>
			<Item name="HipaaAltIndexFile"></Item>
			<Item name="HipaaBaseSystemInstance"></Item>
			<Item name="HipaaRepositoryInstance"></Item>
			<!--##==========================================================================##
      ##   End of payment-only parameters:the above parameters will only          ##
      ##   apply for processing payment type input records - will be ignored      ##
      ##   for reversal type input records                                        ##
      ##==========================================================================##-->
			<!--##==========================================================================##
      ##   Start of reversal-only parameters:the below parameter will only        ##
      ##   apply for processing reversal type input records - will be ignored     ##
      ##   for payment type input records                                         ##
      ##==========================================================================##-->
			<!--<Item name="ReversalReasonCode">OPTIONAL:4-char MCTR code for reversal</Item>-->
			<!--##==========================================================================##
		  ##   End of reversal-only parameters:the above parameter will only          ##
		  ##   apply for processing reversal type input records - will be ignored     ##
		  ##   for payment type input records                                         ##
		  ##==========================================================================##-->
			<!--<Item name="cache.primary.cer_access_xlat.select.Active">Y</Item>-->
			<!--<Item name="cache.primary.cer_access_xlat.select.Type">1</Item>-->
			<!--<Item name="cache.primary.cer_access_xlat.select.Enabled">Y</Item>-->
			<!--<Item name="cache.primary.cer_access_xlat.select.StatsOnly">N</Item>-->
			<!--<Item name="cache.primary.cer_access_xlat.select.List">XLAT</Item>-->
			<!--<Item name="cache.primary.cer_access_xlat.select.KeepSize">128</Item>-->
			<!--<Item name="cache.primary.cer_access_xlat.select.MaxSize">1024</Item>-->
			<!--<Item name="cache.primary.cmc_access_acct.select.Active">Y</Item>-->
			<!--<Item name="cache.primary.cmc_access_acct.select.Type">1</Item>-->
			<!--<Item name="cache.primary.cmc_access_acct.select.Enabled">Y</Item>-->
			<!--<Item name="cache.primary.cmc_access_acct.select.StatsOnly">N</Item>-->
			<!--<Item name="cache.primary.cmc_access_acct.select.List">ACGL</Item>-->
			<!--<Item name="cache.primary.cmc_access_acct.select.MaxSize">16</Item>-->
			<!--<Item name="cache.primary.cmc_access_acct.select.KeepSize">8</Item>-->
		</Category>
	</Step>
</Job>
