<?xml version="1.0" encoding="utf-8"?>
<!--
###############################################################################
# Begin Copyright
#
# (c) 2019 Cognizant TriZetto Software Group, Inc. All rights reserved. Confidential and Trade Secret Material.
#
# End Copyright 
###############################################################################
-->
<!--
############################################################
#
# $Header:
#
# Title:  Run Script For Premium Billing Processing Procedure
#
# Purpose:
#
# This file was generated from cdsrbil0.ksh
#
# $Log:
################################################################
-->
<Job>
	<ProcFile name="ErCdsProcBil0"/>
	<Category name="Indicative">
		<Item name="RunbookFacetsVersion">560.21907.12601.1004</Item>
		<Item name="RunbookFacetsRelease">560</Item>
	</Category>
	<Category name="Parameters">
		<!--##############################################################
            # Job Level Overrides
            ##############################################################-->
		<!-- If you don't want to process CDSSP_BILL_CHK_CDS_RUN_DT uncomment next line-->
		<!--<Item name="BypassStep">3400</Item>-->
		<!-- If you don't want to process CDSSP_BILL_INVOICE_UPDATE uncomment next line-->
		<!--<Item name="BypassStep">3500</Item>-->
		<!-- If you don't want to process CDSSP_BILLING_INPA_UPDATE uncomment next line-->
		<!--<Item name="BypassStep">3550</Item>-->
		<!-- If you don't want to process CDSSP_BILLING_INCT_UPDATE uncomment next line-->
		<!--<Item name="BypassStep">3600</Item>-->
		<!-- If you don't want to process CDSSP_BILLING_INCB_UPDATE uncomment next line-->
		<!--<Item name="BypassStep">3800</Item>-->
		<!-- If you don't want to process CDSSP_BILLING_CONTRACT_UPDATE uncomment next line-->
		<!--<Item name="BypassStep">4000</Item>-->
		<!-- If you don't want to process CDSSP_BILLING_FEES_UPDATE uncomment next line-->
		<!--<Item name="BypassStep">4500</Item>-->
		<!-- If you don't want to process CDSSP_BILLING_INSC_CHOICE_FILL uncomment next line-->
		<!--<Item name="BypassStep">5200</Item>-->
		<!-- If you don't want to process CDSSP_INSF_SB_FEES_FILL uncomment next line-->
		<!--<Item name="BypassStep">5300</Item>-->
		<!-- If you don't want to process CDSSP_INFT_FEE_TOTL_FILL uncomment next line-->
		<!--<Item name="BypassStep">5400</Item>-->
		<!-- If you don't want to process CDSSP_BILLING_LIST_UPDATE_INSS uncomment next line-->
		<!--<Item name="BypassStep">5500</Item>-->
		<Item name="RestartStep">3400</Item>
		<Item name="StopStep">3550</Item>
		<!--################################################################################
		 # YOU MUST UNCOMMENT THE "BillDate" FOR THIS JOB TO RUN 
		 #
		 # When overriding the "BillDate" use the following format:
		 #				    mm/dd/yyyy hh:mm:ss.mil
		 #  
		 # for example...       BillDate = 07/27/1995 17:05:03.000
		 # and use the same BillDate you used when ErCmcRunBil0 was run  .
		 # 
		 # Make sure there are no quotation marks around the BillDate.
		 #	 
		 #   | | | | | | | | | | | | | | | | | | | | | | | | | | | | | 
		 #
		 # YOU SHOULD SELECT A BillLevel Parmeter to determine Entities that
		 # will be considered for this run
		 #
		 # - Use a BillLevel of "B" to Process All Billing Entities !
		 # - Use a BillLevel of "R" to Process ReBill Immediate Requested Billing Entities !
		 #	
		 #  Make sure there are no quotation marks around the BillLevel
		 #
		 # - A default BillLevel B will be used if no Job Level BillLevel is supplied.
		 ################################################################################-->
	</Category>
	<Category name="Control">
		<Item name="BillDate">mm/dd/yyyy 23:59:59.000</Item>
		<!--<Item name="BillLevel">B</Item>-->
		<!--<Item name="BillLevel">R</Item>-->
	</Category>
	<Step number="3500">
		<Category name="Parameters">
			<!--################################>
                # Step Level Overrides
			    ################################-->
			<!--<Item name="ReStartMode">Y</Item>-->
		</Category>
	</Step>
	<Step number="3550">
		<Category name="Parameters">
			<!--################################>
                # Step Level Overrides
			    ################################-->
			<!--<Item name="ReStartMode">Y</Item>-->
		</Category>
	</Step>
	<Step number="3600">
		<Category name="Parameters">
			<!--################################>
                # Step Level Overrides
			    ################################-->
			<!--<Item name="ReStartMode">Y</Item>-->
		</Category>
	</Step>
	<Step number="3800">
		<Category name="Parameters">
			<!--################################>
                # Step Level Overrides
			    ################################-->
			<!--<Item name="ReStartMode">Y</Item>-->
		</Category>
	</Step>
	<Step number="4000">
		<Category name="Parameters">
			<!--################################>
                # Step Level Overrides
			    ################################-->
			<!--<Item name="ReStartMode">Y</Item>-->
		</Category>
	</Step>
	<Step number="4500">
		<Category name="Parameters">
			<!--################################>
                # Step Level Overrides
			    ################################-->
			<!--<Item name="ReStartMode">Y</Item>-->
		</Category>
	</Step>
	<Step number="4530">
		<Category name="Parameters">
			<!--################################>
          # Step Level Overrides
          ###############################-->
			<!--<Item name="ReStartMode">Y</Item>-->
			<Item name="EnginesTimesQueues" commarea="Y">80</Item>
		</Category>
	</Step>
	<Step number="5000">
		<Category name="Parameters">
			<!--################################>
          # Step Level Overrides
          ################################-->
			<Item name="NumberOfEngines" commarea="Y">4</Item>
		</Category>
	</Step>
	<Step number="5200">
		<Category name="Parameters">
			<!--################################>
                # Step Level Overrides
			    ################################-->
			<!--<Item name="ReStartMode">Y</Item>-->
		</Category>
	</Step>
	<Step number="5300">
		<Category name="Parameters">
			<!--################################>
                # Step Level Overrides
			    ################################-->
			<!--<Item name="ReStartMode">Y</Item>-->
		</Category>
	</Step>
	<Step number="5400">
		<Category name="Parameters">
			<!--################################>
                # Step Level Overrides
			    ################################-->
			<!--<Item name="ReStartMode">Y</Item>-->
		</Category>
	</Step>
	<Step number="5500">
		<Category name="Parameters">
			<!--################################>
                # Step Level Overrides
			    ################################-->
			<!--<Item name="ReStartMode">Y</Item>-->
		</Category>
	</Step>
</Job>
