<?xml version="1.0" encoding="utf-8"?>
<!--
###############################################################################
# Begin Copyright
#
# (c) 2019 Cognizant TriZetto Software Group, Inc. All rights reserved. Confidential and Trade Secret Material.
#
# End Copyright 
###############################################################################
-->
<!--
############################################################
#
# $Header:
#
# Title:  Eligibility Run Book
#
# Purpose:
#
# This file was generated from cmcrelig.ksh
#
# $Log:
################################################################
-->
<Job>
	<ProcFile name="ErCmcProcElig"/>
	<Category name="Indicative">
		<Item name="RunbookFacetsVersion">560.21907.12601.1004</Item>
		<Item name="RunbookFacetsRelease">560</Item>
	</Category>
	<Category name="Parameters">
		<!--##############################################################
          # Job Level Overrides
          ##############################################################-->
		<!--<Item name="BypassStep">1000</Item>-->
		<!--<Item name="RestartStep">1000</Item>-->
		<!--<Item name="StopStep">1000</Item>-->
		<!--<Item name="RunDate">mm/dd/yyyy 00:00:00.000</Item>-->
		<Item name="RunThruDate">mm/dd/yyyy 23:59:59.000</Item>
		<!--<Item name="RebillImmediateOnly">N</Item>-->
		<Item name="BypassStep">8500</Item>
	</Category>
	<Step number="2000">
		<Category name="Parameters">
			<!--################################>
             # Step Level Overrides
				 ################################-->
			<!--<Item name="EnginesTimesQueues">60</Item>-->
		</Category>
	</Step>
	<Step number="3000">
		<Category name="Parameters">
			<!--################################>
             # Step Level Overrides
          ################################-->
			<!--<Item name="NumberOfEngines" commarea="Y">6</Item>-->
			<!--<Item name="cache.primary.cmc_access_plan.list.Active">Y</Item>-->
			<!--<Item name="cache.primary.cmc_access_plan.list.Type">1</Item>-->
			<!--<Item name="cache.primary.cmc_access_plan.list.Enabled">Y</Item>-->
			<!--<Item name="cache.primary.cmc_access_plan.list.StatsOnly">N</Item>-->
			<!--<Item name="cache.primary.cmc_access_plan.list.List">CSPI</Item>-->
			<!--<Item name="cache.primary.cmc_access_plan.list.MaxSize">12</Item>-->
			<!--<Item name="cache.primary.cmc_access_plan.list.KeepSize">2</Item>-->
			<!--<Item name="cache.primary.cmc_access_plan.list.ResultArrayLimit">9</Item>-->
			<!--<Item name="cache.primary.cmc_access_plan.select.Active">Y</Item>-->
			<!--<Item name="cache.primary.cmc_access_plan.select.Type">1</Item>-->
			<!--<Item name="cache.primary.cmc_access_plan.select.Enabled">Y</Item>-->
			<!--<Item name="cache.primary.cmc_access_plan.select.StatsOnly">N</Item>-->
			<!--<Item name="cache.primary.cmc_access_plan.select.List">GPAI CSCS PDBC</Item>-->
			<!--<Item name="cache.primary.cmc_access_plan.select.MaxSize">48</Item>-->
			<!--<Item name="cache.primary.cmc_access_plan.select.KeepSize">2</Item>-->
			<!--<Item name="cache.primary.cmc_access_mesb.select.Active">Y</Item>-->
			<!--<Item name="cache.primary.cmc_access_mesb.select.Type">1</Item>-->
			<!--<Item name="cache.primary.cmc_access_mesb.select.Enabled">Y</Item>-->
			<!--<Item name="cache.primary.cmc_access_mesb.select.StatsOnly">N</Item>-->
			<!--<Item name="cache.primary.cmc_access_mesb.select.List">SGSG GRGR</Item>-->
			<!--<Item name="cache.primary.cmc_access_mesb.select.MaxSize">12</Item>-->
			<!--<Item name="cache.primary.cmc_access_mesb.select.KeepSize">2</Item>-->
		</Category>
	</Step>
	<Step number="5000">
		<Category name="Parameters">
			<!--################################>
             # Step Level Overrides
          ################################-->
			<!--<Item name="cache.primary.cmc_access_plan.list.Active">Y</Item>-->
			<!--<Item name="cache.primary.cmc_access_plan.list.Type">1</Item>-->
			<!--<Item name="cache.primary.cmc_access_plan.list.Enabled">Y</Item>-->
			<!--<Item name="cache.primary.cmc_access_plan.list.StatsOnly">N</Item>-->
			<!--<Item name="cache.primary.cmc_access_plan.list.List">CSPI</Item>-->
			<!--<Item name="cache.primary.cmc_access_plan.list.MaxSize">4</Item>-->
			<!--<Item name="cache.primary.cmc_access_plan.list.KeepSize">2</Item>-->
			<!--<Item name="cache.primary.cmc_access_plan.list.ResultArrayLimit">9</Item>-->
		</Category>
	</Step>
	<Step number="8500">
		<Category name="Parameters">
			<!--################################>
             # Step Level Overrides
				 ################################-->
			<!--<Item name="UpdateFsaDcat" commarea="Y">N</Item>-->
		</Category>
	</Step>
</Job>
