<custom__type__definition>
  <version>5.2.0.0</version>
  <typeName class="org.mule.common.metadata.DefaultMetaDataKey">
    <id>ListClaimInfo_Request</id>
    <displayName>ListClaimInfo_Request</displayName>
    <category>DEFAULT</category>
    <metaDataKeyPropertiesManager>
      <properties>
        <org.mule.common.metadata.key.property.dsql.DsqlFromMetaDataKeyProperty/>
      </properties>
    </metaDataKeyPropertiesManager>
  </typeName>
  <metadataModel class="org.mule.common.metadata.DefaultXmlMetaDataModel">
    <dataType>XML</dataType>
    <metaDataModelPropertiesManager>
      <properties>
        <org.mule.common.metadata.property.TextBasedExampleMetaDataModelProperty/>
        <org.mule.common.metadata.property.xml.SchemaTypeMetaDataProperty/>
        <org.mule.tooling.metadata.properties.DefinitionEditorModeType>
          <mode>SCHEMA</mode>
          <path>src\main\resources\Schema\MicroService_Facets_ListClaimInfo_Request_Schema.xsd</path>
          <rootElement>ListClaimInfo_BySubscriberId</rootElement>
        </org.mule.tooling.metadata.properties.DefinitionEditorModeType>
      </properties>
    </metaDataModelPropertiesManager>
    <fields>
      <org.mule.common.metadata.DefaultMetaDataField>
        <name>pConfig</name>
        <model class="org.mule.common.metadata.DefaultXmlMetaDataModel">
          <dataType>XML</dataType>
          <metaDataModelPropertiesManager>
            <properties/>
          </metaDataModelPropertiesManager>
          <fields>
            <org.mule.common.metadata.DefaultMetaDataField>
              <name>AppModuleID</name>
              <model class="org.mule.common.metadata.DefaultSimpleMetaDataModel">
                <dataType>STRING</dataType>
                <metaDataModelPropertiesManager>
                  <properties>
                    <org.mule.common.metadata.property.xml.SchemaTypeMetaDataProperty>
                      <typeQName>
                        <namespaceURI></namespaceURI>
                        <localPart>String_Type</localPart>
                        <prefix></prefix>
                      </typeQName>
                    </org.mule.common.metadata.property.xml.SchemaTypeMetaDataProperty>
                  </properties>
                </metaDataModelPropertiesManager>
              </model>
              <accessType>READ_WRITE</accessType>
              <metaDataFieldPropertyManager>
                <properties>
                  <org.mule.common.metadata.property.QNameMetaDataProperty>
                    <name>
                      <namespaceURI></namespaceURI>
                      <localPart>AppModuleID</localPart>
                      <prefix></prefix>
                    </name>
                  </org.mule.common.metadata.property.QNameMetaDataProperty>
                </properties>
              </metaDataFieldPropertyManager>
            </org.mule.common.metadata.DefaultMetaDataField>
            <org.mule.common.metadata.DefaultMetaDataField>
              <name>ProcessID</name>
              <model class="org.mule.common.metadata.DefaultSimpleMetaDataModel">
                <dataType>STRING</dataType>
                <metaDataModelPropertiesManager>
                  <properties>
                    <org.mule.common.metadata.property.xml.SchemaTypeMetaDataProperty>
                      <typeQName reference="../../../../../../org.mule.common.metadata.DefaultMetaDataField/model/metaDataModelPropertiesManager/properties/org.mule.common.metadata.property.xml.SchemaTypeMetaDataProperty/typeQName"/>
                    </org.mule.common.metadata.property.xml.SchemaTypeMetaDataProperty>
                  </properties>
                </metaDataModelPropertiesManager>
              </model>
              <accessType>READ_WRITE</accessType>
              <metaDataFieldPropertyManager>
                <properties>
                  <org.mule.common.metadata.property.QNameMetaDataProperty>
                    <name>
                      <namespaceURI></namespaceURI>
                      <localPart>ProcessID</localPart>
                      <prefix></prefix>
                    </name>
                  </org.mule.common.metadata.property.QNameMetaDataProperty>
                </properties>
              </metaDataFieldPropertyManager>
            </org.mule.common.metadata.DefaultMetaDataField>
            <org.mule.common.metadata.DefaultMetaDataField>
              <name>ProcessRunID</name>
              <model class="org.mule.common.metadata.DefaultSimpleMetaDataModel">
                <dataType>STRING</dataType>
                <metaDataModelPropertiesManager>
                  <properties>
                    <org.mule.common.metadata.property.xml.SchemaTypeMetaDataProperty>
                      <typeQName>
                        <namespaceURI>http://www.w3.org/2001/XMLSchema</namespaceURI>
                        <localPart>string</localPart>
                        <prefix></prefix>
                      </typeQName>
                    </org.mule.common.metadata.property.xml.SchemaTypeMetaDataProperty>
                  </properties>
                </metaDataModelPropertiesManager>
              </model>
              <accessType>READ_WRITE</accessType>
              <metaDataFieldPropertyManager>
                <properties>
                  <org.mule.common.metadata.property.QNameMetaDataProperty>
                    <name>
                      <namespaceURI></namespaceURI>
                      <localPart>ProcessRunID</localPart>
                      <prefix></prefix>
                    </name>
                  </org.mule.common.metadata.property.QNameMetaDataProperty>
                </properties>
              </metaDataFieldPropertyManager>
            </org.mule.common.metadata.DefaultMetaDataField>
            <org.mule.common.metadata.DefaultMetaDataField>
              <name>FacetsIdentity</name>
              <model class="org.mule.common.metadata.DefaultSimpleMetaDataModel">
                <dataType>STRING</dataType>
                <metaDataModelPropertiesManager>
                  <properties>
                    <org.mule.common.metadata.property.xml.SchemaTypeMetaDataProperty>
                      <typeQName reference="../../../../../../org.mule.common.metadata.DefaultMetaDataField/model/metaDataModelPropertiesManager/properties/org.mule.common.metadata.property.xml.SchemaTypeMetaDataProperty/typeQName"/>
                    </org.mule.common.metadata.property.xml.SchemaTypeMetaDataProperty>
                  </properties>
                </metaDataModelPropertiesManager>
              </model>
              <accessType>READ_WRITE</accessType>
              <metaDataFieldPropertyManager>
                <properties>
                  <org.mule.common.metadata.property.QNameMetaDataProperty>
                    <name>
                      <namespaceURI></namespaceURI>
                      <localPart>FacetsIdentity</localPart>
                      <prefix></prefix>
                    </name>
                  </org.mule.common.metadata.property.QNameMetaDataProperty>
                </properties>
              </metaDataFieldPropertyManager>
            </org.mule.common.metadata.DefaultMetaDataField>
          </fields>
          <rootElement>
            <namespaceURI></namespaceURI>
            <localPart>ListClaimInfo_BySubscriberId</localPart>
            <prefix></prefix>
          </rootElement>
          <schemas class="org.mule.common.metadata.UrlBasedSchemaProvider">
            <schemas>
              <url>file:/C:/Users/hsrivas1/AnypointStudio/workspace/microservice_facets_claim_inquiry_api/src/main/resources/Schema/MicroService_Facets_ListClaimInfo_Request_Schema.xsd</url>
            </schemas>
          </schemas>
          <namespaceManager>
            <namespacePrefix class="tree-map"/>
          </namespaceManager>
        </model>
        <accessType>READ_WRITE</accessType>
        <metaDataFieldPropertyManager>
          <properties>
            <org.mule.common.metadata.property.QNameMetaDataProperty>
              <name>
                <namespaceURI></namespaceURI>
                <localPart>pConfig</localPart>
                <prefix></prefix>
              </name>
            </org.mule.common.metadata.property.QNameMetaDataProperty>
          </properties>
        </metaDataFieldPropertyManager>
      </org.mule.common.metadata.DefaultMetaDataField>
      <org.mule.common.metadata.DefaultMetaDataField>
        <name>Subscriber_Id</name>
        <model class="org.mule.common.metadata.DefaultSimpleMetaDataModel">
          <dataType>STRING</dataType>
          <metaDataModelPropertiesManager>
            <properties>
              <org.mule.common.metadata.property.xml.SchemaTypeMetaDataProperty>
                <typeQName reference="../../../../../../org.mule.common.metadata.DefaultMetaDataField/model/fields/org.mule.common.metadata.DefaultMetaDataField/model/metaDataModelPropertiesManager/properties/org.mule.common.metadata.property.xml.SchemaTypeMetaDataProperty/typeQName"/>
              </org.mule.common.metadata.property.xml.SchemaTypeMetaDataProperty>
            </properties>
          </metaDataModelPropertiesManager>
        </model>
        <accessType>READ_WRITE</accessType>
        <metaDataFieldPropertyManager>
          <properties>
            <org.mule.common.metadata.property.QNameMetaDataProperty>
              <name>
                <namespaceURI></namespaceURI>
                <localPart>Subscriber_Id</localPart>
                <prefix></prefix>
              </name>
            </org.mule.common.metadata.property.QNameMetaDataProperty>
          </properties>
        </metaDataFieldPropertyManager>
      </org.mule.common.metadata.DefaultMetaDataField>
      <org.mule.common.metadata.DefaultMetaDataField>
        <name>MemberBirth_Dt</name>
        <model class="org.mule.common.metadata.DefaultSimpleMetaDataModel">
          <dataType>DATE</dataType>
          <metaDataModelPropertiesManager>
            <properties>
              <org.mule.common.metadata.property.xml.SchemaTypeMetaDataProperty>
                <typeQName>
                  <namespaceURI>http://www.w3.org/2001/XMLSchema</namespaceURI>
                  <localPart>date</localPart>
                  <prefix></prefix>
                </typeQName>
              </org.mule.common.metadata.property.xml.SchemaTypeMetaDataProperty>
            </properties>
          </metaDataModelPropertiesManager>
        </model>
        <accessType>READ_WRITE</accessType>
        <metaDataFieldPropertyManager>
          <properties>
            <org.mule.common.metadata.property.QNameMetaDataProperty>
              <name>
                <namespaceURI></namespaceURI>
                <localPart>MemberBirth_Dt</localPart>
                <prefix></prefix>
              </name>
            </org.mule.common.metadata.property.QNameMetaDataProperty>
          </properties>
        </metaDataFieldPropertyManager>
      </org.mule.common.metadata.DefaultMetaDataField>
    </fields>
    <rootElement reference="../fields/org.mule.common.metadata.DefaultMetaDataField/model/rootElement"/>
    <schemas class="org.mule.common.metadata.UrlBasedSchemaProvider">
      <schemas reference="../../fields/org.mule.common.metadata.DefaultMetaDataField/model/schemas/schemas"/>
    </schemas>
    <namespaceManager reference="../fields/org.mule.common.metadata.DefaultMetaDataField/model/namespaceManager"/>
  </metadataModel>
</custom__type__definition>