<custom__type__definition>
  <version>5.2.0.0</version>
  <typeName class="org.mule.common.metadata.DefaultMetaDataKey">
    <id>ListClaimStatus_Response</id>
    <displayName>ListClaimStatus_Response</displayName>
    <category>DEFAULT</category>
    <metaDataKeyPropertiesManager>
      <properties>
        <org.mule.common.metadata.key.property.dsql.DsqlFromMetaDataKeyProperty/>
      </properties>
    </metaDataKeyPropertiesManager>
  </typeName>
  <metadataModel class="org.mule.common.metadata.DefaultXmlMetaDataModel">
    <dataType>XML</dataType>
    <metaDataModelPropertiesManager>
      <properties>
        <org.mule.common.metadata.property.TextBasedExampleMetaDataModelProperty/>
        <org.mule.common.metadata.property.xml.SchemaTypeMetaDataProperty/>
        <org.mule.tooling.metadata.properties.DefinitionEditorModeType>
          <mode>SCHEMA</mode>
          <path>src\main\resources\Schema\Microservice_Facets_ListClaimStatus_Response_Schema.xsd</path>
          <rootElement>ListMemberClaimStatus_ByMemberKeyResponse</rootElement>
        </org.mule.tooling.metadata.properties.DefinitionEditorModeType>
      </properties>
    </metaDataModelPropertiesManager>
    <fields>
      <org.mule.common.metadata.DefaultMetaDataField>
        <name>Subscriber_Id</name>
        <model class="org.mule.common.metadata.DefaultSimpleMetaDataModel">
          <dataType>STRING</dataType>
          <metaDataModelPropertiesManager>
            <properties>
              <org.mule.common.metadata.property.xml.SchemaTypeMetaDataProperty>
                <typeQName>
                  <namespaceURI></namespaceURI>
                  <localPart>String_Type</localPart>
                  <prefix></prefix>
                </typeQName>
              </org.mule.common.metadata.property.xml.SchemaTypeMetaDataProperty>
            </properties>
          </metaDataModelPropertiesManager>
        </model>
        <accessType>READ_WRITE</accessType>
        <metaDataFieldPropertyManager>
          <properties>
            <org.mule.common.metadata.property.QNameMetaDataProperty>
              <name>
                <namespaceURI></namespaceURI>
                <localPart>Subscriber_Id</localPart>
                <prefix></prefix>
              </name>
            </org.mule.common.metadata.property.QNameMetaDataProperty>
          </properties>
        </metaDataFieldPropertyManager>
      </org.mule.common.metadata.DefaultMetaDataField>
      <org.mule.common.metadata.DefaultMetaDataField>
        <name>Member_Key</name>
        <model class="org.mule.common.metadata.DefaultSimpleMetaDataModel">
          <dataType>LONG</dataType>
          <metaDataModelPropertiesManager>
            <properties>
              <org.mule.common.metadata.property.xml.SchemaTypeMetaDataProperty>
                <typeQName>
                  <namespaceURI>http://www.w3.org/2001/XMLSchema</namespaceURI>
                  <localPart>unsignedLong</localPart>
                  <prefix></prefix>
                </typeQName>
              </org.mule.common.metadata.property.xml.SchemaTypeMetaDataProperty>
            </properties>
          </metaDataModelPropertiesManager>
        </model>
        <accessType>READ_WRITE</accessType>
        <metaDataFieldPropertyManager>
          <properties>
            <org.mule.common.metadata.property.QNameMetaDataProperty>
              <name>
                <namespaceURI></namespaceURI>
                <localPart>Member_Key</localPart>
                <prefix></prefix>
              </name>
            </org.mule.common.metadata.property.QNameMetaDataProperty>
          </properties>
        </metaDataFieldPropertyManager>
      </org.mule.common.metadata.DefaultMetaDataField>
      <org.mule.common.metadata.DefaultMetaDataField>
        <name>Service_Dt</name>
        <model class="org.mule.common.metadata.DefaultSimpleMetaDataModel">
          <dataType>DATE</dataType>
          <metaDataModelPropertiesManager>
            <properties>
              <org.mule.common.metadata.property.xml.SchemaTypeMetaDataProperty>
                <typeQName>
                  <namespaceURI>http://www.w3.org/2001/XMLSchema</namespaceURI>
                  <localPart>date</localPart>
                  <prefix></prefix>
                </typeQName>
              </org.mule.common.metadata.property.xml.SchemaTypeMetaDataProperty>
            </properties>
          </metaDataModelPropertiesManager>
        </model>
        <accessType>READ_WRITE</accessType>
        <metaDataFieldPropertyManager>
          <properties>
            <org.mule.common.metadata.property.QNameMetaDataProperty>
              <name>
                <namespaceURI></namespaceURI>
                <localPart>Service_Dt</localPart>
                <prefix></prefix>
              </name>
            </org.mule.common.metadata.property.QNameMetaDataProperty>
          </properties>
        </metaDataFieldPropertyManager>
      </org.mule.common.metadata.DefaultMetaDataField>
      <org.mule.common.metadata.DefaultMetaDataField>
        <name>ProviderTax_Id</name>
        <model class="org.mule.common.metadata.DefaultSimpleMetaDataModel">
          <dataType>STRING</dataType>
          <metaDataModelPropertiesManager>
            <properties>
              <org.mule.common.metadata.property.xml.SchemaTypeMetaDataProperty>
                <typeQName>
                  <namespaceURI>http://www.w3.org/2001/XMLSchema</namespaceURI>
                  <localPart>string</localPart>
                  <prefix></prefix>
                </typeQName>
              </org.mule.common.metadata.property.xml.SchemaTypeMetaDataProperty>
            </properties>
          </metaDataModelPropertiesManager>
        </model>
        <accessType>READ_WRITE</accessType>
        <metaDataFieldPropertyManager>
          <properties>
            <org.mule.common.metadata.property.QNameMetaDataProperty>
              <name>
                <namespaceURI></namespaceURI>
                <localPart>ProviderTax_Id</localPart>
                <prefix></prefix>
              </name>
            </org.mule.common.metadata.property.QNameMetaDataProperty>
          </properties>
        </metaDataFieldPropertyManager>
      </org.mule.common.metadata.DefaultMetaDataField>
      <org.mule.common.metadata.DefaultMetaDataField>
        <name>Charge_Amt</name>
        <model class="org.mule.common.metadata.DefaultSimpleMetaDataModel">
          <dataType>DECIMAL</dataType>
          <metaDataModelPropertiesManager>
            <properties>
              <org.mule.common.metadata.property.xml.SchemaTypeMetaDataProperty>
                <typeQName>
                  <namespaceURI></namespaceURI>
                  <localPart>Money_Type</localPart>
                  <prefix></prefix>
                </typeQName>
              </org.mule.common.metadata.property.xml.SchemaTypeMetaDataProperty>
            </properties>
          </metaDataModelPropertiesManager>
        </model>
        <accessType>READ_WRITE</accessType>
        <metaDataFieldPropertyManager>
          <properties>
            <org.mule.common.metadata.property.QNameMetaDataProperty>
              <name>
                <namespaceURI></namespaceURI>
                <localPart>Charge_Amt</localPart>
                <prefix></prefix>
              </name>
            </org.mule.common.metadata.property.QNameMetaDataProperty>
          </properties>
        </metaDataFieldPropertyManager>
      </org.mule.common.metadata.DefaultMetaDataField>
      <org.mule.common.metadata.DefaultMetaDataField>
        <name>AppResponse</name>
        <model class="org.mule.common.metadata.DefaultSimpleMetaDataModel">
          <dataType>STRING</dataType>
          <metaDataModelPropertiesManager>
            <properties>
              <org.mule.common.metadata.property.xml.SchemaTypeMetaDataProperty>
                <typeQName reference="../../../../../../org.mule.common.metadata.DefaultMetaDataField/model/metaDataModelPropertiesManager/properties/org.mule.common.metadata.property.xml.SchemaTypeMetaDataProperty/typeQName"/>
              </org.mule.common.metadata.property.xml.SchemaTypeMetaDataProperty>
            </properties>
          </metaDataModelPropertiesManager>
        </model>
        <accessType>READ_WRITE</accessType>
        <metaDataFieldPropertyManager>
          <properties>
            <org.mule.common.metadata.property.QNameMetaDataProperty>
              <name>
                <namespaceURI></namespaceURI>
                <localPart>AppResponse</localPart>
                <prefix></prefix>
              </name>
            </org.mule.common.metadata.property.QNameMetaDataProperty>
          </properties>
        </metaDataFieldPropertyManager>
      </org.mule.common.metadata.DefaultMetaDataField>
      <org.mule.common.metadata.DefaultMetaDataField>
        <name>AppReturn_Code</name>
        <model class="org.mule.common.metadata.DefaultSimpleMetaDataModel">
          <dataType>STRING</dataType>
          <metaDataModelPropertiesManager>
            <properties>
              <org.mule.common.metadata.property.xml.SchemaTypeMetaDataProperty>
                <typeQName reference="../../../../../../org.mule.common.metadata.DefaultMetaDataField/model/metaDataModelPropertiesManager/properties/org.mule.common.metadata.property.xml.SchemaTypeMetaDataProperty/typeQName"/>
              </org.mule.common.metadata.property.xml.SchemaTypeMetaDataProperty>
            </properties>
          </metaDataModelPropertiesManager>
        </model>
        <accessType>READ_WRITE</accessType>
        <metaDataFieldPropertyManager>
          <properties>
            <org.mule.common.metadata.property.QNameMetaDataProperty>
              <name>
                <namespaceURI></namespaceURI>
                <localPart>AppReturn_Code</localPart>
                <prefix></prefix>
              </name>
            </org.mule.common.metadata.property.QNameMetaDataProperty>
          </properties>
        </metaDataFieldPropertyManager>
      </org.mule.common.metadata.DefaultMetaDataField>
      <org.mule.common.metadata.DefaultMetaDataField>
        <name>Member_Records</name>
        <model class="org.mule.common.metadata.DefaultXmlMetaDataModel">
          <dataType>XML</dataType>
          <metaDataModelPropertiesManager>
            <properties/>
          </metaDataModelPropertiesManager>
          <fields>
            <org.mule.common.metadata.DefaultMetaDataField>
              <name>MemberClaims_Information</name>
              <model class="org.mule.common.metadata.DefaultListMetaDataModel">
                <dataType>LIST</dataType>
                <metaDataModelPropertiesManager>
                  <properties>
                    <org.mule.common.metadata.property.xml.UnboundMetaDataProperty>
                      <maxOccurs>2147483647</maxOccurs>
                      <minOccurs>1</minOccurs>
                    </org.mule.common.metadata.property.xml.UnboundMetaDataProperty>
                  </properties>
                </metaDataModelPropertiesManager>
                <model class="org.mule.common.metadata.DefaultXmlMetaDataModel">
                  <dataType>XML</dataType>
                  <metaDataModelPropertiesManager>
                    <properties/>
                  </metaDataModelPropertiesManager>
                  <fields>
                    <org.mule.common.metadata.DefaultMetaDataField>
                      <name>MemberClaim_Id</name>
                      <model class="org.mule.common.metadata.DefaultSimpleMetaDataModel">
                        <dataType>STRING</dataType>
                        <metaDataModelPropertiesManager>
                          <properties>
                            <org.mule.common.metadata.property.xml.SchemaTypeMetaDataProperty>
                              <typeQName reference="../../../../../../../../../../../../../org.mule.common.metadata.DefaultMetaDataField[4]/model/metaDataModelPropertiesManager/properties/org.mule.common.metadata.property.xml.SchemaTypeMetaDataProperty/typeQName"/>
                            </org.mule.common.metadata.property.xml.SchemaTypeMetaDataProperty>
                          </properties>
                        </metaDataModelPropertiesManager>
                      </model>
                      <accessType>READ_WRITE</accessType>
                      <metaDataFieldPropertyManager>
                        <properties>
                          <org.mule.common.metadata.property.QNameMetaDataProperty>
                            <name>
                              <namespaceURI></namespaceURI>
                              <localPart>MemberClaim_Id</localPart>
                              <prefix></prefix>
                            </name>
                          </org.mule.common.metadata.property.QNameMetaDataProperty>
                        </properties>
                      </metaDataFieldPropertyManager>
                    </org.mule.common.metadata.DefaultMetaDataField>
                    <org.mule.common.metadata.DefaultMetaDataField>
                      <name>MemberClaim_Status</name>
                      <model class="org.mule.common.metadata.DefaultSimpleMetaDataModel">
                        <dataType>STRING</dataType>
                        <metaDataModelPropertiesManager>
                          <properties>
                            <org.mule.common.metadata.property.xml.SchemaTypeMetaDataProperty>
                              <typeQName reference="../../../../../../../../../../../../../org.mule.common.metadata.DefaultMetaDataField[4]/model/metaDataModelPropertiesManager/properties/org.mule.common.metadata.property.xml.SchemaTypeMetaDataProperty/typeQName"/>
                            </org.mule.common.metadata.property.xml.SchemaTypeMetaDataProperty>
                          </properties>
                        </metaDataModelPropertiesManager>
                      </model>
                      <accessType>READ_WRITE</accessType>
                      <metaDataFieldPropertyManager>
                        <properties>
                          <org.mule.common.metadata.property.QNameMetaDataProperty>
                            <name>
                              <namespaceURI></namespaceURI>
                              <localPart>MemberClaim_Status</localPart>
                              <prefix></prefix>
                            </name>
                          </org.mule.common.metadata.property.QNameMetaDataProperty>
                        </properties>
                      </metaDataFieldPropertyManager>
                    </org.mule.common.metadata.DefaultMetaDataField>
                    <org.mule.common.metadata.DefaultMetaDataField>
                      <name>MemberClaimStatus_Desc</name>
                      <model class="org.mule.common.metadata.DefaultSimpleMetaDataModel">
                        <dataType>STRING</dataType>
                        <metaDataModelPropertiesManager>
                          <properties>
                            <org.mule.common.metadata.property.xml.SchemaTypeMetaDataProperty>
                              <typeQName reference="../../../../../../../../../../../../../org.mule.common.metadata.DefaultMetaDataField[4]/model/metaDataModelPropertiesManager/properties/org.mule.common.metadata.property.xml.SchemaTypeMetaDataProperty/typeQName"/>
                            </org.mule.common.metadata.property.xml.SchemaTypeMetaDataProperty>
                          </properties>
                        </metaDataModelPropertiesManager>
                      </model>
                      <accessType>READ_WRITE</accessType>
                      <metaDataFieldPropertyManager>
                        <properties>
                          <org.mule.common.metadata.property.QNameMetaDataProperty>
                            <name>
                              <namespaceURI></namespaceURI>
                              <localPart>MemberClaimStatus_Desc</localPart>
                              <prefix></prefix>
                            </name>
                          </org.mule.common.metadata.property.QNameMetaDataProperty>
                        </properties>
                      </metaDataFieldPropertyManager>
                    </org.mule.common.metadata.DefaultMetaDataField>
                    <org.mule.common.metadata.DefaultMetaDataField>
                      <name>MemberProduct_Id</name>
                      <model class="org.mule.common.metadata.DefaultSimpleMetaDataModel">
                        <dataType>STRING</dataType>
                        <metaDataModelPropertiesManager>
                          <properties>
                            <org.mule.common.metadata.property.xml.SchemaTypeMetaDataProperty>
                              <typeQName reference="../../../../../../../../../../../../../org.mule.common.metadata.DefaultMetaDataField[4]/model/metaDataModelPropertiesManager/properties/org.mule.common.metadata.property.xml.SchemaTypeMetaDataProperty/typeQName"/>
                            </org.mule.common.metadata.property.xml.SchemaTypeMetaDataProperty>
                          </properties>
                        </metaDataModelPropertiesManager>
                      </model>
                      <accessType>READ_WRITE</accessType>
                      <metaDataFieldPropertyManager>
                        <properties>
                          <org.mule.common.metadata.property.QNameMetaDataProperty>
                            <name>
                              <namespaceURI></namespaceURI>
                              <localPart>MemberProduct_Id</localPart>
                              <prefix></prefix>
                            </name>
                          </org.mule.common.metadata.property.QNameMetaDataProperty>
                        </properties>
                      </metaDataFieldPropertyManager>
                    </org.mule.common.metadata.DefaultMetaDataField>
                    <org.mule.common.metadata.DefaultMetaDataField>
                      <name>MemberProduct_Desc</name>
                      <model class="org.mule.common.metadata.DefaultSimpleMetaDataModel">
                        <dataType>STRING</dataType>
                        <metaDataModelPropertiesManager>
                          <properties>
                            <org.mule.common.metadata.property.xml.SchemaTypeMetaDataProperty>
                              <typeQName reference="../../../../../../../../../../../../../org.mule.common.metadata.DefaultMetaDataField[4]/model/metaDataModelPropertiesManager/properties/org.mule.common.metadata.property.xml.SchemaTypeMetaDataProperty/typeQName"/>
                            </org.mule.common.metadata.property.xml.SchemaTypeMetaDataProperty>
                          </properties>
                        </metaDataModelPropertiesManager>
                      </model>
                      <accessType>READ_WRITE</accessType>
                      <metaDataFieldPropertyManager>
                        <properties>
                          <org.mule.common.metadata.property.QNameMetaDataProperty>
                            <name>
                              <namespaceURI></namespaceURI>
                              <localPart>MemberProduct_Desc</localPart>
                              <prefix></prefix>
                            </name>
                          </org.mule.common.metadata.property.QNameMetaDataProperty>
                        </properties>
                      </metaDataFieldPropertyManager>
                    </org.mule.common.metadata.DefaultMetaDataField>
                    <org.mule.common.metadata.DefaultMetaDataField>
                      <name>MemberDOS_Low</name>
                      <model class="org.mule.common.metadata.DefaultXmlMetaDataModel">
                        <dataType>XML</dataType>
                        <metaDataModelPropertiesManager>
                          <properties>
                            <org.mule.common.metadata.property.xml.SchemaTypeMetaDataProperty>
                              <typeQName>
                                <namespaceURI></namespaceURI>
                                <localPart>OptionalDT_Type</localPart>
                                <prefix></prefix>
                              </typeQName>
                            </org.mule.common.metadata.property.xml.SchemaTypeMetaDataProperty>
                          </properties>
                        </metaDataModelPropertiesManager>
                        <fields>
                          <org.mule.common.metadata.DefaultMetaDataField>
                            <name>text()</name>
                            <model class="org.mule.common.metadata.DefaultSimpleMetaDataModel">
                              <dataType>STRING</dataType>
                              <metaDataModelPropertiesManager>
                                <properties/>
                              </metaDataModelPropertiesManager>
                            </model>
                            <accessType>READ_WRITE</accessType>
                            <metaDataFieldPropertyManager>
                              <properties>
                                <org.mule.common.metadata.property.QNameMetaDataProperty>
                                  <name>
                                    <namespaceURI></namespaceURI>
                                    <localPart>text()</localPart>
                                    <prefix></prefix>
                                  </name>
                                </org.mule.common.metadata.property.QNameMetaDataProperty>
                              </properties>
                            </metaDataFieldPropertyManager>
                          </org.mule.common.metadata.DefaultMetaDataField>
                        </fields>
                        <rootElement>
                          <namespaceURI></namespaceURI>
                          <localPart>ListMemberClaimStatus_ByMemberKeyResponse</localPart>
                          <prefix></prefix>
                        </rootElement>
                        <schemas class="org.mule.common.metadata.UrlBasedSchemaProvider">
                          <schemas>
                            <url>file:/C:/Chain-Gang/Test/microservice_facets_claim_inquiry_api/microservice_facets_claim_inquiry_api/src/main/resources/Schema/Microservice_Facets_ListClaimStatus_Response_Schema.xsd</url>
                          </schemas>
                        </schemas>
                        <namespaceManager>
                          <namespacePrefix/>
                        </namespaceManager>
                      </model>
                      <accessType>READ_WRITE</accessType>
                      <metaDataFieldPropertyManager>
                        <properties>
                          <org.mule.common.metadata.property.QNameMetaDataProperty>
                            <name>
                              <namespaceURI></namespaceURI>
                              <localPart>MemberDOS_Low</localPart>
                              <prefix></prefix>
                            </name>
                          </org.mule.common.metadata.property.QNameMetaDataProperty>
                        </properties>
                      </metaDataFieldPropertyManager>
                    </org.mule.common.metadata.DefaultMetaDataField>
                    <org.mule.common.metadata.DefaultMetaDataField>
                      <name>MemberDOS_High</name>
                      <model class="org.mule.common.metadata.DefaultXmlMetaDataModel" reference="../../org.mule.common.metadata.DefaultMetaDataField[6]/model"/>
                      <accessType>READ_WRITE</accessType>
                      <metaDataFieldPropertyManager>
                        <properties>
                          <org.mule.common.metadata.property.QNameMetaDataProperty>
                            <name>
                              <namespaceURI></namespaceURI>
                              <localPart>MemberDOS_High</localPart>
                              <prefix></prefix>
                            </name>
                          </org.mule.common.metadata.property.QNameMetaDataProperty>
                        </properties>
                      </metaDataFieldPropertyManager>
                    </org.mule.common.metadata.DefaultMetaDataField>
                    <org.mule.common.metadata.DefaultMetaDataField>
                      <name>MemberProvider_TaxId</name>
                      <model class="org.mule.common.metadata.DefaultSimpleMetaDataModel">
                        <dataType>STRING</dataType>
                        <metaDataModelPropertiesManager>
                          <properties>
                            <org.mule.common.metadata.property.xml.SchemaTypeMetaDataProperty>
                              <typeQName reference="../../../../../../../../../../../../../org.mule.common.metadata.DefaultMetaDataField[4]/model/metaDataModelPropertiesManager/properties/org.mule.common.metadata.property.xml.SchemaTypeMetaDataProperty/typeQName"/>
                            </org.mule.common.metadata.property.xml.SchemaTypeMetaDataProperty>
                          </properties>
                        </metaDataModelPropertiesManager>
                      </model>
                      <accessType>READ_WRITE</accessType>
                      <metaDataFieldPropertyManager>
                        <properties>
                          <org.mule.common.metadata.property.QNameMetaDataProperty>
                            <name>
                              <namespaceURI></namespaceURI>
                              <localPart>MemberProvider_TaxId</localPart>
                              <prefix></prefix>
                            </name>
                          </org.mule.common.metadata.property.QNameMetaDataProperty>
                        </properties>
                      </metaDataFieldPropertyManager>
                    </org.mule.common.metadata.DefaultMetaDataField>
                    <org.mule.common.metadata.DefaultMetaDataField>
                      <name>MemberCharge_Amt</name>
                      <model class="org.mule.common.metadata.DefaultSimpleMetaDataModel">
                        <dataType>DECIMAL</dataType>
                        <metaDataModelPropertiesManager>
                          <properties>
                            <org.mule.common.metadata.property.xml.SchemaTypeMetaDataProperty>
                              <typeQName reference="../../../../../../../../../../../../../org.mule.common.metadata.DefaultMetaDataField[5]/model/metaDataModelPropertiesManager/properties/org.mule.common.metadata.property.xml.SchemaTypeMetaDataProperty/typeQName"/>
                            </org.mule.common.metadata.property.xml.SchemaTypeMetaDataProperty>
                          </properties>
                        </metaDataModelPropertiesManager>
                      </model>
                      <accessType>READ_WRITE</accessType>
                      <metaDataFieldPropertyManager>
                        <properties>
                          <org.mule.common.metadata.property.QNameMetaDataProperty>
                            <name>
                              <namespaceURI></namespaceURI>
                              <localPart>MemberCharge_Amt</localPart>
                              <prefix></prefix>
                            </name>
                          </org.mule.common.metadata.property.QNameMetaDataProperty>
                        </properties>
                      </metaDataFieldPropertyManager>
                    </org.mule.common.metadata.DefaultMetaDataField>
                    <org.mule.common.metadata.DefaultMetaDataField>
                      <name>MemberRepriced_Amt</name>
                      <model class="org.mule.common.metadata.DefaultSimpleMetaDataModel">
                        <dataType>DECIMAL</dataType>
                        <metaDataModelPropertiesManager>
                          <properties>
                            <org.mule.common.metadata.property.xml.SchemaTypeMetaDataProperty>
                              <typeQName reference="../../../../../../../../../../../../../org.mule.common.metadata.DefaultMetaDataField[5]/model/metaDataModelPropertiesManager/properties/org.mule.common.metadata.property.xml.SchemaTypeMetaDataProperty/typeQName"/>
                            </org.mule.common.metadata.property.xml.SchemaTypeMetaDataProperty>
                          </properties>
                        </metaDataModelPropertiesManager>
                      </model>
                      <accessType>READ_WRITE</accessType>
                      <metaDataFieldPropertyManager>
                        <properties>
                          <org.mule.common.metadata.property.QNameMetaDataProperty>
                            <name>
                              <namespaceURI></namespaceURI>
                              <localPart>MemberRepriced_Amt</localPart>
                              <prefix></prefix>
                            </name>
                          </org.mule.common.metadata.property.QNameMetaDataProperty>
                        </properties>
                      </metaDataFieldPropertyManager>
                    </org.mule.common.metadata.DefaultMetaDataField>
                    <org.mule.common.metadata.DefaultMetaDataField>
                      <name>MemberAllowed_Amt</name>
                      <model class="org.mule.common.metadata.DefaultSimpleMetaDataModel">
                        <dataType>DECIMAL</dataType>
                        <metaDataModelPropertiesManager>
                          <properties>
                            <org.mule.common.metadata.property.xml.SchemaTypeMetaDataProperty>
                              <typeQName reference="../../../../../../../../../../../../../org.mule.common.metadata.DefaultMetaDataField[5]/model/metaDataModelPropertiesManager/properties/org.mule.common.metadata.property.xml.SchemaTypeMetaDataProperty/typeQName"/>
                            </org.mule.common.metadata.property.xml.SchemaTypeMetaDataProperty>
                          </properties>
                        </metaDataModelPropertiesManager>
                      </model>
                      <accessType>READ_WRITE</accessType>
                      <metaDataFieldPropertyManager>
                        <properties>
                          <org.mule.common.metadata.property.QNameMetaDataProperty>
                            <name>
                              <namespaceURI></namespaceURI>
                              <localPart>MemberAllowed_Amt</localPart>
                              <prefix></prefix>
                            </name>
                          </org.mule.common.metadata.property.QNameMetaDataProperty>
                        </properties>
                      </metaDataFieldPropertyManager>
                    </org.mule.common.metadata.DefaultMetaDataField>
                    <org.mule.common.metadata.DefaultMetaDataField>
                      <name>MemberApplied_Ded</name>
                      <model class="org.mule.common.metadata.DefaultSimpleMetaDataModel">
                        <dataType>DECIMAL</dataType>
                        <metaDataModelPropertiesManager>
                          <properties>
                            <org.mule.common.metadata.property.xml.SchemaTypeMetaDataProperty>
                              <typeQName reference="../../../../../../../../../../../../../org.mule.common.metadata.DefaultMetaDataField[5]/model/metaDataModelPropertiesManager/properties/org.mule.common.metadata.property.xml.SchemaTypeMetaDataProperty/typeQName"/>
                            </org.mule.common.metadata.property.xml.SchemaTypeMetaDataProperty>
                          </properties>
                        </metaDataModelPropertiesManager>
                      </model>
                      <accessType>READ_WRITE</accessType>
                      <metaDataFieldPropertyManager>
                        <properties>
                          <org.mule.common.metadata.property.QNameMetaDataProperty>
                            <name>
                              <namespaceURI></namespaceURI>
                              <localPart>MemberApplied_Ded</localPart>
                              <prefix></prefix>
                            </name>
                          </org.mule.common.metadata.property.QNameMetaDataProperty>
                        </properties>
                      </metaDataFieldPropertyManager>
                    </org.mule.common.metadata.DefaultMetaDataField>
                    <org.mule.common.metadata.DefaultMetaDataField>
                      <name>MemberCopay_Amt</name>
                      <model class="org.mule.common.metadata.DefaultSimpleMetaDataModel">
                        <dataType>DECIMAL</dataType>
                        <metaDataModelPropertiesManager>
                          <properties>
                            <org.mule.common.metadata.property.xml.SchemaTypeMetaDataProperty>
                              <typeQName reference="../../../../../../../../../../../../../org.mule.common.metadata.DefaultMetaDataField[5]/model/metaDataModelPropertiesManager/properties/org.mule.common.metadata.property.xml.SchemaTypeMetaDataProperty/typeQName"/>
                            </org.mule.common.metadata.property.xml.SchemaTypeMetaDataProperty>
                          </properties>
                        </metaDataModelPropertiesManager>
                      </model>
                      <accessType>READ_WRITE</accessType>
                      <metaDataFieldPropertyManager>
                        <properties>
                          <org.mule.common.metadata.property.QNameMetaDataProperty>
                            <name>
                              <namespaceURI></namespaceURI>
                              <localPart>MemberCopay_Amt</localPart>
                              <prefix></prefix>
                            </name>
                          </org.mule.common.metadata.property.QNameMetaDataProperty>
                        </properties>
                      </metaDataFieldPropertyManager>
                    </org.mule.common.metadata.DefaultMetaDataField>
                    <org.mule.common.metadata.DefaultMetaDataField>
                      <name>MemberReason_Code</name>
                      <model class="org.mule.common.metadata.DefaultSimpleMetaDataModel">
                        <dataType>STRING</dataType>
                        <metaDataModelPropertiesManager>
                          <properties>
                            <org.mule.common.metadata.property.xml.SchemaTypeMetaDataProperty>
                              <typeQName reference="../../../../../../../../../../../../../org.mule.common.metadata.DefaultMetaDataField[4]/model/metaDataModelPropertiesManager/properties/org.mule.common.metadata.property.xml.SchemaTypeMetaDataProperty/typeQName"/>
                            </org.mule.common.metadata.property.xml.SchemaTypeMetaDataProperty>
                          </properties>
                        </metaDataModelPropertiesManager>
                      </model>
                      <accessType>READ_WRITE</accessType>
                      <metaDataFieldPropertyManager>
                        <properties>
                          <org.mule.common.metadata.property.QNameMetaDataProperty>
                            <name>
                              <namespaceURI></namespaceURI>
                              <localPart>MemberReason_Code</localPart>
                              <prefix></prefix>
                            </name>
                          </org.mule.common.metadata.property.QNameMetaDataProperty>
                        </properties>
                      </metaDataFieldPropertyManager>
                    </org.mule.common.metadata.DefaultMetaDataField>
                    <org.mule.common.metadata.DefaultMetaDataField>
                      <name>MemberTotalAmount_Payable</name>
                      <model class="org.mule.common.metadata.DefaultListMetaDataModel">
                        <dataType>LIST</dataType>
                        <metaDataModelPropertiesManager>
                          <properties>
                            <org.mule.common.metadata.property.xml.UnboundMetaDataProperty>
                              <maxOccurs>2</maxOccurs>
                              <minOccurs>0</minOccurs>
                            </org.mule.common.metadata.property.xml.UnboundMetaDataProperty>
                            <org.mule.common.metadata.property.xml.SchemaTypeMetaDataProperty>
                              <typeQName reference="../../../../../../../../../../../../../org.mule.common.metadata.DefaultMetaDataField[5]/model/metaDataModelPropertiesManager/properties/org.mule.common.metadata.property.xml.SchemaTypeMetaDataProperty/typeQName"/>
                            </org.mule.common.metadata.property.xml.SchemaTypeMetaDataProperty>
                          </properties>
                        </metaDataModelPropertiesManager>
                        <model class="org.mule.common.metadata.DefaultSimpleMetaDataModel">
                          <dataType>DECIMAL</dataType>
                          <metaDataModelPropertiesManager>
                            <properties/>
                          </metaDataModelPropertiesManager>
                        </model>
                        <isArray>false</isArray>
                      </model>
                      <accessType>READ_WRITE</accessType>
                      <metaDataFieldPropertyManager>
                        <properties>
                          <org.mule.common.metadata.property.QNameMetaDataProperty>
                            <name>
                              <namespaceURI></namespaceURI>
                              <localPart>MemberTotalAmount_Payable</localPart>
                              <prefix></prefix>
                            </name>
                          </org.mule.common.metadata.property.QNameMetaDataProperty>
                        </properties>
                      </metaDataFieldPropertyManager>
                    </org.mule.common.metadata.DefaultMetaDataField>
                    <org.mule.common.metadata.DefaultMetaDataField>
                      <name>MemberProvider_PaidAmount</name>
                      <model class="org.mule.common.metadata.DefaultSimpleMetaDataModel">
                        <dataType>DECIMAL</dataType>
                        <metaDataModelPropertiesManager>
                          <properties>
                            <org.mule.common.metadata.property.xml.SchemaTypeMetaDataProperty>
                              <typeQName reference="../../../../../../../../../../../../../org.mule.common.metadata.DefaultMetaDataField[5]/model/metaDataModelPropertiesManager/properties/org.mule.common.metadata.property.xml.SchemaTypeMetaDataProperty/typeQName"/>
                            </org.mule.common.metadata.property.xml.SchemaTypeMetaDataProperty>
                          </properties>
                        </metaDataModelPropertiesManager>
                      </model>
                      <accessType>READ_WRITE</accessType>
                      <metaDataFieldPropertyManager>
                        <properties>
                          <org.mule.common.metadata.property.QNameMetaDataProperty>
                            <name>
                              <namespaceURI></namespaceURI>
                              <localPart>MemberProvider_PaidAmount</localPart>
                              <prefix></prefix>
                            </name>
                          </org.mule.common.metadata.property.QNameMetaDataProperty>
                        </properties>
                      </metaDataFieldPropertyManager>
                    </org.mule.common.metadata.DefaultMetaDataField>
                    <org.mule.common.metadata.DefaultMetaDataField>
                      <name>MemberInsured_PaidAmount</name>
                      <model class="org.mule.common.metadata.DefaultSimpleMetaDataModel">
                        <dataType>DECIMAL</dataType>
                        <metaDataModelPropertiesManager>
                          <properties>
                            <org.mule.common.metadata.property.xml.SchemaTypeMetaDataProperty>
                              <typeQName reference="../../../../../../../../../../../../../org.mule.common.metadata.DefaultMetaDataField[5]/model/metaDataModelPropertiesManager/properties/org.mule.common.metadata.property.xml.SchemaTypeMetaDataProperty/typeQName"/>
                            </org.mule.common.metadata.property.xml.SchemaTypeMetaDataProperty>
                          </properties>
                        </metaDataModelPropertiesManager>
                      </model>
                      <accessType>READ_WRITE</accessType>
                      <metaDataFieldPropertyManager>
                        <properties>
                          <org.mule.common.metadata.property.QNameMetaDataProperty>
                            <name>
                              <namespaceURI></namespaceURI>
                              <localPart>MemberInsured_PaidAmount</localPart>
                              <prefix></prefix>
                            </name>
                          </org.mule.common.metadata.property.QNameMetaDataProperty>
                        </properties>
                      </metaDataFieldPropertyManager>
                    </org.mule.common.metadata.DefaultMetaDataField>
                    <org.mule.common.metadata.DefaultMetaDataField>
                      <name>MemberPatient_LiabilityAmount</name>
                      <model class="org.mule.common.metadata.DefaultSimpleMetaDataModel">
                        <dataType>DECIMAL</dataType>
                        <metaDataModelPropertiesManager>
                          <properties>
                            <org.mule.common.metadata.property.xml.SchemaTypeMetaDataProperty>
                              <typeQName reference="../../../../../../../../../../../../../org.mule.common.metadata.DefaultMetaDataField[5]/model/metaDataModelPropertiesManager/properties/org.mule.common.metadata.property.xml.SchemaTypeMetaDataProperty/typeQName"/>
                            </org.mule.common.metadata.property.xml.SchemaTypeMetaDataProperty>
                          </properties>
                        </metaDataModelPropertiesManager>
                      </model>
                      <accessType>READ_WRITE</accessType>
                      <metaDataFieldPropertyManager>
                        <properties>
                          <org.mule.common.metadata.property.QNameMetaDataProperty>
                            <name>
                              <namespaceURI></namespaceURI>
                              <localPart>MemberPatient_LiabilityAmount</localPart>
                              <prefix></prefix>
                            </name>
                          </org.mule.common.metadata.property.QNameMetaDataProperty>
                        </properties>
                      </metaDataFieldPropertyManager>
                    </org.mule.common.metadata.DefaultMetaDataField>
                    <org.mule.common.metadata.DefaultMetaDataField>
                      <name>MemberDraft_Number</name>
                      <model class="org.mule.common.metadata.DefaultSimpleMetaDataModel">
                        <dataType>STRING</dataType>
                        <metaDataModelPropertiesManager>
                          <properties>
                            <org.mule.common.metadata.property.xml.SchemaTypeMetaDataProperty>
                              <typeQName reference="../../../../../../../../../../../../../org.mule.common.metadata.DefaultMetaDataField[4]/model/metaDataModelPropertiesManager/properties/org.mule.common.metadata.property.xml.SchemaTypeMetaDataProperty/typeQName"/>
                            </org.mule.common.metadata.property.xml.SchemaTypeMetaDataProperty>
                          </properties>
                        </metaDataModelPropertiesManager>
                      </model>
                      <accessType>READ_WRITE</accessType>
                      <metaDataFieldPropertyManager>
                        <properties>
                          <org.mule.common.metadata.property.QNameMetaDataProperty>
                            <name>
                              <namespaceURI></namespaceURI>
                              <localPart>MemberDraft_Number</localPart>
                              <prefix></prefix>
                            </name>
                          </org.mule.common.metadata.property.QNameMetaDataProperty>
                        </properties>
                      </metaDataFieldPropertyManager>
                    </org.mule.common.metadata.DefaultMetaDataField>
                    <org.mule.common.metadata.DefaultMetaDataField>
                      <name>ProviderDraft_Number</name>
                      <model class="org.mule.common.metadata.DefaultSimpleMetaDataModel">
                        <dataType>STRING</dataType>
                        <metaDataModelPropertiesManager>
                          <properties>
                            <org.mule.common.metadata.property.xml.SchemaTypeMetaDataProperty>
                              <typeQName reference="../../../../../../../../../../../../../org.mule.common.metadata.DefaultMetaDataField[4]/model/metaDataModelPropertiesManager/properties/org.mule.common.metadata.property.xml.SchemaTypeMetaDataProperty/typeQName"/>
                            </org.mule.common.metadata.property.xml.SchemaTypeMetaDataProperty>
                          </properties>
                        </metaDataModelPropertiesManager>
                      </model>
                      <accessType>READ_WRITE</accessType>
                      <metaDataFieldPropertyManager>
                        <properties>
                          <org.mule.common.metadata.property.QNameMetaDataProperty>
                            <name>
                              <namespaceURI></namespaceURI>
                              <localPart>ProviderDraft_Number</localPart>
                              <prefix></prefix>
                            </name>
                          </org.mule.common.metadata.property.QNameMetaDataProperty>
                        </properties>
                      </metaDataFieldPropertyManager>
                    </org.mule.common.metadata.DefaultMetaDataField>
                    <org.mule.common.metadata.DefaultMetaDataField>
                      <name>MemberPayment_SentDt</name>
                      <model class="org.mule.common.metadata.DefaultXmlMetaDataModel" reference="../../org.mule.common.metadata.DefaultMetaDataField[6]/model"/>
                      <accessType>READ_WRITE</accessType>
                      <metaDataFieldPropertyManager>
                        <properties>
                          <org.mule.common.metadata.property.QNameMetaDataProperty>
                            <name>
                              <namespaceURI></namespaceURI>
                              <localPart>MemberPayment_SentDt</localPart>
                              <prefix></prefix>
                            </name>
                          </org.mule.common.metadata.property.QNameMetaDataProperty>
                        </properties>
                      </metaDataFieldPropertyManager>
                    </org.mule.common.metadata.DefaultMetaDataField>
                    <org.mule.common.metadata.DefaultMetaDataField>
                      <name>MemberEOB_MailedDt</name>
                      <model class="org.mule.common.metadata.DefaultXmlMetaDataModel" reference="../../org.mule.common.metadata.DefaultMetaDataField[6]/model"/>
                      <accessType>READ_WRITE</accessType>
                      <metaDataFieldPropertyManager>
                        <properties>
                          <org.mule.common.metadata.property.QNameMetaDataProperty>
                            <name>
                              <namespaceURI></namespaceURI>
                              <localPart>MemberEOB_MailedDt</localPart>
                              <prefix></prefix>
                            </name>
                          </org.mule.common.metadata.property.QNameMetaDataProperty>
                        </properties>
                      </metaDataFieldPropertyManager>
                    </org.mule.common.metadata.DefaultMetaDataField>
                    <org.mule.common.metadata.DefaultMetaDataField>
                      <name>MemberClaim_ProcessDt</name>
                      <model class="org.mule.common.metadata.DefaultXmlMetaDataModel" reference="../../org.mule.common.metadata.DefaultMetaDataField[6]/model"/>
                      <accessType>READ_WRITE</accessType>
                      <metaDataFieldPropertyManager>
                        <properties>
                          <org.mule.common.metadata.property.QNameMetaDataProperty>
                            <name>
                              <namespaceURI></namespaceURI>
                              <localPart>MemberClaim_ProcessDt</localPart>
                              <prefix></prefix>
                            </name>
                          </org.mule.common.metadata.property.QNameMetaDataProperty>
                        </properties>
                      </metaDataFieldPropertyManager>
                    </org.mule.common.metadata.DefaultMetaDataField>
                    <org.mule.common.metadata.DefaultMetaDataField>
                      <name>MemberTotal_ProvPayment</name>
                      <model class="org.mule.common.metadata.DefaultSimpleMetaDataModel">
                        <dataType>DECIMAL</dataType>
                        <metaDataModelPropertiesManager>
                          <properties>
                            <org.mule.common.metadata.property.xml.SchemaTypeMetaDataProperty>
                              <typeQName reference="../../../../../../../../../../../../../org.mule.common.metadata.DefaultMetaDataField[5]/model/metaDataModelPropertiesManager/properties/org.mule.common.metadata.property.xml.SchemaTypeMetaDataProperty/typeQName"/>
                            </org.mule.common.metadata.property.xml.SchemaTypeMetaDataProperty>
                          </properties>
                        </metaDataModelPropertiesManager>
                      </model>
                      <accessType>READ_WRITE</accessType>
                      <metaDataFieldPropertyManager>
                        <properties>
                          <org.mule.common.metadata.property.QNameMetaDataProperty>
                            <name>
                              <namespaceURI></namespaceURI>
                              <localPart>MemberTotal_ProvPayment</localPart>
                              <prefix></prefix>
                            </name>
                          </org.mule.common.metadata.property.QNameMetaDataProperty>
                        </properties>
                      </metaDataFieldPropertyManager>
                    </org.mule.common.metadata.DefaultMetaDataField>
                    <org.mule.common.metadata.DefaultMetaDataField>
                      <name>MemberTotal_InsPayment</name>
                      <model class="org.mule.common.metadata.DefaultSimpleMetaDataModel">
                        <dataType>DECIMAL</dataType>
                        <metaDataModelPropertiesManager>
                          <properties>
                            <org.mule.common.metadata.property.xml.SchemaTypeMetaDataProperty>
                              <typeQName reference="../../../../../../../../../../../../../org.mule.common.metadata.DefaultMetaDataField[5]/model/metaDataModelPropertiesManager/properties/org.mule.common.metadata.property.xml.SchemaTypeMetaDataProperty/typeQName"/>
                            </org.mule.common.metadata.property.xml.SchemaTypeMetaDataProperty>
                          </properties>
                        </metaDataModelPropertiesManager>
                      </model>
                      <accessType>READ_WRITE</accessType>
                      <metaDataFieldPropertyManager>
                        <properties>
                          <org.mule.common.metadata.property.QNameMetaDataProperty>
                            <name>
                              <namespaceURI></namespaceURI>
                              <localPart>MemberTotal_InsPayment</localPart>
                              <prefix></prefix>
                            </name>
                          </org.mule.common.metadata.property.QNameMetaDataProperty>
                        </properties>
                      </metaDataFieldPropertyManager>
                    </org.mule.common.metadata.DefaultMetaDataField>
                  </fields>
                  <rootElement reference="../fields/org.mule.common.metadata.DefaultMetaDataField[6]/model/rootElement"/>
                  <schemas class="org.mule.common.metadata.UrlBasedSchemaProvider" reference="../fields/org.mule.common.metadata.DefaultMetaDataField[6]/model/schemas"/>
                  <namespaceManager reference="../fields/org.mule.common.metadata.DefaultMetaDataField[6]/model/namespaceManager"/>
                </model>
                <isArray>false</isArray>
              </model>
              <accessType>READ_WRITE</accessType>
              <metaDataFieldPropertyManager>
                <properties>
                  <org.mule.common.metadata.property.QNameMetaDataProperty>
                    <name>
                      <namespaceURI></namespaceURI>
                      <localPart>MemberClaims_Information</localPart>
                      <prefix></prefix>
                    </name>
                  </org.mule.common.metadata.property.QNameMetaDataProperty>
                </properties>
              </metaDataFieldPropertyManager>
            </org.mule.common.metadata.DefaultMetaDataField>
          </fields>
          <rootElement reference="../fields/org.mule.common.metadata.DefaultMetaDataField/model/model/fields/org.mule.common.metadata.DefaultMetaDataField[6]/model/rootElement"/>
          <schemas class="org.mule.common.metadata.UrlBasedSchemaProvider" reference="../fields/org.mule.common.metadata.DefaultMetaDataField/model/model/fields/org.mule.common.metadata.DefaultMetaDataField[6]/model/schemas"/>
          <namespaceManager reference="../fields/org.mule.common.metadata.DefaultMetaDataField/model/model/fields/org.mule.common.metadata.DefaultMetaDataField[6]/model/namespaceManager"/>
        </model>
        <accessType>READ_WRITE</accessType>
        <metaDataFieldPropertyManager>
          <properties>
            <org.mule.common.metadata.property.QNameMetaDataProperty>
              <name>
                <namespaceURI></namespaceURI>
                <localPart>Member_Records</localPart>
                <prefix></prefix>
              </name>
            </org.mule.common.metadata.property.QNameMetaDataProperty>
          </properties>
        </metaDataFieldPropertyManager>
      </org.mule.common.metadata.DefaultMetaDataField>
    </fields>
    <rootElement reference="../fields/org.mule.common.metadata.DefaultMetaDataField[8]/model/fields/org.mule.common.metadata.DefaultMetaDataField/model/model/fields/org.mule.common.metadata.DefaultMetaDataField[6]/model/rootElement"/>
    <schemas class="org.mule.common.metadata.UrlBasedSchemaProvider">
      <schemas reference="../../fields/org.mule.common.metadata.DefaultMetaDataField[8]/model/fields/org.mule.common.metadata.DefaultMetaDataField/model/model/fields/org.mule.common.metadata.DefaultMetaDataField[6]/model/schemas/schemas"/>
    </schemas>
    <namespaceManager reference="../fields/org.mule.common.metadata.DefaultMetaDataField[8]/model/fields/org.mule.common.metadata.DefaultMetaDataField/model/model/fields/org.mule.common.metadata.DefaultMetaDataField[6]/model/namespaceManager"/>
  </metadataModel>
</custom__type__definition>