<?xml version="1.0" encoding="UTF-8"?>

<mule xmlns:tracking="http://www.mulesoft.org/schema/mule/ee/tracking" xmlns:cluster="http://www.mulesoft.org/schema/mule/ee/cluster" xmlns:metadata="http://www.mulesoft.org/schema/mule/metadata" xmlns:dw="http://www.mulesoft.org/schema/mule/ee/dw"
	xmlns="http://www.mulesoft.org/schema/mule/core" xmlns:doc="http://www.mulesoft.org/schema/mule/documentation" xmlns:ws="http://www.mulesoft.org/schema/mule/ws" xmlns:spring="http://www.springframework.org/schema/beans" xmlns:db="http://www.mulesoft.org/schema/mule/db" xmlns:secure-property-placeholder="http://www.mulesoft.org/schema/mule/secure-property-placeholder" xmlns:http="http://www.mulesoft.org/schema/mule/http" xmlns:tls="http://www.mulesoft.org/schema/mule/tls" xmlns:apikit="http://www.mulesoft.org/schema/mule/apikit" xmlns:xsi="http://www.w3.org/2001/XMLSchema-instance" xsi:schemaLocation="http://www.mulesoft.org/schema/mule/ws http://www.mulesoft.org/schema/mule/ws/current/mule-ws.xsd
http://www.springframework.org/schema/beans http://www.springframework.org/schema/beans/spring-beans-current.xsd
http://www.mulesoft.org/schema/mule/db http://www.mulesoft.org/schema/mule/db/current/mule-db.xsd
http://www.mulesoft.org/schema/mule/secure-property-placeholder http://www.mulesoft.org/schema/mule/secure-property-placeholder/current/mule-secure-property-placeholder.xsd
http://www.mulesoft.org/schema/mule/http http://www.mulesoft.org/schema/mule/http/current/mule-http.xsd
http://www.mulesoft.org/schema/mule/tls http://www.mulesoft.org/schema/mule/tls/current/mule-tls.xsd
http://www.mulesoft.org/schema/mule/apikit http://www.mulesoft.org/schema/mule/apikit/current/mule-apikit.xsd
http://www.mulesoft.org/schema/mule/ee/dw http://www.mulesoft.org/schema/mule/ee/dw/current/dw.xsd
http://www.mulesoft.org/schema/mule/core http://www.mulesoft.org/schema/mule/core/current/mule.xsd
http://www.mulesoft.org/schema/mule/ee/tracking http://www.mulesoft.org/schema/mule/ee/tracking/current/mule-tracking-ee.xsd">
    <db:generic-config name="Generic_Database_Configuration-Core" url="${db.ip};DatabaseName=${db.core};user=${db.user};password=${db.password};domain=MS;useNTLMv2=true" driverClassName="net.sourceforge.jtds.jdbc.Driver" doc:name="Generic Database Configuration"/>
    <secure-property-placeholder:config name="Secure_Property_Placeholder" encryptionAlgorithm="Blowfish" key="s" location="microservice_claim_inquiry_${mule.env}.properties" doc:name="Secure Property Placeholder"/>
    <http:listener-config name="HTTPS_Listener_Configuration" protocol="HTTPS" host="${host}" port="${port}" tlsContext-ref="TLS_Context" doc:name="HTTP Listener Configuration"/>
    <tls:context name="TLS_Context" doc:name="TLS Context">
        <tls:key-store path="${key.store.server.path}" keyPassword="${key.store.key.password}" password="${key.store.key.password}"/>
    </tls:context>
    <apikit:config name="microservice_facets_claim_inquiry_api-config" raml="microservice_facets_claim_inquiry_api.raml" consoleEnabled="true"  doc:name="Router"/>
    <ws:consumer-config name="Web_Service_Consumer_SearchMember_v3" wsdlLocation="${SearchMemberwsdlLocation}" service="WebSvcSearchMember_v3" port="WebSvcSearchMember_v3Soap" serviceAddress="${SearchMemberserviceAddress}" doc:name="Web Service Consumer"/>
    <configuration defaultExceptionStrategy-ref="microservice_facets_claim_inquiry_global-config_Catch_Exception_Strategy" doc:name="Configuration">
        <http:config useTransportForUris="false"/>
    </configuration>
    <ws:consumer-config name="Web_Service_Consumer_ListClaim_v10" service="WebSvcListClaim_v10" port="WebSvcListClaim_v10Soap" serviceAddress="${ListClaimAddress}" wsdlLocation="${ListClaimWSDL}" doc:name="Web Service Consumer"/>

<catch-exception-strategy name="microservice_facets_claim_inquiry_global-config_Catch_Exception_Strategy">
        <logger message="Summary Message Catch Exception Strategy :: #[exception.getSummaryMessage()]" level="DEBUG" doc:name="Logger"/>
        <set-variable variableName="Exception_Message" value="#[exception.cause.?message or exception.cause]" doc:name="Exception_Message"/>

<!--         <choice doc:name="Choice"> -->
<!--             <when expression="#[flowVars.Exception_Message.contains(&quot;payload[0].INCW_TARGET_VALUE&quot;)]"> -->
<!--                 <set-variable variableName="AppResponse" value="#[exception.cause.?message or exception.cause] Style ID or BRC is missing, Please check configurations." doc:name="Style ID/BRC Missing "/> -->
<!--                 <set-variable variableName="AppReturn_Code" value="601" doc:name="AppReturn_Code"/> -->
<!--             </when> -->
<!--             <when expression="#[flowVars.Exception_Message.contains(&quot;Requested Row was NOT&quot;)]"> -->
<!--                 <set-variable variableName="AppResponse" value="#[exception.cause.?message or exception.cause]" doc:name="Invalid Attachment Information"/> -->
<!--                 <set-variable variableName="AppReturn_Code" value="601" doc:name="AppReturn_Code"/> -->
<!--             </when> -->
<!--             <otherwise> -->
                <set-variable variableName="AppResponse" value="Internal Server Error : #[exception.cause.?message or exception.cause]" doc:name="AppResponse"/>
        <set-variable variableName="FlowName" value="#[mule:context.serviceName]" doc:name="FlowName"/>
                <set-variable variableName="AppReturn_Code" value="404" doc:name="AppReturn_Code"/>
        <set-session-variable variableName="SysReturn_Code" value="8" doc:name="SysReturn_Code"/>
        <set-variable variableName="SysReturn_Code" value="8" doc:name="SysReturn_Code"/>

       <dw:transform-message doc:name="Transform Message" metadata:id="5b943eea-97c0-42b1-83e4-aea0c311b16e">
<dw:input-payload mimeType="application/xml"/>                        
            <dw:set-payload><![CDATA[%dw 1.0
%output application/xml
---
{
		ListMemberClaimInfo_BySubscriberIdResponse: {
		Subscriber_Id: sessionVars.Subscriber_Id,
		Subscriber_NetworkId : flowVars.NetworkId,
		Subscriber_NetworkName : flowVars.NetworkName,
		AppResponse: flowVars.AppResponse,
		AppReturn_Code: flowVars.AppReturn_Code,
        Member_Records:{}
	}
	
}]]></dw:set-payload>
        </dw:transform-message>
        <set-payload value="#[message.payload]" mimeType="application/xml" doc:name="Set Payload"/>
<!--             </otherwise> -->
<!--         </choice> -->


        
    </catch-exception-strategy>    
 <catch-exception-strategy name="microservice_facets_claim_status_global-config_Catch_Exception_Strategy">
        <logger message="Summary Message Catch Exception Strategy :: #[exception.getSummaryMessage()]" level="DEBUG" doc:name="Logger"/>
        <set-variable variableName="Exception_Message" value="#[exception.cause.?message or exception.cause]" doc:name="Exception_Message"/>

<!--         <choice doc:name="Choice"> -->
<!--             <when expression="#[flowVars.Exception_Message.contains(&quot;payload[0].INCW_TARGET_VALUE&quot;)]"> -->
<!--                 <set-variable variableName="AppResponse" value="#[exception.cause.?message or exception.cause] Style ID or BRC is missing, Please check configurations." doc:name="Style ID/BRC Missing "/> -->
<!--                 <set-variable variableName="AppReturn_Code" value="601" doc:name="AppReturn_Code"/> -->
<!--             </when> -->
<!--             <when expression="#[flowVars.Exception_Message.contains(&quot;Requested Row was NOT&quot;)]"> -->
<!--                 <set-variable variableName="AppResponse" value="#[exception.cause.?message or exception.cause]" doc:name="Invalid Attachment Information"/> -->
<!--                 <set-variable variableName="AppReturn_Code" value="601" doc:name="AppReturn_Code"/> -->
<!--             </when> -->
<!--             <otherwise> -->
                <set-variable variableName="AppResponse" value="Internal Server Error : #[exception.cause.?message or exception.cause]" doc:name="AppResponse"/>
        <set-variable variableName="FlowName" value="#[mule:context.serviceName]" doc:name="FlowName"/>
                <set-variable variableName="AppReturn_Code" value="404" doc:name="AppReturn_Code"/>
        <set-session-variable variableName="SysReturn_Code" value="8" doc:name="SysReturn_Code"/>
        <set-variable variableName="SysReturn_Code" value="8" doc:name="SysReturn_Code"/>

       <dw:transform-message doc:name="Transform Message" metadata:id="5b943eea-97c0-42b1-83e4-aea0c311b16e">
<dw:input-payload mimeType="application/xml"/>                        
            <dw:set-payload><![CDATA[%dw 1.0
%output application/xml
---
{
	ListMemberClaimStatus_ByMemberKey: {
	    Subscriber_Id: sessionVars.SBSB_ID,
		Member_Key: sessionVars.MEME_CK,
		Service_Dt: sessionVars.Service_Dt,
		ProviderTax_Id: sessionVars.ProvTaxId when sessionVars.ProvTaxId !=null otherwise '',
		Charge_Amount : sessionVars.ChargeAmt when sessionVars.ChargeAmt !=null otherwise '',
		AppResponse: flowVars.AppResponse,
		AppReturn_Code: flowVars.AppReturn_Code,
		Member_Records: {}
	}
	
}]]></dw:set-payload>
        </dw:transform-message>
        <set-payload value="#[message.payload]" mimeType="application/xml" doc:name="Set Payload"/>
<!--             </otherwise> -->
<!--         </choice> -->


        
    </catch-exception-strategy>    
       
<!--    <flow name="Microservice_Claimnfo_EventLog-AsyncFlow"> -->
<!--         <choice doc:name="Choice"> -->
<!--             <when expression="sessionVars.AppModuleId != null"> -->
<!--                 <set-variable variableName="AppRespData" value="#[payload]" doc:name="AppRespData"/> -->
<!--                 <set-payload value="#[sessionVars.Input_SessionPayload]" doc:name="Set Payload"/> -->
<!--                 <set-variable variableName="SrvcName" value="${app.name}" doc:name="SrvcName"/> -->
<!--                 <set-variable variableName="AppServer" value="${host}" doc:name="AppServer"/> -->
<!--                 <set-variable variableName="Region" value="${db.core}" doc:name="Region"/> -->
<!--                 <dw:transform-message doc:name="Transform Message" metadata:id="e8f85296-9d09-44e4-bb97-ccb37d3de6a6"> -->
<!--                     <dw:input-payload mimeType="application/xml"/> -->
<!--                     <dw:set-payload><![CDATA[%dw 1.0 -->
<!-- %output application/xml -->
<!-- { -->
<!-- 	ProcessApp_EventLogs: { -->
<!-- 		APP_MODULE_ID: payload.GetPremiumInfo_BySubscriberId.pConfig.AppModuleID, -->
<!-- 		PROCESS_ID: payload.GetPremiumInfo_BySubscriberId.pConfig.ProcessID, -->
<!-- 		PROCESS_RUN_ID: flowVars.ProcessRunId, -->
<!-- 		EVNT_LOG_ID : '', -->
<!-- 		APP_REGION:flowVars.Region, -->
<!-- 		APP_SERVER :flowVars.AppServer, -->
<!-- 		APP_REQ_DATA : sessionVars.Input_SessionPayload replace "'" with "" replace "\"" with "",	 -->
<!-- 		APP_PROG_ID: payload.GetPremiumInfo_BySubscriberId.Subscriber_Id, -->
<!-- 		PROCESS_MESSAGE : 'Log Message : Premium Inquiry request received For SBSB_ID ' ++ payload.GetPremiumInfo_BySubscriberId.Subscriber_Id, -->
<!-- 		EXTU_ID: payload.GetPremiumInfo_BySubscriberId.pConfig.FacetsIdentity, -->
<!-- 		APP_CALL_SRVC_NM : flowVars.SrvcName, -->
<!--         APP_CALL_FLOW_NM : flowVars.FlowName, -->
<!--         SYS_RETURN_CODE : sessionVars.SysReturn_Code when sessionVars.SysReturn_Code !='' or sessionVars.SysReturn_Code != null or sessionVars.SysReturn_Code != 'null' otherwise '0', -->
<!--         APP_RETURN_CODE : flowVars.AppReturn_Code when flowVars.AppReturn_Code != '' or flowVars.AppReturn_Code != null or flowVars.AppReturn_Code != 'null' otherwise '0', -->
<!--         COUNTER_MESSAGE : 'Log Message :' ++ flowVars.AppResponse replace "'" with "" replace "\"" with "", -->
<!--         EVNT_LOG_MESSAGE : 'Step Message :' ++ flowVars.AppResponse replace "'" with "" replace "\"" with "", -->
<!--         APP_RESP_DATA : flowVars.AppRespData replace "'" with "" replace "\"" with "" -->
<!-- 	 } -->
<!-- }]]></dw:set-payload> -->
<!--                 </dw:transform-message> -->
<!--                 <byte-array-to-string-transformer doc:name="Byte Array to String"/> -->
<!--                 <flow-ref name="microservice_facets_eventlog_insert_AsyncFlow" doc:name="microservice_facets_eventlog_insert_AsyncFlow"/> -->


<!--             </when> -->
<!--             <otherwise> -->
<!--                 <logger message="Event Logging Failed Due to Null Module ID" level="INFO" doc:name="Logger"/> -->
<!--             </otherwise> -->
<!--         </choice> -->
<!--     </flow> -->

</mule>
