<?xml version="1.0" encoding="UTF-8"?>
<mule xmlns:dw="http://www.mulesoft.org/schema/mule/ee/dw" xmlns:metadata="http://www.mulesoft.org/schema/mule/metadata" xmlns:tracking="http://www.mulesoft.org/schema/mule/ee/tracking" xmlns:db="http://www.mulesoft.org/schema/mule/db" xmlns:doc="http://www.mulesoft.org/schema/mule/documentation" xmlns="http://www.mulesoft.org/schema/mule/core" xmlns:apikit="http://www.mulesoft.org/schema/mule/apikit" xmlns:http="http://www.mulesoft.org/schema/mule/http" xmlns:spring="http://www.springframework.org/schema/beans" xmlns:xsi="http://www.w3.org/2001/XMLSchema-instance" xsi:schemaLocation="http://www.mulesoft.org/schema/mule/core http://www.mulesoft.org/schema/mule/core/current/mule.xsd
http://www.mulesoft.org/schema/mule/http http://www.mulesoft.org/schema/mule/http/current/mule-http.xsd
http://www.mulesoft.org/schema/mule/apikit http://www.mulesoft.org/schema/mule/apikit/current/mule-apikit.xsd
http://www.springframework.org/schema/beans http://www.springframework.org/schema/beans/spring-beans-3.1.xsd
http://www.mulesoft.org/schema/mule/db http://www.mulesoft.org/schema/mule/db/current/mule-db.xsd
http://www.mulesoft.org/schema/mule/ee/tracking http://www.mulesoft.org/schema/mule/ee/tracking/current/mule-tracking-ee.xsd
http://www.mulesoft.org/schema/mule/ee/dw http://www.mulesoft.org/schema/mule/ee/dw/current/dw.xsd">

    <flow name="microservice_facets_claim_inquiry_api-main">
        <http:listener config-ref="HTTPS_Listener_Configuration" path="${uri}" doc:name="HTTPS"/>
        <apikit:router config-ref="microservice_facets_claim_inquiry_api-config" doc:name="APIkit Router"/>
        <exception-strategy ref="microservice_facets_claim_inquiry_api-apiKitGlobalExceptionMapping" doc:name="Reference Exception Strategy"/>
    </flow>

    <flow name="get:/v1/retrieve/1/healthcheck.html:microservice_facets_claim_inquiry_api-config">
        <set-property propertyName="http.status" value="200" doc:name="200"/>
        <set-payload value="&lt;html&gt;  &lt;head&gt;&lt;title&gt;Facets Claim Inquiries Microservice Health Check&lt;/title&gt;&lt;/head&gt;  &lt;body&gt; &lt;H1&gt;Facets Claim Inquiries Microservice Health Check&lt;/H1&gt;  Facets Claim Inquiries Microservice is up and running  Host Server : ${host}  Port : ${port} &lt;/body&gt;  &lt;/html&gt; " doc:name="Set Payload"/>

    </flow>
    <flow name="post:/ListMemberClaimInfo/v1:microservice_facets_claim_inquiry_api-config">
        <byte-array-to-string-transformer doc:name="Byte Array to String" mimeType="application/xml"/>
        <set-payload value="#[message.payloadAs(String).replace(&quot;&lt;?xml version='1.0' encoding='US-ASCII'?&gt;&quot;,'')]" doc:name="Remove xml header ASCII"/>
        <set-payload value="#[message.payloadAs(String).replace(&quot;&lt;?xml version='1.0' encoding='windows-1252'?&gt;&quot;,'')]" doc:name="Remove xml header Windows-1252"/>
        <set-session-variable variableName="Input_SessionPayload" value="#[payload]" doc:name="Session Variable"/>
        <set-session-variable variableName="SBSB_ID" value="#[xpath3('ListMemberClaimInfo_BySubscriberId/Subscriber_Id')]" doc:name="SBSB_ID"/>
        <choice doc:name="Choice">
            <when expression="#[xpath3('count(//ListMemberClaimInfo_BySubscriberId/MemberBirth_Dt)') == 1]">
                <set-session-variable variableName="DOB" value="#[xpath3('ListMemberClaimInfo_BySubscriberId/MemberBirth_Dt')]" doc:name="DOB"/>
                <choice doc:name="Choice">
                    <when expression="sessionVars.DOB == ''">
                        <set-session-variable variableName="DOB" value="1753-01-01" doc:name="DOB"/>
                    </when>
                    <otherwise>
                        <set-session-variable variableName="DOB" value="#[sessionVars.DOB]" doc:name="DOB"/>
                    </otherwise>
                </choice>
            </when>
            <otherwise>
                <set-session-variable variableName="DOB" value="1753-01-01" doc:name="DOB"/>
            </otherwise>
        </choice>
        <set-session-variable variableName="AppModuleId" value="#[xpath3('ListMemberClaimInfo_BySubscriberId/pConfig/AppModuleID')]" doc:name="AppModuleId"/>
        <set-session-variable variableName="ProcessId" value="#[xpath3('ListMemberClaimInfo_BySubscriberId/pConfig/ProcessID')]" doc:name="ProcessId"/>
        <set-session-variable variableName="EXTU_ID" value="#[xpath3('ListMemberClaimInfo_BySubscriberId/pConfig/FacetsIdentity')]" doc:name="EXTU_ID"/>
        <db:select config-ref="Generic_Database_Configuration-Core" doc:name="Database">
            <db:parameterized-query><![CDATA[SELECT EXTU_ID FROM ER_TB_SYST_EXTU_XUSER where EXTU_ID=#[sessionVars.EXTU_ID]]]></db:parameterized-query>

        </db:select>
        <choice doc:name="Choice">
            <when expression="payload.size()&gt;0">

                <flow-ref name="microservice_listmemberclaim_info_mainFlow" doc:name="microservice_listmemberclaim_info_mainFlow"/>
            </when>
            <otherwise>

                <set-session-variable variableName="App_Response" value="Facets Authentication Failed for User ID : #[sessionVars.EXTU_ID]" doc:name="App_Response"/>
                <set-session-variable variableName="AppReturn_Code" value="403" doc:name="AppReturn_Code"/>
                <dw:transform-message doc:name="Transform Message" metadata:id="6c77d32a-e779-49d7-b22f-4f44a3f58ad5">
                    <dw:input-payload mimeType="application/java"/>
                    <dw:input-session-variable doc:sample="sample_data\string_30.dwl" mimeType="application/java" variableName="AppReturn_Code"/>
                    <dw:input-session-variable doc:sample="sample_data\string_31.dwl" mimeType="application/java" variableName="App_Response"/>
                    <dw:input-session-variable doc:sample="sample_data\string_32.dwl" mimeType="application/java" variableName="SBSB_ID"/>
                    <dw:set-payload><![CDATA[%dw 1.0
%output application/xml
---
{
		ListMemberClaimInfo_BySubscriberIdResponse: {
		Subscriber_Id: sessionVars.SBSB_ID,
		Subscriber_NetworkId : '',
		Subscriber_NetworkName : '',		
		AppResponse: sessionVars.App_Response,
		AppReturn_Code: sessionVars.AppReturn_Code,
        Member_Records:{}
	}
}]]></dw:set-payload>
                </dw:transform-message>
                <set-payload value="#[message.payload]" mimeType="application/xml" doc:name="Set Payload"/>
            </otherwise>
        </choice>

    </flow>
    <flow name="post:/ListMemberClaimStatus/v1:microservice_facets_claim_inquiry_api-config">
        <byte-array-to-string-transformer mimeType="application/xml" doc:name="Byte Array to String"/>
        <set-payload value="#[message.payloadAs(String).replace(&quot;&lt;?xml version='1.0' encoding='US-ASCII'?&gt;&quot;,'')]" doc:name="Remove xml header ASCII"/>
        <set-payload value="#[message.payloadAs(String).replace(&quot;&lt;?xml version='1.0' encoding='windows-1252'?&gt;&quot;,'')]" doc:name="Remove xml header Windows-1252"/>
        <set-session-variable variableName="Input_SessionPayload" value="#[payload]" doc:name="Session Variable"/>
        <set-session-variable variableName="MEME_CK" value="#[xpath3('ListMemberClaimStatus_ByMemberKey/Member_Key')]" doc:name="MEME_CK"/>
        <set-session-variable variableName="SBSB_ID" value="#[xpath3('ListMemberClaimStatus_ByMemberKey/Subscriber_Id')]" doc:name="SBSB_ID"/>
        <set-session-variable variableName="Service_Dt" value="#[xpath3('ListMemberClaimStatus_ByMemberKey/Service_Dt')]" doc:name="Service_Dt"/>
        <set-session-variable variableName="AppModuleId" value="#[xpath3('ListMemberClaimStatus_ByMemberKey/pConfig/AppModuleID')]" doc:name="AppModuleId"/>
        <set-session-variable variableName="ProcessId" value="#[xpath3('ListMemberClaimStatus_ByMemberKey/pConfig/ProcessID')]" doc:name="ProcessId"/>
        <set-session-variable variableName="EXTU_ID" value="#[xpath3('ListMemberClaimStatus_ByMemberKey/pConfig/FacetsIdentity')]" doc:name="EXTU_ID"/>
        <choice doc:name="Choice">
            <when expression="#[xpath3('count(//ListMemberClaimStatus_ByMemberKey/ProviderTax_Id)') == 1]">
                <set-session-variable variableName="ProvTaxId" value="#[xpath3('//ListMemberClaimStatus_ByMemberKey/ProviderTax_Id')]" doc:name="ProvTaxId"/>
                <choice doc:name="Choice">
                    <when expression="sessionVars.ProvTaxId == ''">
                        <set-session-variable variableName="ProvTaxId" value="null" doc:name="ProvTaxId"/>
                    </when>
                    <otherwise>
                        <set-session-variable variableName="ProvTaxId" value="#[sessionVars.ProvTaxId]" doc:name="ProvTaxId"/>
                    </otherwise>
                </choice>
            </when>
            <otherwise>
                <set-session-variable variableName="ProvTaxId" value="null" doc:name="ProvTaxId"/>
            </otherwise>
        </choice>
        <choice doc:name="Choice">
            <when expression="#[xpath3('count(//ListMemberClaimStatus_ByMemberKey/Charge_Amt)') == 1]">
                <set-session-variable variableName="ChargeAmt" value="#[xpath3('ListMemberClaimStatus_ByMemberKey/Charge_Amt')]" doc:name="ChargeAmt"/>
                <choice doc:name="Choice">
                    <when expression="sessionVars.ChargeAmt == ''">
                        <set-session-variable variableName="ChargeAmt" value="null" doc:name="ChargeAmt"/>
                    </when>
                    <otherwise>
                        <set-session-variable variableName="ChargeAmt" value="#[sessionVars.ChargeAmt]" doc:name="ChargeAmt"/>
                    </otherwise>
                </choice>
            </when>
            <otherwise>
                <set-session-variable variableName="ChargeAmt" value="null" doc:name="ChargeAmt"/>
            </otherwise>
        </choice>
        <db:select config-ref="Generic_Database_Configuration-Core" doc:name="Database">
            <db:parameterized-query><![CDATA[SELECT EXTU_ID FROM ER_TB_SYST_EXTU_XUSER where EXTU_ID=#[sessionVars.EXTU_ID]]]></db:parameterized-query>
        </db:select>
        <choice doc:name="Choice">
            <when expression="payload.size()&gt;0">
                <flow-ref name="microservice_listmemberclaimstatus_info_mainFlow" doc:name="microservice_listmemberclaimstatus_info_mainFlow"/>
            </when>
            <otherwise>
                <set-session-variable variableName="App_Response" value="Facets Authentication Failed for User ID : #[sessionVars.EXTU_ID]" doc:name="App_Response"/>
                <set-session-variable variableName="AppReturn_Code" value="403" doc:name="AppReturn_Code"/>
                <dw:transform-message doc:name="Transform Message" metadata:id="a2d79ec2-cbfb-43a0-9cfe-c1ce8930358b">
                    <dw:set-payload><![CDATA[%dw 1.0
%output application/xml
---
{
	ListMemberClaimStatus_ByMemberKey: {
		Member_Key: sessionVars.MEME_CK,
	    Susbcriber_Id: sessionVars.SBSB_ID,
		Service_Dt : sessionVars.Service_Dt,
		ProviderTax_Id : '',
		Charge_Amt : '',
		AppResponse: sessionVars.App_Response,
		AppReturn_Code: sessionVars.AppReturn_Code,
		Member_Records: {
		}
	}
}]]></dw:set-payload>
                </dw:transform-message>
                <set-payload value="#[message.payload]" doc:name="Set Payload"/>
            </otherwise>
        </choice>
        <exception-strategy ref="microservice_facets_claim_status_global-config_Catch_Exception_Strategy" doc:name="Reference Exception Strategy"/>
    </flow>
    <apikit:mapping-exception-strategy name="microservice_facets_claim_inquiry_api-apiKitGlobalExceptionMapping">
        <apikit:mapping statusCode="404">
            <apikit:exception value="org.mule.module.apikit.exception.NotFoundException" />
            <set-property propertyName="Content-Type" value="application/json" doc:name="Property"/>
            <set-payload value="{ &quot;message&quot;: &quot;Resource not found&quot; }" doc:name="Set Payload"/>
        </apikit:mapping>
        <apikit:mapping statusCode="405">
            <apikit:exception value="org.mule.module.apikit.exception.MethodNotAllowedException" />
            <set-property propertyName="Content-Type" value="application/json" doc:name="Property"/>
            <set-payload value="{ &quot;message&quot;: &quot;Method not allowed&quot; }" doc:name="Set Payload"/>
        </apikit:mapping>
        <apikit:mapping statusCode="415">
            <apikit:exception value="org.mule.module.apikit.exception.UnsupportedMediaTypeException" />
            <set-property propertyName="Content-Type" value="application/json" doc:name="Property"/>
            <set-payload value="{ &quot;message&quot;: &quot;Unsupported media type&quot; }" doc:name="Set Payload"/>
        </apikit:mapping>
        <apikit:mapping statusCode="406">
            <apikit:exception value="org.mule.module.apikit.exception.NotAcceptableException" />
            <set-property propertyName="Content-Type" value="application/json" doc:name="Property"/>
            <set-payload value="{ &quot;message&quot;: &quot;Not acceptable&quot; }" doc:name="Set Payload"/>
        </apikit:mapping>
        <apikit:mapping statusCode="400">
            <apikit:exception value="org.mule.module.apikit.exception.BadRequestException" />
            <set-property propertyName="Content-Type" value="application/json" doc:name="Property"/>
            <set-payload value="{ &quot;message&quot;: &quot;Bad request&quot; }" doc:name="Set Payload"/>
        </apikit:mapping>
    </apikit:mapping-exception-strategy>
</mule>
