<?xml version="1.0" encoding="UTF-8"?>

<mule xmlns:json="http://www.mulesoft.org/schema/mule/json" xmlns:dw="http://www.mulesoft.org/schema/mule/ee/dw" xmlns:ws="http://www.mulesoft.org/schema/mule/ws" xmlns:metadata="http://www.mulesoft.org/schema/mule/metadata" xmlns:tracking="http://www.mulesoft.org/schema/mule/ee/tracking" xmlns:db="http://www.mulesoft.org/schema/mule/db" xmlns:mulexml="http://www.mulesoft.org/schema/mule/xml" xmlns="http://www.mulesoft.org/schema/mule/core" xmlns:doc="http://www.mulesoft.org/schema/mule/documentation"
	xmlns:spring="http://www.springframework.org/schema/beans" 
	xmlns:xsi="http://www.w3.org/2001/XMLSchema-instance"
	xsi:schemaLocation="http://www.mulesoft.org/schema/mule/ws http://www.mulesoft.org/schema/mule/ws/current/mule-ws.xsd
http://www.springframework.org/schema/beans http://www.springframework.org/schema/beans/spring-beans-current.xsd
http://www.mulesoft.org/schema/mule/db http://www.mulesoft.org/schema/mule/db/current/mule-db.xsd
http://www.mulesoft.org/schema/mule/ee/tracking http://www.mulesoft.org/schema/mule/ee/tracking/current/mule-tracking-ee.xsd
http://www.mulesoft.org/schema/mule/ee/dw http://www.mulesoft.org/schema/mule/ee/dw/current/dw.xsd
http://www.mulesoft.org/schema/mule/core http://www.mulesoft.org/schema/mule/core/current/mule.xsd
http://www.mulesoft.org/schema/mule/xml http://www.mulesoft.org/schema/mule/xml/current/mule-xml.xsd
http://www.mulesoft.org/schema/mule/json http://www.mulesoft.org/schema/mule/json/current/mule-json.xsd">
    <ws:consumer-config name="Web_Service_Consumer" service="WebSvcListClaim_v10" port="WebSvcListClaim_v10Soap" serviceAddress="http://apsed4499/FacetsWebServiceLibrary/FaWsvcInpListClaim_v10.asmx" wsdlLocation=" http://apsed4499/FacetsWebServiceLibrary/FaWsvcInpListClaim_v10.asmx?WSDL" doc:name="Web Service Consumer"/>
    <ws:consumer-config name="Web_Service_Consumer1" service="WebSvcListClaim_v10" port="WebSvcListClaim_v10Soap" serviceAddress="http://apsed4499/FacetsWebServiceLibrary/FaWsvcInpListClaim_v10.asmx" wsdlLocation=" http://apsed4499/FacetsWebServiceLibrary/FaWsvcInpListClaim_v10.asmx?WSDL" doc:name="Web Service Consumer"/>
    <flow name="microservice_listmemberclaimstatus_info_mainFlow">
        <set-payload value="#[sessionVars.Input_SessionPayload]" doc:name="Set Payload"/>
        <byte-array-to-string-transformer doc:name="Byte Array to String"/>
        <set-session-variable variableName="Region" value="${Region}" doc:name="Region"/>
        <message-filter onUnaccepted="microservice_claimstatus_info_Schema_Error" doc:name="Validate Input Xml with Schema">
            <mulexml:schema-validation-filter schemaLocations="${ListMemberClaimStatusSchemaLocation}" returnResult="true"/>
        </message-filter>
        <db:select config-ref="Generic_Database_Configuration-Core" doc:name="Database">
            <db:parameterized-query><![CDATA[SELECT MEME_CK FROM
CMC_MEME_MEMBER
WHERE MEME_CK=#[sessionVars.MEME_CK]]]></db:parameterized-query>
        </db:select>
        <choice doc:name="Choice">
            <when expression="payload.size()&gt;0">
                <set-session-variable variableName="MEME_CK" value="#[payload[0].MEME_CK]" doc:name="MEME_CK"/>
                <flow-ref name="microservice_ClaimStatusInquiry_info_FXI_flow" doc:name="microservice_ClaimStatusInquiry_info_FXI_flow"/>
            </when>
            <otherwise>
               <!--   <set-payload doc:name="Set Payload"/> -->
                <set-session-variable variableName="App_Response" value="Member Key is incorrect" doc:name="App_Response"/>
                <set-session-variable variableName="App_ReturnCode" value="403" doc:name="App_ReturnCode"/>
                <dw:transform-message metadata:id="7d9df5c9-f702-421a-85ea-0dd6cc591915" doc:name="Transform Message">
                    <dw:set-payload><![CDATA[%dw 1.0
%output application/xml
---
{
	ListMemberClaimStatus_ByMemberKey: {
		Member_Key: sessionVars.MEME_CK,
		Subscriber_Id: sessionVars.SBSB_ID,
		Service_Dt : sessionVars.Service_Dt,
		ProviderTax_Id : '',
		Charge_Amt : '',
		AppResponse: sessionVars.App_Response,
		App_ReturnCode: sessionVars.App_ReturnCode,
		Member_Records: {
		}
	}
}]]></dw:set-payload>
                </dw:transform-message>
                <set-payload value="#[message.payload]" mimeType="application/xml" doc:name="Set Payload"/>
             
            </otherwise>
        </choice>
    </flow>
    <flow name="microservice_claimstatus_cdmlamt_flow">
        <db:select config-ref="Generic_Database_Configuration-Core" doc:name="Database">
            <db:parameterized-query><![CDATA[SELECT 
CLCL.CLCL_ID,
ROUND(SUM(CDML.CDML_ALLOW),2) AS CDML_ALLOW,
ROUND(SUM(CDML.CDML_DED_AMT),2) AS CDML_DED_AMT,
ROUND(SUM(CDML.CDML_COPAY_AMT),2) AS CDML_COPAY_AMT,
ROUND(SUM(CDML.CDML_PR_PYMT_AMT),2) AS CDML_PR_PYMT_AMT,
ROUND(SUM(CDML.CDML_SB_PYMT_AMT),2) AS CDML_SB_PYMT_AMT,
ROUND(SUM(CDML.CDML_PAID_AMT),2) AS CDML_PAID_AMT
FROM
CMC_CLCL_CLAIM AS CLCL 
INNER JOIN CMC_CDML_CL_LINE AS CDML ON CDML.CLCL_ID = CLCL.CLCL_ID
WHERE CLCL.CLCL_ID = #[payload.CLCL_ID]
GROUP BY CLCL.CLCL_ID]]></db:parameterized-query>

        </db:select>
        <choice doc:name="Choice">
            <when expression="payload.size() &gt;0">
                <dw:transform-message doc:name="Transform Message">
                    <dw:set-payload><![CDATA[%dw 1.0
%output application/xml
%type money = :number {format: '#.##'}
---
{
ClaimLineAmount : {
		MemberAllowed_Amt: payload[0].CDML_ALLOW as :money as :string {format: "0.00"},
		MemberApplied_Ded : payload[0].CDML_DED_AMT as :money as :string {format: "0.00"},
		MemberCopay_Amt : payload[0].CDML_COPAY_AMT as :money as :string {format: "0.00"},
		MemberTotalAmount_Paid: payload[0].CDML_PAID_AMT as :money as :string {format: "0.00"},
		MemberProvider_PaidAmount : payload[0].CDML_PR_PYMT_AMT as :money as :string {format: "0.00"},
		MemberInsured_PaidAmount: payload[0].CDML_SB_PYMT_AMT as :money as :string {format: "0.00"},
		MemberTotal_ProvPayment: payload[0].CDML_PR_PYMT_AMT as :money as :string {format: "0.00"},
		MemberTotal_InsPayment: payload[0].CDML_SB_PYMT_AMT as :money as :string {format: "0.00"}
	
		}
	}]]></dw:set-payload>
                </dw:transform-message>
                <logger message="#[payload]" level="INFO" doc:name="Logger"/>

            </when>
            <otherwise>
                <set-session-variable variableName="App_Response" value="Invalid Member Key" doc:name="App_Response"/>
                <set-session-variable variableName="App_ReturnCode" value="403" doc:name="App_ReturnCode" mimeType="application/xml"/>
                <dw:transform-message metadata:id="a5a09765-9fca-4f36-8b38-84186ed6aae0" doc:name="Transform Message">
                    <dw:set-payload><![CDATA[%dw 1.0
%output application/xml
---
{
ClaimLineAmount : {
		MemberAllowed_Amt: "0.00",
		MemberApplied_Ded : "0.00",
		MemberCopay_Amt : "0.00",
		MemberTotalAmount_Paid: "0.00",
		MemberProvider_PaidAmount : "0.00",
		MemberInsured_PaidAmount: "0.00",
		MemberTotal_ProvPayment: "0.00",
		MemberTotal_InsPayment: "0.00"
	
		}
	}
]]></dw:set-payload>
                </dw:transform-message>
                <set-payload value="#[message.payload]" mimeType="application/xml" doc:name="Set Payload"/>
            </otherwise>
        </choice>
    </flow>
    
    <flow name="microservice_claimstatus_prov_payee">
 <db:select config-ref="Generic_Database_Configuration-Core" doc:name="Database">
            <db:parameterized-query><![CDATA[SELECT
CLCL.CLCL_ID,
CLCK.CKPY_REF_ID,
CLCK.CLCK_PAYEE_IND,
CKCK.CKCK_PRINTED_DT as CKCK_PRINTED_DT,
CASE
WHEN CKCK.CKCK_CURR_STS IN ('03','04','05','X1','X2','X3','X4','X5')
THEN CONVERT(VARCHAR,CKCK.CKCK_CK_NO)
WHEN CKCK.CKCK_CURR_STS IN ('E1','E3','E4')
THEN 'EFT_TRANSMISSION'
END AS PROVIDER_DRAFT_NUMBER
FROM 
 CMC_CLCL_CLAIM AS CLCL
 INNER JOIN CMC_CLCK_CLM_CHECK AS CLCK ON CLCK.CLCL_ID = CLCL.CLCL_ID
    INNER JOIN (SELECT CKCK1.CKPY_REF_ID,CKCK1.CKCK_PRINTED_DT, CKCK1.CKCK_CURR_STS, CKCK1.CKCK_CK_NO FROM CMC_CKCK_CHECK CKCK1
            INNER JOIN (SELECT CKPY_REF_ID,MAX(CKCK_SEQ_NO) CKCK_SEQ_NO FROM CMC_CKCK_CHECK 
            GROUP BY CKPY_REF_ID) CKCK2 ON (CKCK1.CKPY_REF_ID=CKCK2.CKPY_REF_ID AND CKCK1.CKCK_SEQ_NO=CKCK2.CKCK_SEQ_NO)) CKCK 
	ON (CLCK.CKPY_REF_ID=CKCK.CKPY_REF_ID)
 WHERE CLCL.CLCL_ID =  #[payload.CLCL_ID]
 AND CLCK.CLCK_PAYEE_IND IN ('P')]]></db:parameterized-query>




        </db:select>


        <choice doc:name="Choice">
            <when expression="payload.size() &gt;0">

                <dw:transform-message doc:name="Transform Message">
                    <dw:set-payload><![CDATA[%dw 1.0
%output application/xml
%type money = :number {format: '#.##'}
---
{
ClaimProvPayee : {
		Payment_SentDt : payload[0].CKCK_PRINTED_DT as :datetime { format: "yyyy-MM-ddTHH:mm:ss" } as :string{format: "yyyy-MM-dd"} when payload[0].CKCK_PRINTED_DT != null otherwise '',
		EOB_MailedDt : payload[0].CKCK_PRINTED_DT as :datetime { format: "yyyy-MM-ddTHH:mm:ss" } as :string{format: "yyyy-MM-dd"} when payload[0].CKCK_PRINTED_DT != null otherwise '',
		Draft_Number : payload[0].PROVIDER_DRAFT_NUMBER
		}
	}]]></dw:set-payload>
                </dw:transform-message>
                <logger message="#[payload]" level="INFO" doc:name="Logger"/>

            </when>
            <otherwise>

                <dw:transform-message metadata:id="a5a09765-9fca-4f36-8b38-84186ed6aae0" doc:name="Transform Message">
                    <dw:set-payload><![CDATA[%dw 1.0
%output application/xml
---
{
ClaimProvPayee : {}
	}
]]></dw:set-payload>
                </dw:transform-message>
                <set-payload value="#[message.payload]" mimeType="application/xml" doc:name="Set Payload"/>
            </otherwise>
        </choice>
    </flow>
    
        <flow name="microservice_claimstatus_taxid">
 <db:select config-ref="Generic_Database_Configuration-Core" doc:name="Database">
            <db:parameterized-query><![CDATA[SELECT
CLCL.CLCL_ID,
PRPR.MCTN_ID AS PROVIDER_MCTN_ID
FROM 
 CMC_CLCL_CLAIM AS CLCL
 INNER JOIN CMC_PRPR_PROV AS PRPR ON PRPR.PRPR_ID = CLCL.PRPR_ID
 WHERE CLCL.CLCL_ID =  #[payload.CLCL_ID]]]></db:parameterized-query>




        </db:select>


        <choice doc:name="Choice">
            <when expression="payload.size() &gt;0">
                <set-payload value="#[payload[0].PROVIDER_MCTN_ID]" doc:name="Set Payload"/>
                <logger message="#[payload]" level="INFO" doc:name="Logger"/>


            </when>
            <otherwise>

                <set-payload value=" " mimeType="application/xml" doc:name="Set Payload"/>
            </otherwise>
        </choice>
    </flow>
        <flow name="microservice_claimstatus_remark">
 <db:select config-ref="Generic_Database_Configuration-Core" doc:name="Database">
            <db:parameterized-query><![CDATA[SELECT CASE 
WHEN LEN(EXCD_LONG_TEXT1) > 0 AND LEN(EXCD_LONG_TEXT2) > 0 
THEN CONCAT(EXCD_LONG_TEXT1,' ',EXCD_LONG_TEXT2)
WHEN LEN(EXCD_LONG_TEXT1) > 0 AND LEN(EXCD_LONG_TEXT2) = 0 
THEN EXCD_LONG_TEXT1
WHEN LEN(EXCD_LONG_TEXT1) = 0 AND LEN(EXCD_LONG_TEXT2) > 0 
THEN EXCD_LONG_TEXT2 ELSE ''
END as REMARK_TEXT,LTRIM(RTRIM(CLCL_EOB_EXCD_ID)) as REMARK_CD FROM CMC_CLCL_CLAIM CLCL,
CMC_EXCD_EXPL_CD EXCD
WHERE LTRIM(RTRIM(CLCL.CLCL_EOB_EXCD_ID)) <> ''
AND EXCD.EXCD_ID = CLCL.CLCL_EOB_EXCD_ID
AND CLCL.CLCL_EOB_EXCD_ID = #[payload.EXCD_ID]
AND CLCL.CLCL_ID =  #[payload.CLCL_ID]]]></db:parameterized-query>





        </db:select>


        <choice doc:name="Choice">
            <when expression="payload.size() &gt;0">
                <set-payload value="#[payload[0].REMARK_TEXT]" doc:name="Set Payload"/>
                <logger message="REMARK_TEXT :: #[payload]" level="INFO" doc:name="Logger"/>


            </when>
            <otherwise>

                <set-payload value=" " mimeType="application/xml" doc:name="Set Payload"/>
            </otherwise>
        </choice>
    </flow>

    <flow name="microservice_claimstatus_mem_payee">
 <db:select config-ref="Generic_Database_Configuration-Core" doc:name="Database">
            <db:parameterized-query><![CDATA[SELECT
CLCL.CLCL_ID,
CLCK.CKPY_REF_ID,
CLCK.CLCK_PAYEE_IND,
CKCK.CKCK_PRINTED_DT as CKCK_PRINTED_DT,
CASE
WHEN CKCK.CKCK_CURR_STS IN ('03','04','05','X1','X2','X3','X4','X5')
THEN CONVERT(VARCHAR,CKCK.CKCK_CK_NO)
WHEN CKCK.CKCK_CURR_STS IN ('E1','E3','E4')
THEN 'EFT_TRANSMISSION'
END AS MEMBER_DRAFT_NUMBER
FROM 
 CMC_CLCL_CLAIM AS CLCL
 INNER JOIN CMC_CLCK_CLM_CHECK AS CLCK ON CLCK.CLCL_ID = CLCL.CLCL_ID
 INNER JOIN (SELECT CKCK1.CKPY_REF_ID,CKCK1.CKCK_PRINTED_DT, CKCK1.CKCK_CURR_STS, CKCK1.CKCK_CK_NO FROM CMC_CKCK_CHECK CKCK1
            INNER JOIN (SELECT CKPY_REF_ID,MAX(CKCK_SEQ_NO) CKCK_SEQ_NO FROM CMC_CKCK_CHECK 
            GROUP BY CKPY_REF_ID) CKCK2 ON (CKCK1.CKPY_REF_ID=CKCK2.CKPY_REF_ID AND CKCK1.CKCK_SEQ_NO=CKCK2.CKCK_SEQ_NO)) CKCK 
	ON (CLCK.CKPY_REF_ID=CKCK.CKPY_REF_ID)
 WHERE CLCL.CLCL_ID =  #[payload.CLCL_ID]
 AND CLCK.CLCK_PAYEE_IND IN ('S')]]></db:parameterized-query>





        </db:select>


        <choice doc:name="Choice">
            <when expression="payload.size() &gt;0">

                <dw:transform-message doc:name="Transform Message">
                    <dw:set-payload><![CDATA[%dw 1.0
%output application/xml
%type money = :number {format: '#.##'}
---
{
ClaimMemPayee : {
		Payment_SentDt : payload[0].CKCK_PRINTED_DT as :datetime { format: "yyyy-MM-ddTHH:mm:ss" } as :string{format: "yyyy-MM-dd"} when payload[0].CKCK_PRINTED_DT != null otherwise '',
		EOB_MailedDt : payload[0].CKCK_PRINTED_DT as :datetime { format: "yyyy-MM-ddTHH:mm:ss" } as :string{format: "yyyy-MM-dd"} when payload[0].CKCK_PRINTED_DT != null otherwise '',
		Draft_Number : payload[0].MEMBER_DRAFT_NUMBER
		}
	}]]></dw:set-payload>
                </dw:transform-message>
                <logger message="#[payload]" level="INFO" doc:name="Logger"/>

            </when>
            <otherwise>

                <dw:transform-message metadata:id="a5a09765-9fca-4f36-8b38-84186ed6aae0" doc:name="Transform Message">
                    <dw:set-payload><![CDATA[%dw 1.0
%output application/xml
---
{
ClaimMemPayee : {}
	}
]]></dw:set-payload>
                </dw:transform-message>
                <set-payload value="#[message.payload]" mimeType="application/xml" doc:name="Set Payload"/>
            </otherwise>
        </choice>
    </flow>

    <flow name="microservice_ClaimStatusInquiry_info_FXI_flow">
        <set-payload value="#[sessionVars.Input_SessionPayload]" doc:name="Set Payload"/>
        <byte-array-to-string-transformer doc:name="Byte Array to String"/>
        <dw:transform-message metadata:id="318e0b5e-df51-4e9a-9fcf-0e20281e9c55" doc:name="Transform Message">
            <dw:input-session-variable mimeType="application/java" variableName="Region"/>
            <dw:input-session-variable mimeType="application/java" variableName="EXTU_ID"/>
            <dw:input-session-variable mimeType="application/java" variableName="MEME_CK"/>
            <dw:input-session-variable mimeType="application/java" variableName="Service_Dt"/>
            <dw:set-payload><![CDATA[%dw 1.0
%output application/xml
%namespace ns0 http://trizetto.com/fxi/isl/FaWsvcInpListClaim_v10
---
{
	ns0#ListClaim_v10_MemberKey: {
		ns0#pConfig: {
			ns0#FacetsIdentity: sessionVars.EXTU_ID,
			ns0#Region: sessionVars.Region
		},
		ns0#pMEME_CK: sessionVars.MEME_CK,
		ns0#pCLCL_LOW_SVC_DT: sessionVars.Service_Dt,
		ns0#pCLCL_HIGH_SVC_DT: '1753-01-01',
		ns0#pCLCL_CL_TYPE:'M',
		ns0#pMAX_NUM_RECS:'100',
		ns0#pPAGE:'1',
		ns0#pPAGESIZE:'100',
		ns0#pSKIPROWS:'0'
	}
}]]></dw:set-payload>
        </dw:transform-message>

        <byte-array-to-string-transformer doc:name="Byte Array to String"/>
        <expression-transformer expression="#[payload.replaceAll('&lt;ListClaim_v10_MemberKey&gt;','&lt;ListClaim_v10_MemberKey xmlns=&quot;http://trizetto.com/fxi/isl/FaWsvcInpListClaim_v10&quot;&gt;')]" doc:name="Expression"/>

        <ws:consumer config-ref="Web_Service_Consumer_ListClaim_v10" operation="ListClaim_v10_MemberKey" doc:name="Web Service Consumer"/>
        <mulexml:dom-to-xml-transformer doc:name="DOM to XML"/>
        <set-variable variableName="SrchMEME_RESP" value="#[payload]" doc:name="SrchMEME_RESP"/>
        <expression-transformer mimeType="application/xml" expression="#[payload.replaceAll(' xmlns=&quot;http://trizetto.com/fxi/isl/FaWsvcInpListClaim_v10&quot;',' ')]" doc:name="Expression"/>
        <logger message="fXI :: #[payload]" level="INFO" doc:name="Logger"/>
        <choice doc:name="Choice">
            <when expression="#[xpath3('count(//ListClaim_v10_MemberKeyResponse/ListClaim_v10_MemberKeyResult/CLCL_COLL/REC_CLCL)') &gt;= 1]">
<!--                 <flow-ref name="microservice_claimstatus_cdmlamt_flow" doc:name="microservice_listmemberclaimstatus_ColumnFetch_flow"/> -->

                <set-payload value="#[flowVars.SrchMEME_RESP]" mimeType="application/xml" doc:name="Set Payload"/>
                <logger message="#[sessionVars.ChargeAmt]" level="INFO" doc:name="Logger"/>
                <choice doc:name="Choice">
                    <when expression="sessionVars.ChargeAmt != 'null'">
                        <dw:transform-message doc:name="Transform Message" metadata:id="4e132820-2326-4625-ac74-1e07499750d7">
                            <dw:input-payload mimeType="application/xml"/>
                            <dw:input-variable mimeType="application/java" variableName="CDML_ALLOW"/>
                            <dw:input-variable mimeType="application/java" variableName="SrchMEME_RESP"/>
                            <dw:set-payload><![CDATA[%dw 1.0
%output application/xml
%type money = :number {format: '#.##'}
%namespace ns0 http://trizetto.com/fxi/isl/FaWsvcInpListClaim_v10
---
{
	ListMemberClaimStatus_ByMemberKeyResponse: {
		Subscriber_Id: payload.ns0#ListClaim_v10_MemberKeyResponse.ns0#ListClaim_v10_MemberKeyResult.ns0#CLCL_COLL.ns0#REC_CLCL.ns0#SBSB_ID,
		Member_Key: sessionVars.MEME_CK,
		Service_Dt: sessionVars.Service_Dt,
		ProviderTax_Id: sessionVars.ProvTaxId when sessionVars.ProvTaxId !='null' otherwise '',
		Charge_Amt : sessionVars.ChargeAmt when sessionVars.ChargeAmt !=null otherwise '',
		AppResponse: 'Claims Information Returned Successfully',
		AppReturn_Code: '200',
		Member_Records: {
			(payload.ns0#ListClaim_v10_MemberKeyResponse.ns0#ListClaim_v10_MemberKeyResult.ns0#CLCL_COLL.*ns0#REC_CLCL filter ($.ns0#CLCL_LOW_SVC_DT == (sessionVars.Service_Dt ++ 'T00:00:00')) map ((rECCLCL , indexOfRECCLCL)  -> {
				MemberClaims_Information: {
					MemberClaim_Id: rECCLCL.ns0#CLCL_ID,
					MemberClaim_Status: rECCLCL.ns0#CLCL_CUR_STS,
					MemberClaimStatus_Desc: rECCLCL.ns0#CLCL_CUR_STS_DESC,
					MemberProduct_Id: rECCLCL.ns0#PDPD_ID,
					MemberProduct_Desc: rECCLCL.ns0#PLDS_DESC when rECCLCL.ns0#PLDS_DESC != null otherwise '',
					MemberDOS_Low: rECCLCL.ns0#CLCL_LOW_SVC_DT as :date when rECCLCL.ns0#CLCL_LOW_SVC_DT != null otherwise '',
					MemberDOS_High: rECCLCL.ns0#CLCL_HIGH_SVC_DT as :date when rECCLCL.ns0#CLCL_HIGH_SVC_DT != null otherwise '',
					MemberCharge_Amt: rECCLCL.ns0#CLCL_TOT_CHG as :money as :string {format: "0.00"} when rECCLCL.ns0#CLCL_TOT_CHG != null otherwise '',
					MemberRepriced_Amt: rECCLCL.ns0#CLCL_TOT_PAYABLE as :money as :string {format: "0.00"} when rECCLCL.ns0#CLCL_TOT_PAYABLE != null otherwise '',
                    MemberClaim_RemarkCD :rECCLCL.ns0#CLCL_EOB_EXCD_ID when rECCLCL.ns0#CLCL_EOB_EXCD_ID != null otherwise '',
                    MemberClaim_RemarkDesc :lookup("microservice_claimstatus_remark",{EXCD_ID:rECCLCL.ns0#CLCL_EOB_EXCD_ID,CLCL_ID:rECCLCL.ns0#CLCL_ID}) when rECCLCL.ns0#CLCL_EOB_EXCD_ID != null otherwise '',
					MemberReason_Code: rECCLCL.ns0#CLST_MCTR_REAS when rECCLCL.ns0#CLST_MCTR_REAS != null otherwise '',
					MemberReason_Desc: rECCLCL.ns0#CLST_MCTR_REAS_DESC when rECCLCL.ns0#CLST_MCTR_REAS_DESC != null otherwise '',
					MemberClaim_ProcessDt: rECCLCL.ns0#CLST_STS_DTM as :date when rECCLCL.ns0#CLST_STS_DTM  != null otherwise '',
					MemberTotalAmount_Payable: rECCLCL.ns0#CLCL_TOT_PAYABLE as :money as :string {format: "0.00"} when rECCLCL.ns0#CLCL_TOT_PAYABLE != null otherwise '',
					MemberPatient_LiabilityAmount: rECCLCL.ns0#CLCL_PA_PAID_AMT as :money as :string {format: "0.00"} when rECCLCL.ns0#CLCL_PA_PAID_AMT != null otherwise '',
					MemberProvider_TaxId : lookup("microservice_claimstatus_taxid",{CLCL_ID:rECCLCL.ns0#CLCL_ID}),
					MemberAmount_Information: lookup("microservice_claimstatus_cdmlamt_flow",{CLCL_ID:rECCLCL.ns0#CLCL_ID}).ClaimLineAmount,
					ProviderPayment_Information : lookup("microservice_claimstatus_prov_payee",{CLCL_ID:rECCLCL.ns0#CLCL_ID}).ClaimProvPayee,
					MemberPayment_Information : lookup("microservice_claimstatus_mem_payee",{CLCL_ID:rECCLCL.ns0#CLCL_ID}).ClaimMemPayee
				}
     	 when (rECCLCL.ns0#CLCL_TOT_CHG  == (sessionVars.ChargeAmt ++ '00')  and rECCLCL.ns0#CLCL_LOW_SVC_DT  == (sessionVars.Service_Dt ++ 'T00:00:00'))
		otherwise {}
			}))

		}
	}  when payload.ns0#ListClaim_v10_MemberKeyResponse.ns0#ListClaim_v10_MemberKeyResult.ns0#AppReturnCode == '0'
	
	otherwise
	{
		Subscriber_Id: sessionVars.SBSB_ID,
		Member_Key: sessionVars.MEME_CK,
		Service_Dt: sessionVars.Service_Dt,
		ProviderTax_Id: sessionVars.ProvTaxId when sessionVars.ProvTaxId !=null otherwise '',
		Charge_Amount : sessionVars.ChargeAmt when sessionVars.ChargeAmt !=null otherwise '',
		AppResponse: payload.ns0#ListClaim_v10_MemberKeyResponse.ns0#ListClaim_v10_MemberKeyResult.ns0#AppErrors.ns0#REC_ERR.ns0#ERR_MSG_USER,
		AppReturn_Code: '601',
		Member_Records: {}
	}
}]]></dw:set-payload>
                        </dw:transform-message>
                    </when>
                    <otherwise>

                                                <dw:transform-message doc:name="Transform Message" metadata:id="4e132820-2326-4625-ac74-1e07499750d7">
                            <dw:input-payload mimeType="application/xml"/>
                            <dw:input-variable mimeType="application/java" variableName="CDML_ALLOW"/>
                            <dw:input-variable mimeType="application/java" variableName="SrchMEME_RESP"/>
                            <dw:set-payload><![CDATA[%dw 1.0
%output application/xml
%type money = :number {format: '#.##'}
%namespace ns0 http://trizetto.com/fxi/isl/FaWsvcInpListClaim_v10
---
{
	ListMemberClaimStatus_ByMemberKeyResponse: {
		Subscriber_Id: payload.ns0#ListClaim_v10_MemberKeyResponse.ns0#ListClaim_v10_MemberKeyResult.ns0#CLCL_COLL.ns0#REC_CLCL.ns0#SBSB_ID,
		Member_Key: sessionVars.MEME_CK,
		Service_Dt: sessionVars.Service_Dt,
		ProviderTax_Id: sessionVars.ProvTaxId when sessionVars.ProvTaxId !='null' otherwise '',
		Charge_Amt : '',
		AppResponse: 'Claims Information Returned Successfully',
		AppReturn_Code: '200',
		Member_Records: {
			(payload.ns0#ListClaim_v10_MemberKeyResponse.ns0#ListClaim_v10_MemberKeyResult.ns0#CLCL_COLL.*ns0#REC_CLCL map ((rECCLCL , indexOfRECCLCL) -> {
				MemberClaims_Information: {
					MemberClaim_Id: rECCLCL.ns0#CLCL_ID,
					MemberClaim_Status: rECCLCL.ns0#CLCL_CUR_STS,
					MemberClaimStatus_Desc: rECCLCL.ns0#CLCL_CUR_STS_DESC,
					MemberProduct_Id: rECCLCL.ns0#PDPD_ID,
					MemberProduct_Desc: rECCLCL.ns0#PLDS_DESC when rECCLCL.ns0#PLDS_DESC != null otherwise '',
					MemberDOS_Low: rECCLCL.ns0#CLCL_LOW_SVC_DT as :date when rECCLCL.ns0#CLCL_LOW_SVC_DT != null otherwise '',
					MemberDOS_High: rECCLCL.ns0#CLCL_HIGH_SVC_DT as :date when rECCLCL.ns0#CLCL_HIGH_SVC_DT != null otherwise '',
					MemberCharge_Amt: rECCLCL.ns0#CLCL_TOT_CHG as :money as :string {format: "0.00"} when rECCLCL.ns0#CLCL_TOT_CHG != null otherwise '',
					MemberRepriced_Amt: rECCLCL.ns0#CLCL_TOT_PAYABLE as :money as :string {format: "0.00"} when rECCLCL.ns0#CLCL_TOT_PAYABLE != null otherwise '',
                    MemberClaim_RemarkCD :rECCLCL.ns0#CLCL_EOB_EXCD_ID when rECCLCL.ns0#CLCL_EOB_EXCD_ID != null otherwise '',
                    MemberClaim_RemarkDesc :lookup("microservice_claimstatus_remark",{EXCD_ID:rECCLCL.ns0#CLCL_EOB_EXCD_ID,CLCL_ID:rECCLCL.ns0#CLCL_ID}) when rECCLCL.ns0#CLCL_EOB_EXCD_ID != null otherwise '',
					MemberReason_Code: rECCLCL.ns0#CLST_MCTR_REAS when rECCLCL.ns0#CLST_MCTR_REAS != null otherwise '',
					MemberReason_Desc: rECCLCL.ns0#CLST_MCTR_REAS_DESC when rECCLCL.ns0#CLST_MCTR_REAS_DESC != null otherwise '',
					MemberClaim_ProcessDt: rECCLCL.ns0#CLST_STS_DTM as :date when rECCLCL.ns0#CLST_STS_DTM  != null otherwise '',
					MemberTotalAmount_Payable: rECCLCL.ns0#CLCL_TOT_PAYABLE as :money as :string {format: "0.00"} when rECCLCL.ns0#CLCL_TOT_PAYABLE != null otherwise '',
					MemberPatient_LiabilityAmount: rECCLCL.ns0#CLCL_PA_PAID_AMT as :money as :string {format: "0.00"} when rECCLCL.ns0#CLCL_PA_PAID_AMT != null otherwise '',
					MemberProvider_TaxId : lookup("microservice_claimstatus_taxid",{CLCL_ID:rECCLCL.ns0#CLCL_ID}),
					MemberAmount_Information: lookup("microservice_claimstatus_cdmlamt_flow",{CLCL_ID:rECCLCL.ns0#CLCL_ID}).ClaimLineAmount,
					ProviderPayment_Information : lookup("microservice_claimstatus_prov_payee",{CLCL_ID:rECCLCL.ns0#CLCL_ID}).ClaimProvPayee,
					MemberPayment_Information : lookup("microservice_claimstatus_mem_payee",{CLCL_ID:rECCLCL.ns0#CLCL_ID}).ClaimMemPayee
				}
     	 when (rECCLCL.ns0#CLCL_LOW_SVC_DT  == (sessionVars.Service_Dt ++ 'T00:00:00'))
		otherwise {}
			}))

		}
	}  when payload.ns0#ListClaim_v10_MemberKeyResponse.ns0#ListClaim_v10_MemberKeyResult.ns0#AppReturnCode == '0'
	
	otherwise
	{
		Subscriber_Id: sessionVars.SBSB_ID,
		Member_Key: sessionVars.MEME_CK,
		Service_Dt: sessionVars.Service_Dt,
		ProviderTax_Id: sessionVars.ProvTaxId when sessionVars.ProvTaxId !=null otherwise '',
		Charge_Amount : sessionVars.ChargeAmt when sessionVars.ChargeAmt !=null otherwise '',
		AppResponse: payload.ns0#ListClaim_v10_MemberKeyResponse.ns0#ListClaim_v10_MemberKeyResult.ns0#AppErrors.ns0#REC_ERR.ns0#ERR_MSG_USER,
		AppReturn_Code: '601',
		Member_Records: {}
	}
}]]></dw:set-payload>
                        </dw:transform-message>
                    </otherwise>
                </choice>
                <byte-array-to-string-transformer doc:name="Byte Array to String"/>
                <logger message="After DOS,AMt Check :: #[payload] :: #[sessionVars.ProvTaxId]" level="INFO" doc:name="Logger"/>
               <choice doc:name="Choice">
                    <when expression="(sessionVars.ProvTaxId !='null')">
                        <logger message="in main loop" level="INFO" doc:name="Logger"/>
                        <dw:transform-message doc:name="Transform Message" metadata:id="4e132820-2326-4625-ac74-1e07499750d7">
                            <dw:input-payload mimeType="application/xml"/>
                            <dw:input-variable mimeType="application/java" variableName="CDML_ALLOW"/>
                            <dw:input-variable mimeType="application/java" variableName="SrchMEME_RESP"/>
                            <dw:set-payload><![CDATA[%dw 1.0
%output application/xml
%type money = :number {format: '#.##'}
%namespace ns0 http://trizetto.com/fxi/isl/FaWsvcInpListClaim_v10
---
{
	ListMemberClaimStatus_ByMemberKeyResponse: {
		Subscriber_Id: payload.ListMemberClaimStatus_ByMemberKeyResponse.Subscriber_Id,
		Member_Key: payload.ListMemberClaimStatus_ByMemberKeyResponse.Member_Key,
		Service_Dt: payload.ListMemberClaimStatus_ByMemberKeyResponse.Service_Dt,
		ProviderTax_Id: payload.ListMemberClaimStatus_ByMemberKeyResponse.ProviderTax_Id,
		Charge_Amt: payload.ListMemberClaimStatus_ByMemberKeyResponse.Charge_Amt,
		AppResponse: payload.ListMemberClaimStatus_ByMemberKeyResponse.AppResponse,
		AppReturn_Code: payload.ListMemberClaimStatus_ByMemberKeyResponse.AppReturn_Code,
		Member_Records: {
			(payload.ListMemberClaimStatus_ByMemberKeyResponse.Member_Records.*MemberClaims_Information filter ($.MemberClaim_Id != null and $.MemberProvider_TaxId == (sessionVars.ProvTaxId)) map ((memberClaimsInformation , indexOfMemberClaimsInformation) -> {
				MemberClaims_Information: {
					MemberClaim_Id: memberClaimsInformation.MemberClaim_Id as :string,
					MemberClaim_Status: memberClaimsInformation.MemberClaim_Status as :string,
					MemberClaimStatus_Desc: memberClaimsInformation.MemberClaimStatus_Desc,
					MemberProduct_Id: memberClaimsInformation.MemberProduct_Id,
					MemberProduct_Desc: memberClaimsInformation.MemberProduct_Desc,
					MemberDOS_Low: memberClaimsInformation.MemberDOS_Low,
					MemberDOS_High: memberClaimsInformation.MemberDOS_High,
					MemberClaim_ProcessDt: memberClaimsInformation.MemberClaim_ProcessDt,
					MemberProvider_TaxId: memberClaimsInformation.MemberProvider_TaxId as :string,
					MemberClaim_RemarkCD: memberClaimsInformation.MemberClaim_RemarkCD when memberClaimsInformation.MemberClaim_RemarkCD != null otherwise '',
					MemberClaim_RemarkDesc: memberClaimsInformation.MemberClaim_RemarkDesc when memberClaimsInformation.MemberClaim_RemarkDesc != null otherwise '',
					MemberClaim_ReasonCD: memberClaimsInformation.MemberClaim_ReasonCD when memberClaimsInformation.MemberClaim_ReasonCD != null otherwise '',
					MemberClaim_ReasonDesc: memberClaimsInformation.MemberClaim_ReasonDesc when memberClaimsInformation.MemberClaim_ReasonDesc != null otherwise '',
					MemberClaim_AmountInfo: {
						MemberCharge_Amt: memberClaimsInformation.MemberCharge_Amt,
						MemberAllowed_Amt: memberClaimsInformation.MemberAmount_Information.MemberAllowed_Amt,
						MemberRepriced_Amt: memberClaimsInformation.MemberRepriced_Amt,
						MemberApplied_Ded: memberClaimsInformation.MemberAmount_Information.MemberApplied_Ded,
						MemberCopay_Amt: memberClaimsInformation.MemberAmount_Information.MemberCopay_Amt,
						MemberPatient_LiabilityAmount: memberClaimsInformation.MemberPatient_LiabilityAmount,
						MemberTotalAmount_Payable: memberClaimsInformation.MemberTotalAmount_Payable,
						MemberTotalAmount_Paid: memberClaimsInformation.MemberAmount_Information.MemberTotalAmount_Paid,
						MemberProvider_PaidAmount: memberClaimsInformation.MemberAmount_Information.MemberProvider_PaidAmount,
						MemberInsured_PaidAmount: memberClaimsInformation.MemberAmount_Information.MemberInsured_PaidAmount,
						MemberTotal_ProvPayment: memberClaimsInformation.MemberAmount_Information.MemberTotal_ProvPayment,
						MemberTotal_InsPayment: memberClaimsInformation.MemberAmount_Information.MemberTotal_InsPayment
					},
					ProviderPayment_Info: {
						Payment_SentDt: memberClaimsInformation.ProviderPayment_Information.Payment_SentDt,
						EOB_MailedDt: memberClaimsInformation.ProviderPayment_Information.EOB_MailedDt,
						Draft_Number: memberClaimsInformation.ProviderPayment_Information.Draft_Number
					} when memberClaimsInformation.ProviderPayment_Information.Payment_SentDt != null otherwise '',
					MemberPayment_Info: {
						Payment_SentDt: memberClaimsInformation.MemberPayment_Information.Payment_SentDt,
						EOB_MailedDt: memberClaimsInformation.MemberPayment_Information.EOB_MailedDt,
						Draft_Number: memberClaimsInformation.MemberPayment_Information.Draft_Number
					} when memberClaimsInformation.MemberPayment_Information.Payment_SentDt != null otherwise ''
				}  when (memberClaimsInformation.MemberProvider_TaxId == (sessionVars.ProvTaxId) and memberClaimsInformation.MemberClaim_Id != null) otherwise {}
				
			}))
		}		
	}
}]]></dw:set-payload>
                        </dw:transform-message>
                    </when>
                    <otherwise>
                        <logger message="no tax loop" level="INFO" doc:name="Logger"/>

                                                <dw:transform-message doc:name="Transform Message" metadata:id="4e132820-2326-4625-ac74-1e07499750d7">
                            <dw:input-payload mimeType="application/xml"/>
                            <dw:input-variable mimeType="application/java" variableName="CDML_ALLOW"/>
                            <dw:input-variable mimeType="application/java" variableName="SrchMEME_RESP"/>
                            <dw:set-payload><![CDATA[%dw 1.0
%output application/xml
%type money = :number {format: '#.##'}
%namespace ns0 http://trizetto.com/fxi/isl/FaWsvcInpListClaim_v10
---
{
	ListMemberClaimStatus_ByMemberKeyResponse: {
		Subscriber_Id: payload.ListMemberClaimStatus_ByMemberKeyResponse.Subscriber_Id,
		Member_Key: payload.ListMemberClaimStatus_ByMemberKeyResponse.Member_Key,
		Service_Dt: payload.ListMemberClaimStatus_ByMemberKeyResponse.Service_Dt,
		ProviderTax_Id: payload.ListMemberClaimStatus_ByMemberKeyResponse.ProviderTax_Id,
		Charge_Amt: payload.ListMemberClaimStatus_ByMemberKeyResponse.Charge_Amt,
		AppResponse: payload.ListMemberClaimStatus_ByMemberKeyResponse.AppResponse,
		AppReturn_Code: payload.ListMemberClaimStatus_ByMemberKeyResponse.AppReturn_Code,
		Member_Records: {
			(payload.ListMemberClaimStatus_ByMemberKeyResponse.Member_Records.*MemberClaims_Information filter ($.MemberClaim_Id != null) map ((memberClaimsInformation , indexOfMemberClaimsInformation) -> {
				MemberClaims_Information: {
					MemberClaim_Id: memberClaimsInformation.MemberClaim_Id as :string,
					MemberClaim_Status: memberClaimsInformation.MemberClaim_Status as :string,
					MemberClaimStatus_Desc: memberClaimsInformation.MemberClaimStatus_Desc,
					MemberProduct_Id: memberClaimsInformation.MemberProduct_Id,
					MemberProduct_Desc: memberClaimsInformation.MemberProduct_Desc,
					MemberDOS_Low: memberClaimsInformation.MemberDOS_Low,
					MemberDOS_High: memberClaimsInformation.MemberDOS_High,
					MemberClaim_ProcessDt: memberClaimsInformation.MemberClaim_ProcessDt,
					MemberProvider_TaxId: memberClaimsInformation.MemberProvider_TaxId as :string,
					MemberClaim_RemarkCD: memberClaimsInformation.MemberClaim_RemarkCD when memberClaimsInformation.MemberClaim_RemarkCD != null otherwise '',
					MemberClaim_RemarkDesc: memberClaimsInformation.MemberClaim_RemarkDesc when memberClaimsInformation.MemberClaim_RemarkDesc != null otherwise '',
					MemberClaim_ReasonCD: memberClaimsInformation.MemberClaim_ReasonCD when memberClaimsInformation.MemberClaim_ReasonCD != null otherwise '',
					MemberClaim_ReasonDesc: memberClaimsInformation.MemberClaim_ReasonDesc when memberClaimsInformation.MemberClaim_ReasonDesc != null otherwise '',
					MemberClaim_AmountInfo: {
						MemberCharge_Amt: memberClaimsInformation.MemberCharge_Amt,
						MemberAllowed_Amt: memberClaimsInformation.MemberAmount_Information.MemberAllowed_Amt,
						MemberRepriced_Amt: memberClaimsInformation.MemberRepriced_Amt,
						MemberApplied_Ded: memberClaimsInformation.MemberAmount_Information.MemberApplied_Ded,
						MemberCopay_Amt: memberClaimsInformation.MemberAmount_Information.MemberCopay_Amt,
						MemberPatient_LiabilityAmount: memberClaimsInformation.MemberPatient_LiabilityAmount,
						MemberTotalAmount_Payable: memberClaimsInformation.MemberTotalAmount_Payable,
						MemberTotalAmount_Paid: memberClaimsInformation.MemberAmount_Information.MemberTotalAmount_Paid,
						MemberProvider_PaidAmount: memberClaimsInformation.MemberAmount_Information.MemberProvider_PaidAmount,
						MemberInsured_PaidAmount: memberClaimsInformation.MemberAmount_Information.MemberInsured_PaidAmount,
						MemberTotal_ProvPayment: memberClaimsInformation.MemberAmount_Information.MemberTotal_ProvPayment,
						MemberTotal_InsPayment: memberClaimsInformation.MemberAmount_Information.MemberTotal_InsPayment
					},
					ProviderPayment_Info: {
						Payment_SentDt: memberClaimsInformation.ProviderPayment_Information.Payment_SentDt,
						EOB_MailedDt: memberClaimsInformation.ProviderPayment_Information.EOB_MailedDt,
						Draft_Number: memberClaimsInformation.ProviderPayment_Information.Draft_Number
					} when memberClaimsInformation.ProviderPayment_Information.Payment_SentDt != null otherwise '',
					MemberPayment_Info: {
						Payment_SentDt: memberClaimsInformation.MemberPayment_Information.Payment_SentDt ,
						EOB_MailedDt: memberClaimsInformation.MemberPayment_Information.EOB_MailedDt,
						Draft_Number: memberClaimsInformation.MemberPayment_Information.Draft_Number
					} when memberClaimsInformation.MemberPayment_Information.Payment_SentDt != null otherwise ''
				}  	 when (memberClaimsInformation.MemberClaim_Id !=null)
otherwise {}
				
			}))
		}
		
	}
}
]]></dw:set-payload>
                        </dw:transform-message>
                    </otherwise>
                </choice>


                <set-payload value="#[message.payload]" mimeType="application/xml" doc:name="Set Payload"/>
            </when>
            <otherwise>
                <set-payload value="#[message.payload]" mimeType="application/xml" doc:name="Set Payload"/>
                <set-session-variable variableName="App_Response" value="Payload is not available - Service Date is incorrect" doc:name="App_Response"/>
                <set-session-variable variableName="App_ReturnCode" value="402" doc:name="App_ReturnCode"/>
                <dw:transform-message metadata:id="4f5487ee-90e8-4e2d-83cf-217bf6549d6c" doc:name="Transform Message">
                    <dw:set-payload><![CDATA[%dw 1.0
%output application/xml
---
{
	ListMemberClaimStatus_ByMemberKey: {
		Member_Key: sessionVars.MEME_CK,
		Subscriber_Id: sessionVars.SBSB_ID,
		Service_Dt : sessionVars.Service_Dt,
		ProviderTax_Id : '',
		Charge_Amt : '',
		App_Response: sessionVars.App_Response,
		App_ReturnCode: sessionVars.App_ReturnCode,
		Member_Records: {
		}
	}
}]]></dw:set-payload>
                </dw:transform-message>
                <set-payload value="#[message.payload]" mimeType="application/xml" doc:name="Set Payload"/>
            </otherwise>
        </choice>
        <exception-strategy ref="microservice_facets_claim_status_global-config_Catch_Exception_Strategy" doc:name="Reference Exception Strategy"/>

    </flow>
    <flow name="microservice_claimstatus_info_Schema_Error">
        <set-payload value="#[message.payload]" mimeType="application/xml" doc:name="Set Payload"/>
        <set-variable variableName="AppResponse" value="Bad Request" doc:name="AppResponse"/>
        <set-variable variableName="AppReturn_Code" value="401" doc:name="AppReturn_Code"/>
        <dw:transform-message metadata:id="10efe00a-baf9-46e4-a568-ae72c5cf9878" doc:name="Transform Message">
            <dw:set-payload><![CDATA[%dw 1.0
%output application/xml
---
{
	ListMemberClaimStatus_ByMemberKey: {
	    Subscriber_Id: sessionVars.SBSB_ID,
		Member_Key: sessionVars.MEME_CK,
		Service_Dt: sessionVars.Service_Dt,
		ProviderTax_Id: sessionVars.ProvTaxId when sessionVars.ProvTaxId !=null otherwise '',
		Charge_Amount : sessionVars.ChargeAmt when sessionVars.ChargeAmt !=null otherwise '',
		AppResponse: flowVars.AppResponse,
		AppReturn_Code: flowVars.AppReturn_Code,
		Member_Records: {}
	}
}]]></dw:set-payload>
        </dw:transform-message>
        <set-payload value="#[message.payload]" mimeType="application/xml" doc:name="Set Payload"/>
    </flow>
</mule>
