<?xml version="1.0" encoding="UTF-8"?>

<mule xmlns:http="http://www.mulesoft.org/schema/mule/http"
	xmlns:dw="http://www.mulesoft.org/schema/mule/ee/dw" xmlns:db="http://www.mulesoft.org/schema/mule/db" xmlns:ws="http://www.mulesoft.org/schema/mule/ws" xmlns:metadata="http://www.mulesoft.org/schema/mule/metadata" xmlns:mulexml="http://www.mulesoft.org/schema/mule/xml" xmlns:tracking="http://www.mulesoft.org/schema/mule/ee/tracking" xmlns="http://www.mulesoft.org/schema/mule/core" xmlns:doc="http://www.mulesoft.org/schema/mule/documentation"
	xmlns:spring="http://www.springframework.org/schema/beans" 
	xmlns:xsi="http://www.w3.org/2001/XMLSchema-instance"
	xsi:schemaLocation="http://www.mulesoft.org/schema/mule/http http://www.mulesoft.org/schema/mule/http/current/mule-http.xsd
http://www.springframework.org/schema/beans http://www.springframework.org/schema/beans/spring-beans-current.xsd
http://www.mulesoft.org/schema/mule/core http://www.mulesoft.org/schema/mule/core/current/mule.xsd
http://www.mulesoft.org/schema/mule/db http://www.mulesoft.org/schema/mule/db/current/mule-db.xsd
http://www.mulesoft.org/schema/mule/ee/tracking http://www.mulesoft.org/schema/mule/ee/tracking/current/mule-tracking-ee.xsd
http://www.mulesoft.org/schema/mule/xml http://www.mulesoft.org/schema/mule/xml/current/mule-xml.xsd
http://www.mulesoft.org/schema/mule/ee/dw http://www.mulesoft.org/schema/mule/ee/dw/current/dw.xsd
http://www.mulesoft.org/schema/mule/ws http://www.mulesoft.org/schema/mule/ws/current/mule-ws.xsd">
    <flow name="microservice_listmemberclaim_info_mainFlow">
        <set-payload value="#[sessionVars.Input_SessionPayload]" doc:name="Set Payload"/>
        <byte-array-to-string-transformer doc:name="Byte Array to String" />
        <set-session-variable variableName="Region" value="${Region}" doc:name="Region"/>

        <message-filter onUnaccepted="microservice_listclaim_info_Schema_Error" doc:name="Validate Input Xml with Schema">
            <mulexml:schema-validation-filter schemaLocations="${ListClaimInfoSchemaLocation}" returnResult="true"/>
        </message-filter>

        <db:select config-ref="Generic_Database_Configuration-Core" doc:name="Database">
            <db:parameterized-query><![CDATA[SELECT SBSB_ID,SBSB_CK FROM
CMC_SBSB_SUBSC
WHERE SBSB_ID=#[sessionVars.SBSB_ID]]]></db:parameterized-query>

        </db:select>
        <choice doc:name="Choice">
            <when expression="payload.size()&gt;0">
                <set-variable variableName="SBSB_CK" value="#[payload[0].SBSB_CK]" doc:name="SBSB_CK"/>
                <flow-ref name="microservice_listclaim_info_FXI_flow" doc:name="microservice_listclaim_info_FXI_flow"/>
            </when>
            <otherwise>
                <set-payload value="#[message.payload]" mimeType="application/xml" doc:name="Set Payload"/>
                <set-session-variable variableName="App_Response" value="Invalid Subscriber Id" doc:name="App_Response"/>
                <set-session-variable variableName="App_ReturnCode" value="402" doc:name="App_ReturnCode"/>
                <dw:transform-message doc:name="Transform Message" metadata:id="89f1ae8f-f4cc-47e0-87df-13dad0ae89aa">
                    <dw:set-payload><![CDATA[%dw 1.0
%output application/xml
---
{
		ListMemberClaimInfo_BySubscriberIdResponse: {
		Subscriber_Id: sessionVars.SBSB_ID,
		Subscriber_NetworkId : '',
		Subscriber_NetworkName : '',
		AppResponse: sessionVars.App_Response,
		AppReturn_Code: sessionVars.App_ReturnCode,
        Member_Records:{}
	}
	
}]]></dw:set-payload>
                </dw:transform-message>
                <set-payload value="#[message.payload]" mimeType="application/xml" doc:name="Set Payload"/>
            </otherwise>
        </choice>
    </flow>
    <flow name="microservice_listclaim_nwnw_id_nameFlow">
        <db:select config-ref="Generic_Database_Configuration-Core" doc:name="Database">
            <db:parameterized-query><![CDATA[SELECT * FROM(
SELECT SBSB_ID,MEPE_ELIG_IND,MEPE.CSPI_ID,CSPI.NWST_PFX,MEPE_EFF_DT,MEPE_TERM_DT,
LTRIM(RTRIM(NWNW_NAME)) AS NWNW_NAME,LTRIM(RTRIM(NWNW.NWNW_ID)) AS NWNW_ID,
CASE WHEN MEPE.MEPE_ELIG_IND='Y' AND (row_number() over (partition by SBSB.SBSB_ID order by MEPE.MEPE_ELIG_IND desc ))=1 
THEN 'Yes'
WHEN MEPE.MEPE_ELIG_IND<>'Y' AND (row_number() over (partition by SBSB.SBSB_ID order by MEPE.MEPE_ELIG_IND desc, MEPE.MEPE_TERM_DT desc  ))=1 
THEN 'Yes' END AS INDEXES
FROM CMC_SBSB_SUBSC SBSB,CMC_MEME_MEMBER MEME, CMC_MEPE_PRCS_ELIG MEPE
,CMC_CSPI_CS_PLAN CSPI, CMC_NWST_NET_SET NWST,CMC_NWNW_NETWORK NWNW
WHERE SBSB_ID = #[sessionVars.SBSB_ID]
AND SBSB.SBSB_CK = MEME.SBSB_CK
AND MEME.MEME_CK = MEPE.MEME_CK
AND MEPE.CSPI_ID = CSPI.CSPI_ID
AND MEPE.CSPD_CAT = CSPI.CSPD_CAT
AND MEPE.CSCS_ID = CSPI.CSCS_ID
AND MEME.MEME_REL = 'M'
AND CSPI.NWST_PFX = NWST.NWST_PFX
AND NWNW.NWNW_ID = NWST.NWNW_ID
AND MEPE_TERM_DT BETWEEN CSPI_EFF_DT AND CSPI_TERM_DT) AS NEW
WHERE NEW.INDEXES IS NOT NULL]]></db:parameterized-query>


        </db:select>
        <choice doc:name="Choice">
            <when expression="payload.size()&gt;0">
                <set-variable variableName="NetworkId" value="#[payload[0].NWNW_ID]" doc:name="NetworkId"/>
                <set-variable variableName="NetworkName" value="#[payload[0].NWNW_NAME]" doc:name="NetworkName"/>
            </when>
            <otherwise>
                <set-variable variableName="NetworkId" value="" doc:name="NetworkId"/>
                <set-variable variableName="NetworkName" value="" doc:name="NetworkName"/>

            </otherwise>
        </choice>
    </flow>
    <flow name="microservice_listclaim_info_FXI_flow">
        <set-payload value="#[sessionVars.Input_SessionPayload]" doc:name="Set Payload"/>
        <byte-array-to-string-transformer doc:name="Byte Array to String"/>
        <dw:transform-message doc:name="Transform Message" metadata:id="e31f7710-a84e-478b-beec-bc1a6d108ee4">
            <dw:input-payload mimeType="application/xml"/>
            <dw:set-payload><![CDATA[%dw 1.0
%output application/xml
%namespace ns0 http://trizetto.com/fxi/isl/FaWsvcInpSearchMember_v3
---
{
	SearchMember_v3_SubscriberId: {
		pConfig: {
			FacetsIdentity: payload.ListMemberClaimInfo_BySubscriberId.pConfig.FacetsIdentity,
			Region: sessionVars.Region
		},
		
		pSBSB_ID: payload.ListMemberClaimInfo_BySubscriberId.Subscriber_Id as :string
	}
}]]></dw:set-payload>
        </dw:transform-message>
        <byte-array-to-string-transformer doc:name="Byte Array to String"/>
        <expression-transformer expression="#[payload.replaceAll('&lt;SearchMember_v3_SubscriberId&gt;','&lt;SearchMember_v3_SubscriberId xmlns=&quot;http://trizetto.com/fxi/isl/FaWsvcInpSearchMember_v3&quot;&gt;')]" doc:name="Expression"/>

        <ws:consumer config-ref="Web_Service_Consumer_SearchMember_v3" operation="SearchMember_v3_SubscriberId" doc:name="Web Service Consumer"/>
        <mulexml:dom-to-xml-transformer doc:name="DOM to XML"/>

        <set-variable variableName="SrchMEME_RESP" value="#[payload]" doc:name="SrchMEME_RESP"/>
        <expression-transformer mimeType="application/xml" expression="#[payload.replaceAll(' xmlns=&quot;http://trizetto.com/fxi/isl/FaWsvcInpSearchMember_v3&quot;',' ')]" doc:name="Expression"/>
        <choice doc:name="Choice">
            <when expression="#[xpath3('count(//SearchMember_v3_SubscriberIdResponse/SearchMember_v3_SubscriberIdResult/MEV0_COLL/REC_MEME)') &gt;= 1]">
                <flow-ref name="microservice_listclaim_nwnw_id_nameFlow" doc:name="microservice_listclaim_nwnw_id_nameFlow"/>
                <set-payload value="#[flowVars.SrchMEME_RESP]" mimeType="application/xml" doc:name="Set Payload"/>
                <choice doc:name="Choice">
                    <when expression="sessionVars.DOB == '1753-01-01'">
                        <dw:transform-message doc:name="Transform Message" metadata:id="2858bc24-ba96-4a1a-9337-c4ddad0455f1">
                            <dw:input-payload mimeType="application/xml"/>
                            <dw:set-payload><![CDATA[%dw 1.0
%output application/xml
%namespace ns0 http://trizetto.com/fxi/isl/FaWsvcInpSearchMember_v3
---
{
	ListMemberClaimInfo_BySubscriberIdResponse: {
		Subscriber_Id: payload.ns0#SearchMember_v3_SubscriberIdResponse.ns0#SearchMember_v3_SubscriberIdResult.ns0#MEV0_COLL.ns0#REC_MEME.ns0#SBSB_ID,
		Subscriber_NetworkId : flowVars.NetworkId,
		Subscriber_NetworkName : flowVars.NetworkName,
		AppResponse: 'Member Records Returned Successfully',
		AppReturn_Code : '200',
		Member_Records: {
			(payload.ns0#SearchMember_v3_SubscriberIdResponse.ns0#SearchMember_v3_SubscriberIdResult.ns0#MEV0_COLL.*ns0#REC_MEME map ((rECMEME , indexOfRECMEME) -> {
				Member_Information: {
					Member_ClaimCount : rECMEME.ns0#MEME_CK ++ '_COUNT',
					Member_ClaimIndicator : rECMEME.ns0#MEME_CK ++ '_IND',
					Member_Key: rECMEME.ns0#MEME_CK,
					Subscriber_Key: rECMEME.ns0#SBSB_CK,
					Group_Key: rECMEME.ns0#GRGR_CK,
					Member_Suffix: rECMEME.ns0#MEME_SFX,
					Relationship: rECMEME.ns0#MEME_REL,
					MemberRel_Desc: rECMEME.ns0#MCTR_REL_DESC,
					MemberID_Name: rECMEME.ns0#MEME_ID_NAME,
					MemberLast_Name: rECMEME.ns0#MEME_LAST_NAME,
					MemberFirst_Name: rECMEME.ns0#MEME_FIRST_NAME,
					Member_MidInitial: rECMEME.ns0#MEME_MID_INIT,
					Member_OrigEffDt: rECMEME.ns0#MEME_ORIG_EFF_DT as :date,
					Member_Gender: rECMEME.ns0#MEME_SEX,
					Member_GenderDesc: rECMEME.ns0#MEME_GENDER_DESC,
					Member_DOB: rECMEME.ns0#MEME_BIRTH_DT as :date,
					Member_TypeHome: rECMEME.ns0#SBAD_TYPE_HOME,
					Member_TypeMail: rECMEME.ns0#SBAD_TYPE_MAIL,
					Member_Addr1Home: rECMEME.ns0#SBAD_ADDR1_HOME,
					Member_Addr2Home: rECMEME.ns0#SBAD_ADDR2_HOME,
					Member_Addr3Home: rECMEME.ns0#SBAD_ADDR3_HOME,
					Member_CityHome: rECMEME.ns0#SBAD_CITY_HOME,
					Member_StateHome: rECMEME.ns0#SBAD_STATE_HOME,
					Member_ZipHome: rECMEME.ns0#SBAD_ZIP_HOME,
					Member_CountyHome: rECMEME.ns0#SBAD_COUNTY_HOME,
					Member_PhoneHome: rECMEME.ns0#SBAD_PHONE_HOME,
					Member_EmailHome: rECMEME.ns0#SBAD_EMAIL_HOME,
					Member_Addr1Mail: rECMEME.ns0#SBAD_ADDR1_MAIL,
					Member_Addr2Mail: rECMEME.ns0#SBAD_ADDR2_MAIL,
					Member_Addr3Mail: rECMEME.ns0#SBAD_ADDR3_MAIL,
					Member_CityMail: rECMEME.ns0#SBAD_CITY_MAIL,
					Member_StateMail: rECMEME.ns0#SBAD_STATE_MAIL,
					Member_ZipMail: rECMEME.ns0#SBAD_ZIP_MAIL,
					Member_CountyMail: rECMEME.ns0#SBAD_COUNTY_MAIL,
					Member_PhoneMail: rECMEME.ns0#SBAD_PHONE_MAIL,
					Member_EmailMail: rECMEME.ns0#SBAD_EMAIL_MAIL,
					Group_Id: rECMEME.ns0#GRGR_ID,
					Group_Name: rECMEME.ns0#GRGR_NAME,
					SubscriberLast_Name: rECMEME.ns0#SBSB_LAST_NAME,
					SubscriberFirst_Name: rECMEME.ns0#SBSB_FIRST_NAME,
					Subscriber_MidInitial: rECMEME.ns0#SBSB_MID_INIT,
					Subscriber_DOB: rECMEME.ns0#SBSB_MEME_BIRTH_DT as :date,
					Subscriber_Gender: rECMEME.ns0#SBSB_MEME_SEX
				}
			}))
		}
	} when payload.ns0#SearchMember_v3_SubscriberIdResponse.ns0#SearchMember_v3_SubscriberIdResult.ns0#AppReturnCode == '0'
	
	otherwise
	{
		Subscriber_Id: sessionVars.SBSB_ID,
		Subscriber_NetworkId : flowVars.NetworkId,
		Subscriber_NetworkName : flowVars.NetworkName,
		AppResponse: payload.ns0#SearchMember_v3_SubscriberIdResponse.ns0#SearchMember_v3_SubscriberIdResult.ns0#AppErrors.ns0#REC_ERR.ns0#ERR_MSG_USER,
		AppReturn_Code: '601',
		Member_Records: {
		}
	}
}]]></dw:set-payload>
                        </dw:transform-message>
                    </when>
                    <otherwise>
                        <dw:transform-message doc:name="Transform Message" metadata:id="0fa1c321-c069-42f6-845e-8b10fb1e29f1">
                            <dw:input-payload doc:sample="sample_data\SearchMember_v3_SubscriberIdResponse_2.xml" mimeType="application/xml"/>
                            <dw:input-session-variable mimeType="application/java" variableName="SBSB_ID"/>
                            <dw:input-session-variable mimeType="application/java" variableName="DOB"/>
                            <dw:set-payload><![CDATA[%dw 1.0
%output application/xml
%namespace ns0 http://trizetto.com/fxi/isl/FaWsvcInpSearchMember_v3
---
{
	ListMemberClaimInfo_BySubscriberIdResponse: {
		Subscriber_Id: payload.ns0#SearchMember_v3_SubscriberIdResponse.ns0#SearchMember_v3_SubscriberIdResult.ns0#MEV0_COLL.ns0#REC_MEME.ns0#SBSB_ID,
		Subscriber_NetworkId : flowVars.NetworkId,
		Subscriber_NetworkName : flowVars.NetworkName,
		AppResponse: 'Member Records Returned Successfully',
		AppReturn_Code : '200',
		Member_Records: {
			(payload.ns0#SearchMember_v3_SubscriberIdResponse.ns0#SearchMember_v3_SubscriberIdResult.ns0#MEV0_COLL.*ns0#REC_MEME map ((rECMEME , indexOfRECMEME) -> {
				Member_Information: {
					Member_ClaimCount : rECMEME.ns0#MEME_CK ++ '_COUNT',
					Member_ClaimIndicator : rECMEME.ns0#MEME_CK ++ '_IND',
					Member_Key: rECMEME.ns0#MEME_CK,
					Subscriber_Key: rECMEME.ns0#SBSB_CK,
					Group_Key: rECMEME.ns0#GRGR_CK,
					Member_Suffix: rECMEME.ns0#MEME_SFX,
					Relationship: rECMEME.ns0#MEME_REL,
					MemberRel_Desc: rECMEME.ns0#MCTR_REL_DESC,
					MemberID_Name: rECMEME.ns0#MEME_ID_NAME,
					MemberLast_Name: rECMEME.ns0#MEME_LAST_NAME,
					MemberFirst_Name: rECMEME.ns0#MEME_FIRST_NAME,
					Member_MidInitial: rECMEME.ns0#MEME_MID_INIT,
					Member_OrigEffDt: rECMEME.ns0#MEME_ORIG_EFF_DT as :date,
					Member_Gender: rECMEME.ns0#MEME_SEX,
					Member_GenderDesc: rECMEME.ns0#MEME_GENDER_DESC,
					Member_DOB: rECMEME.ns0#MEME_BIRTH_DT as :date,
					Member_TypeHome: rECMEME.ns0#SBAD_TYPE_HOME,
					Member_TypeMail: rECMEME.ns0#SBAD_TYPE_MAIL,
					Member_Addr1Home: rECMEME.ns0#SBAD_ADDR1_HOME,
					Member_Addr2Home: rECMEME.ns0#SBAD_ADDR2_HOME,
					Member_Addr3Home: rECMEME.ns0#SBAD_ADDR3_HOME,
					Member_CityHome: rECMEME.ns0#SBAD_CITY_HOME,
					Member_StateHome: rECMEME.ns0#SBAD_STATE_HOME,
					Member_ZipHome: rECMEME.ns0#SBAD_ZIP_HOME,
					Member_CountyHome: rECMEME.ns0#SBAD_COUNTY_HOME,
					Member_PhoneHome: rECMEME.ns0#SBAD_PHONE_HOME,
					Member_EmailHome: rECMEME.ns0#SBAD_EMAIL_HOME,
					Member_Addr1Mail: rECMEME.ns0#SBAD_ADDR1_MAIL,
					Member_Addr2Mail: rECMEME.ns0#SBAD_ADDR2_MAIL,
					Member_Addr3Mail: rECMEME.ns0#SBAD_ADDR3_MAIL,
					Member_CityMail: rECMEME.ns0#SBAD_CITY_MAIL,
					Member_StateMail: rECMEME.ns0#SBAD_STATE_MAIL,
					Member_ZipMail: rECMEME.ns0#SBAD_ZIP_MAIL,
					Member_CountyMail: rECMEME.ns0#SBAD_COUNTY_MAIL,
					Member_PhoneMail: rECMEME.ns0#SBAD_PHONE_MAIL,
					Member_EmailMail: rECMEME.ns0#SBAD_EMAIL_MAIL,
					Group_Id: rECMEME.ns0#GRGR_ID,
					Group_Name: rECMEME.ns0#GRGR_NAME,
					SubscriberLast_Name: rECMEME.ns0#SBSB_LAST_NAME,
					SubscriberFirst_Name: rECMEME.ns0#SBSB_FIRST_NAME,
					Subscriber_MidInitial: rECMEME.ns0#SBSB_MID_INIT,
					Subscriber_DOB: rECMEME.ns0#SBSB_MEME_BIRTH_DT as :date,
					Subscriber_Gender: rECMEME.ns0#SBSB_MEME_SEX
				} when rECMEME.ns0#MEME_BIRTH_DT  == (sessionVars.DOB ++ 'T00:00:00')
		otherwise {
				}
			}))
		}
	} when payload.ns0#SearchMember_v3_SubscriberIdResponse.ns0#SearchMember_v3_SubscriberIdResult.ns0#AppReturnCode == '0'
	
	otherwise
	{
		Subscriber_Id: sessionVars.SBSB_ID,
		Subscriber_NetworkId : flowVars.NetworkId,
		Subscriber_NetworkName : flowVars.NetworkName,
		AppResponse: payload.ns0#SearchMember_v3_SubscriberIdResponse.ns0#SearchMember_v3_SubscriberIdResult.ns0#AppErrors.ns0#REC_ERR.ns0#ERR_MSG_USER,
		AppReturn_Code: '601',
		Member_Records: {
		}
	}
}]]></dw:set-payload>
                        </dw:transform-message>
                    </otherwise>
                </choice>
            </when>
            <otherwise>
                <set-payload value="#[flowVars.SrchMEME_RESP]" mimeType="application/xml" doc:name="Set Payload"/>

                <dw:transform-message doc:name="Transform Message" metadata:id="fb0aa8a0-11b5-4994-927a-2f5a273326dd">
                    <dw:input-payload doc:sample="sample_data\GetPremiumInfo_BySubscriberIdResponse_3.xml" mimeType="application/xml"/>
                    <dw:input-variable doc:sample="sample_data\string_8.dwl" mimeType="application/java" variableName="MEPE_ELIG_IND"/>
                    <dw:input-variable doc:sample="sample_data\date_time_4.dwl" variableName="MEPE_TERM_DT"/>
                    <dw:input-variable doc:sample="sample_data\string_9.dwl" mimeType="application/java" variableName="SBAD_ZIP"/>
                    <dw:input-session-variable doc:sample="sample_data\string_10.dwl" mimeType="application/java" variableName="Group_Id"/>
                    <dw:input-session-variable doc:sample="sample_data\date_time_5.dwl" mimeType="application/java" variableName="Request_Date"/>
                    <dw:input-session-variable doc:sample="sample_data\string_11.dwl" mimeType="application/java" variableName="Subscriber_Id"/>
                    <dw:set-payload><![CDATA[%dw 1.0
%output application/xml
%namespace ns0 http://trizetto.com/fxi/isl/FaWsvcInpSearchMember_v3
---
{
	ListMemberClaimInfo_BySubscriberIdResponse: {
		Subscriber_Id: sessionVars.SBSB_ID,
		Subscriber_NetworkId : flowVars.NetworkId,
		Subscriber_NetworkName : flowVars.NetworkName,
		AppResponse: 'Member Info does not exists in Facets',
		AppReturn_Code: '455',
        Member_Records:{}
	} when payload.ns0#SearchMember_v3_SubscriberIdResponse.ns0#SearchMember_v3_SubscriberIdResult.ns0#AppReturnCode == '0'
	otherwise
	{
		Subscriber_Id: sessionVars.SBSB_ID,
		Subscriber_NetworkId : flowVars.NetworkId,
		Subscriber_NetworkName : flowVars.NetworkName,
		AppResponse: payload.ns0#SearchMember_v3_SubscriberIdResponse.ns0#SearchMember_v3_SubscriberIdResult.ns0#AppErrors.ns0#REC_ERR.ns0#ERR_MSG_USER,
		AppReturn_Code: '601',
        Member_Records:{}
	}
}
]]></dw:set-payload>
                </dw:transform-message>
            </otherwise>
        </choice>
        <byte-array-to-string-transformer mimeType="application/xml" doc:name="Byte Array to String"/>
        <expression-transformer expression="#[payload.replaceAll('&lt;Member_Information/&gt;','')]" doc:name="Expression"/>
        <set-payload value="#[message.payload]" mimeType="application/xml" doc:name="Set Payload"/>
        <set-session-variable variableName="OutPayload" value="#[payload]" mimeType="application/xml" doc:name="OutPayload"/>

        <choice doc:name="Choice">
            <when expression="#[xpath3('count(//ListMemberClaimInfo_BySubscriberIdResponse/Member_Records/Member_Information)') &gt;= 1]">
                <flow-ref name="microservice_listclaim_info_countFlow" doc:name="microservice_listclaim_info_countFlow"/>
                <set-payload value="#[sessionVars.OutPayload]" doc:name="Set Payload"/>
            </when>
            <otherwise>
                <dw:transform-message doc:name="Transform Message" metadata:id="5cae54c7-6363-4e80-b7f5-04c4be631ebb">
                    <dw:set-payload><![CDATA[%dw 1.0
%output application/xml
%namespace ns0 http://trizetto.com/fxi/isl/FaWsvcInpSearchMember_v3
---
{
	ListMemberClaimInfo_BySubscriberIdResponse: {
		Subscriber_Id: sessionVars.SBSB_ID,
		Subscriber_NetworkId : flowVars.NetworkId,
		Subscriber_NetworkName : flowVars.NetworkName,
		AppResponse: 'Member Info does not exists in Facets',
		AppReturn_Code: '455',
        Member_Records:{}
	}
}
]]></dw:set-payload>
                </dw:transform-message>
            </otherwise>
        </choice>
        <byte-array-to-string-transformer mimeType="application/xml" doc:name="Byte Array to String"/>

    </flow>
    <flow name="microservice_listclaim_info_countFlow">
        <splitter expression="#[xpath3('//ListMemberClaimInfo_BySubscriberIdResponse/Member_Records/Member_Information', message.payload, 'NODESET')]" doc:name="Splitter"/>
        <set-variable variableName="MemberCK" value="#[xpath3('Member_Key')]" doc:name="Variable"/>
        <db:select config-ref="Generic_Database_Configuration-Core" doc:name="Database">
            <db:parameterized-query><![CDATA[SELECT ISNULL(COUNT(1),0) AS CLAIM_COUNT,CLAIM_IND = ISNULL((CASE WHEN COUNT(1) > 0 THEN 'Y' ELSE 'N' END ),'N') FROM CMC_CLCL_CLAIM
WHERE MEME_CK = #[flowVars.MemberCK]]]></db:parameterized-query>

        </db:select>
        <choice doc:name="Choice">
            <when expression="payload.size()&gt;0">
                <set-variable variableName="CLAIM_COUNT" value="#[payload[0].CLAIM_COUNT]" doc:name="CLAIM_COUNT"/>
                <set-variable variableName="CLAIM_IND" value="#[payload[0].CLAIM_IND]" doc:name="CLAIM_IND"/>
            </when>
            <otherwise>
                <set-variable variableName="Default" value="Default" doc:name="Variable"/>
            </otherwise>
        </choice>
        <set-payload value="#[sessionVars.OutPayload]" doc:name="Set Payload"/>
        <expression-transformer expression="#[payload.replaceAll(flowVars.MemberCK + '_COUNT',flowVars.CLAIM_COUNT)]" doc:name="Expression"/>
        <expression-transformer expression="#[payload.replaceAll(flowVars.MemberCK + '_IND',flowVars.CLAIM_IND)]" doc:name="Expression"/>
        <set-session-variable variableName="OutPayload" value="#[payload]" doc:name="Session Variable"/>
    </flow>
    <flow name="microservice_listclaim_info_Schema_Error">
        <set-payload value="#[message.payload]" doc:name="Set Payload" mimeType="application/xml"/>
        <set-variable variableName="AppResponse" value="Bad Request" doc:name="AppResponse"/>
        <set-variable variableName="AppReturn_Code" value="401" doc:name="AppReturn_Code"/>
        <dw:transform-message doc:name="Transform Message" metadata:id="10efe00a-baf9-46e4-a568-ae72c5cf9878">
            <dw:set-payload><![CDATA[%dw 1.0
%output application/xml
---
{
	ListMemberClaimInfo_BySubscriberIdResponse: {
		Subscriber_Id: sessionVars.SBSB_ID,
		Subscriber_NetworkId : '',
		Subscriber_NetworkName : '',
		AppResponse: flowVars.AppResponse,
		AppReturn_Code: flowVars.AppReturn_Code,
        Member_Records:{}
	} 
}]]></dw:set-payload>
        </dw:transform-message>

        <set-payload value="#[message.payload]" mimeType="application/xml" doc:name="Set Payload"/>
    </flow>

<!--        <flow name="testFlow"> -->
<!--           <expression-component doc:name="Expression"> -->
<!--          <![CDATA[ -->
<!--           StringBuffer sb = new StringBuffer(); -->
<!--           flowVars.stBuffer=sb; -->
<!--            ]]> -->
<!--         </expression-component> -->
<!--          <foreach collection="#[xpath3('//ListMemberClaimInfo_BySubscriberIdResponse/Member_Records/Member_Information/Member_Key', message.payload, 'NODESET')]" doc:name="For Each"> -->
<!--              <mulexml:dom-to-xml-transformer doc:name="DOM to XML"/> -->
<!--             <db:select config-ref="Generic_Database_Configuration-Core" doc:name="Database"> -->
<!--                 <db:parameterized-query><![CDATA[SELECT COUNT(1) AS CLAIM_COUNT,CLAIM_ID = CASE WHEN COUNT(1) > 0 THEN 'Y' ELSE 'N' END FROM uhofdv02..CMC_CLCL_CLAIM -->
<!-- WHERE MEME_CK IN(32551)]]></db:parameterized-query> -->
<!--             </db:select> -->
<!--               <set-payload value="#[flowVars.stBuffer.append(message.payload).toString()]" doc:name="Set Payload"/> -->
<!--          </foreach> -->
<!--          <set-payload value="#[flowVars.stBuffer]" doc:name="Set Payload" mimeType="application/xml"/> -->
<!--          <mulexml:dom-to-xml-transformer doc:name="DOM to XML"/> -->

<!--      </flow>     -->
</mule>
